bldg_name,district,sq_ft,price
"IFC, Two",CENTRAL,"IFC, Two
CENTRAL
Rental: HKD 20,399,340 / 130 p.s.f.
Size: 156,918 s.f.
Fully Fitted, Sea View
Prop.#: 90471","20,399,340"
Three Garden Road - Champion Tower,CENTRAL,"Three Garden Road - Champion Tower
CENTRAL
Rental: HKD 3,116,151 / 93 p.s.f.
Size: 33,507 s.f.
Bare Shell, High Floor, Open View
Prop.#: 84277","3,116,151"
"IFC, One",CENTRAL,"IFC, One
CENTRAL
Rental: HKD 2,963,800 / 140 p.s.f.
Size: 21,170 s.f.
Mid Floor
Prop.#: 82360","2,963,800"
"IFC, One",CENTRAL,"IFC, One
CENTRAL
Rental: HKD 2,963,800 / 140 p.s.f.
Size: 21,170 s.f.
High Floor
Prop.#: 91375","2,963,800"
International Commerce Centre (ICC),TSIM SHA TSUI,"International Commerce Centre (ICC)
TSIM SHA TSUI
Rental: HKD 2,880,810 / 90 p.s.f.
Size: 32,009 s.f.
Fully Fitted, High Floor, Sea View
Prop.#: 41440","2,880,810"
International Commerce Centre (ICC),TSIM SHA TSUI,"International Commerce Centre (ICC)
TSIM SHA TSUI
Rental: HKD 2,875,770 / 90 p.s.f.
Size: 31,953 s.f.
Fully Fitted, High Floor, Sea View
Prop.#: 40199","2,875,770"
Cheung Kong Center,CENTRAL,"Cheung Kong Center
CENTRAL
Rental: HKD 2,860,780 / 130 p.s.f.
Size: 22,006 s.f.
Bare Shell, High Floor, Sea View
Prop.#: 58787","2,860,780"
Cheung Kong Center,CENTRAL,"Cheung Kong Center
CENTRAL
Rental: HKD 2,827,305 / 135 p.s.f.
Size: 20,943 s.f.
Bare Shell, Mid Floor, Sea View
Prop.#: 55197","2,827,305"
Cheung Kong Center,CENTRAL,"Cheung Kong Center
CENTRAL
Rental: HKD 2,827,305 / 135 p.s.f.
Size: 20,943 s.f.
Mid Floor
Prop.#: 53104","2,827,305"
Cheung Kong Center,CENTRAL,"Cheung Kong Center
CENTRAL
Rental: HKD 2,827,305 / 135 p.s.f.
Size: 20,943 s.f.
Bare Shell, Mid Floor
Prop.#: 53105","2,827,305"
Cheung Kong Center,CENTRAL,"Cheung Kong Center
CENTRAL
Rental: HKD 2,827,305 / 135 p.s.f.
Size: 20,943 s.f.
Bare Shell, Mid Floor
Prop.#: 53106","2,827,305"
Cheung Kong Center,CENTRAL,"Cheung Kong Center
CENTRAL
Rental: HKD 2,827,305 / 135 p.s.f.
Size: 20,943 s.f.
Mid Floor
Prop.#: 53107","2,827,305"
Cheung Kong Center,CENTRAL,"Cheung Kong Center
CENTRAL
Rental: HKD 2,568,625 / 125 p.s.f.
Size: 20,549 s.f.
Bare Shell, Mid Floor, Partial Seaview
Prop.#: 55056","2,568,625"
Cheung Kong Center,CENTRAL,"Cheung Kong Center
CENTRAL
Rental: HKD 2,519,625 / 125 p.s.f.
Size: 20,157 s.f.
Bare Shell, Mid Floor, Partial Seaview
Prop.#: 76655","2,519,625"
Cheung Kong Center,CENTRAL,"Cheung Kong Center
CENTRAL
Rental: HKD 2,215,950 / 150 p.s.f.
Size: 14,773 s.f.
Fully Fitted, High Floor, Sea View
Prop.#: 70333","2,215,950"
Cheung Kong Center II,CENTRAL,"Cheung Kong Center II
CENTRAL
Rental: HKD 1,903,000 / 110 p.s.f.
Size: 17,300 s.f.
Bare Shell, Mid Floor
Prop.#: 86513","1,903,000"
Cheung Kong Center II,CENTRAL,"Cheung Kong Center II
CENTRAL
Rental: HKD 1,897,940 / 110 p.s.f.
Size: 17,254 s.f.
Bare Shell, Mid Floor
Prop.#: 86518","1,897,940"
Fairmont House,CENTRAL,"Fairmont House
CENTRAL
Rental: HKD 1,800,088 / 79 p.s.f.
Price: HKD 650.0M / 28,558 p.s.f.
Size: 22,760 s.f.
Bare Shell, Low Floor, City View
Prop.#: 81356","1,800,088"
Three Garden Road - Champion Tower,CENTRAL,"Three Garden Road - Champion Tower
CENTRAL
Rental: HKD 1,628,895 / 93 p.s.f.
Size: 17,515 s.f.
Bare Shell, Partial Seaview
Prop.#: 66109","1,628,895"
"Nathan Road, 352",JORDAN,"Nathan Road, 352
JORDAN
Rental: HKD 1,617,300 / 100 p.s.f.
Size: 16,173 s.f.
Bare Shell, Low Floor
Prop.#: 91788","1,617,300"
International Commerce Centre (ICC),TSIM SHA TSUI,"International Commerce Centre (ICC)
TSIM SHA TSUI
Rental: HKD 1,584,300 / 75 p.s.f.
Size: 21,124 s.f.
Bare Shell, Mid Floor
Prop.#: 88978","1,584,300"
Three Garden Road - ICBC Tower,CENTRAL,"Three Garden Road - ICBC Tower
CENTRAL
Rental: HKD 1,551,147 / 93 p.s.f.
Size: 16,679 s.f.
Fully Fitted, High Floor, Partial Seaview
Prop.#: 49856","1,551,147"
Euro Trade Centre,CENTRAL,"Euro Trade Centre
CENTRAL
Rental: HKD 1,499,919 / 56 p.s.f.
Size: 26,727 s.f.
Low Floor
Prop.#: 90892","1,499,919"
Three Garden Road - ICBC Tower,CENTRAL,"Three Garden Road - ICBC Tower
CENTRAL
Rental: HKD 1,487,256 / 93 p.s.f.
Size: 15,992 s.f.
Bare Shell, Mid Floor, Partial Seaview
Prop.#: 66105","1,487,256"
Chinachem Golden Plaza,TSIM SHA TSUI,"Chinachem Golden Plaza
TSIM SHA TSUI
Rental: HKD 1,444,800 / 35 p.s.f.
Size: 41,280 s.f.
Bare Shell, High Floor, City View
Prop.#: 88059","1,444,800"
International Commerce Centre (ICC),TSIM SHA TSUI,"International Commerce Centre (ICC)
TSIM SHA TSUI
Rental: HKD 1,438,514 / 77 p.s.f.
Size: 18,682 s.f.
Bare Shell, High Floor, Sea View
Prop.#: 91792","1,438,514"
Cheung Kong Center,CENTRAL,"Cheung Kong Center
CENTRAL
Rental: HKD 1,385,100 / 150 p.s.f.
Size: 9,234 s.f.
Fully Fitted, High Floor, Partial Seaview
Prop.#: 61773","1,385,100"
Cheung Kong Center,CENTRAL,"Cheung Kong Center
CENTRAL
Rental: HKD 1,383,250 / 125 p.s.f.
Size: 11,066 s.f.
Prop.#: 86228","1,383,250"
Cheung Kong Center,CENTRAL,"Cheung Kong Center
CENTRAL
Rental: HKD 1,365,650 / 130 p.s.f.
Size: 10,505 s.f.
Bare Shell, High Floor, Sea View
Prop.#: 89805","1,365,650"
Cheung Kong Center,CENTRAL,"Cheung Kong Center
CENTRAL
Rental: HKD 1,301,040 / 130 p.s.f.
Size: 10,008 s.f.
Bare Shell, Mid Floor, City View
Prop.#: 84395","1,301,040"
United Centre,ADMIRALTY,"United Centre
ADMIRALTY
Rental: HKD 1,256,400 / 40 p.s.f.
Price: HKD 800.0M / 25,469 p.s.f.
Size: 31,410 s.f.
Fully Fitted, Low Floor, City View
Prop.#: 81541","1,256,400"
Cheung Kong Center,CENTRAL,"Cheung Kong Center
CENTRAL
Rental: HKD 1,184,125 / 125 p.s.f.
Size: 9,473 s.f.
Bare Shell, Mid Floor
Prop.#: 22871","1,184,125"
Kerry Centre,NORTH POINT,"Kerry Centre
NORTH POINT
Rental: HKD 1,161,336 / 33 p.s.f.
Size: 35,192 s.f.
Fully Fitted, High Floor
Prop.#: 70985","1,161,336"
China Resources Building,WAN CHAI,"China Resources Building
WAN CHAI
Rental: HKD 1,147,410 / 55 p.s.f.
Size: 20,862 s.f.
Partially Fitted, High Floor, Sea View
Prop.#: 91861","1,147,410"
Cosco Tower,SHEUNG WAN,"Cosco Tower
SHEUNG WAN
Rental: HKD 1,141,250 / 55 p.s.f.
Size: 20,750 s.f.
Bare Shell, High Floor, Sea View
Prop.#: 19652","1,141,250"
Cheung Kong Center,CENTRAL,"Cheung Kong Center
CENTRAL
Rental: HKD 1,136,375 / 125 p.s.f.
Size: 9,091 s.f.
Prop.#: 86229","1,136,375"
Cheung Kong Center,CENTRAL,"Cheung Kong Center
CENTRAL
Rental: HKD 1,133,125 / 125 p.s.f.
Size: 9,065 s.f.
Fully Fitted, Low Floor, Open View
Prop.#: 15174","1,133,125"
International Commerce Centre (ICC),TSIM SHA TSUI,"International Commerce Centre (ICC)
TSIM SHA TSUI
Rental: HKD 1,099,200 / 75 p.s.f.
Size: 14,656 s.f.
Bare Shell, Low Floor
Prop.#: 84815","1,099,200"
Cheung Kong Center,CENTRAL,"Cheung Kong Center
CENTRAL
Rental: HKD 1,088,500 / 125 p.s.f.
Size: 8,708 s.f.
Mid Floor
Prop.#: 76656","1,088,500"
Central Plaza,WAN CHAI,"Central Plaza
WAN CHAI
Rental: HKD 1,059,300 / 55 p.s.f.
Size: 19,260 s.f.
Bare Shell, Mid Floor
Prop.#: 91578","1,059,300"
Central Crossing,CENTRAL,"Central Crossing
CENTRAL
Rental: HKD 1,055,700 / 100 p.s.f.
Size: 10,557 s.f.
High Floor
Prop.#: 91984","1,055,700"
Central Crossing,CENTRAL,"Central Crossing
CENTRAL
Rental: HKD 1,055,700 / 100 p.s.f.
Size: 10,557 s.f.
High Floor
Prop.#: 91985","1,055,700"
Central Crossing,CENTRAL,"Central Crossing
CENTRAL
Rental: HKD 1,055,700 / 100 p.s.f.
Size: 10,557 s.f.
High Floor
Prop.#: 91986","1,055,700"
Central Crossing,CENTRAL,"Central Crossing
CENTRAL
Rental: HKD 1,055,700 / 100 p.s.f.
Size: 10,557 s.f.
High Floor
Prop.#: 91987","1,055,700"
Central Crossing,CENTRAL,"Central Crossing
CENTRAL
Rental: HKD 1,055,700 / 100 p.s.f.
Size: 10,557 s.f.
High Floor
Prop.#: 91988","1,055,700"
Fairmont House,CENTRAL,"Fairmont House
CENTRAL
Rental: HKD 1,037,582 / 79 p.s.f.
Price: HKD 374.7M / 28,558 p.s.f.
Size: 13,119 s.f.
Bare Shell, Low Floor, City View
Prop.#: 18000","1,037,582"
CITIC Tower,ADMIRALTY,"CITIC Tower
ADMIRALTY
Rental: HKD 1,035,580 / 70 p.s.f.
Size: 14,794 s.f.
Mid Floor
Prop.#: 92081","1,035,580"
Man Yee Building,CENTRAL,"Man Yee Building
CENTRAL
Rental: HKD 1,033,380 / 90 p.s.f.
Size: 11,482 s.f.
Bare Shell, Mid Floor, Partial Seaview
Prop.#: 40168","1,033,380"
Peninsula Centre,TSIM SHA TSUI,"Peninsula Centre
TSIM SHA TSUI
Rental: HKD 1,030,607 / 23 p.s.f.
Price: HKD 806.6M / 18,000 p.s.f.
Size: 44,809 s.f.
Partially Fitted, Low Floor
Prop.#: 67395","1,030,607"
"IFC, Two",CENTRAL,"IFC, Two
CENTRAL
Rental: HKD 1,028,580 / 140 p.s.f.
Size: 7,347 s.f.
Bare Shell, Low Floor, Sea View
Prop.#: 72632","1,028,580"
Mall Plus,WAN CHAI,"Mall Plus
WAN CHAI
Rental: HKD 990,034 / 59 p.s.f.
Size: 16,823 s.f.
Bare Shell, Low Floor, City View
Prop.#: 79860","990,034"
Lee Garden Three,CAUSEWAY BAY,"Lee Garden Three
CAUSEWAY BAY
Rental: HKD 983,564 / 58 p.s.f.
Size: 16,958 s.f.
Fully Fitted, Mid Floor, City View
Prop.#: 76421","983,564"
The Center,CENTRAL,"The Center
CENTRAL
Rental: HKD 969,020 / 65 p.s.f.
Size: 14,908 s.f.
Fully Fitted, City View
Prop.#: 73407","969,020"
"Nathan Road, 352",JORDAN,"Nathan Road, 352
JORDAN
Rental: HKD 965,500 / 100 p.s.f.
Size: 9,655 s.f.
Bare Shell, Low Floor
Prop.#: 91789","965,500"
"Queen's Road Central, 9",CENTRAL,"Queen's Road Central, 9
CENTRAL
Rental: HKD 963,830 / 70 p.s.f.
Price: HKD 495.7M / 36,000 p.s.f.
Size: 13,769 s.f.
Fully Fitted, Mid Floor, Sea View
Prop.#: 15437","963,830"
"IFC, Two",CENTRAL,"IFC, Two
CENTRAL
Rental: HKD 955,110 / 130 p.s.f.
Size: 7,347 s.f.
Mid Floor
Prop.#: 92055","955,110"
"IFC, One",CENTRAL,"IFC, One
CENTRAL
Rental: HKD 949,900 / 140 p.s.f.
Size: 6,785 s.f.
Fully Fitted, High Floor, Partial Seaview
Prop.#: 91374","949,900"
Cheung Kong Center II,CENTRAL,"Cheung Kong Center II
CENTRAL
Rental: HKD 948,970 / 110 p.s.f.
Size: 8,627 s.f.
High Floor
Prop.#: 91941","948,970"
Cheung Kong Center II,CENTRAL,"Cheung Kong Center II
CENTRAL
Rental: HKD 948,970 / 110 p.s.f.
Size: 8,627 s.f.
High Floor
Prop.#: 91940","948,970"
Cheung Kong Center II,CENTRAL,"Cheung Kong Center II
CENTRAL
Rental: HKD 948,970 / 110 p.s.f.
Size: 8,627 s.f.
Low Floor
Prop.#: 91937","948,970"
Cheung Kong Center II,CENTRAL,"Cheung Kong Center II
CENTRAL
Rental: HKD 948,970 / 110 p.s.f.
Size: 8,627 s.f.
Mid Floor
Prop.#: 91687","948,970"
Three Garden Road - Champion Tower,CENTRAL,"Three Garden Road - Champion Tower
CENTRAL
Rental: HKD 931,023 / 93 p.s.f.
Size: 10,011 s.f.
Fully Fitted, Mid Floor, City View
Prop.#: 66933","931,023"
V Heun Building,CENTRAL,"V Heun Building
CENTRAL
Rental: HKD 913,320 / 40 p.s.f.
Price: HKD 342.5M / 15,000 p.s.f.
Size: 22,833 s.f.
Low Floor, City View
Prop.#: 45226","913,320"
K11 Atelier King's Road,QUARRY BAY,"K11 Atelier King's Road
QUARRY BAY
Rental: HKD 908,550 / 45 p.s.f.
Size: 20,190 s.f.
Fully Fitted, Mid Floor
Prop.#: 91710","908,550"
Lippo Centre - Tower 1,ADMIRALTY,"Lippo Centre - Tower 1
ADMIRALTY
Rental: HKD 902,500 / 50 p.s.f.
Size: 18,050 s.f.
Fully Fitted, Sea View
Prop.#: 30725","902,500"
Peninsula Centre,TSIM SHA TSUI,"Peninsula Centre
TSIM SHA TSUI
Rental: HKD 879,840 / 18 p.s.f.
Price: HKD 420.0M / 8,750 p.s.f.
Size: 48,000 s.f.
Fully Fitted, Low Floor, City View
Prop.#: 39172","879,840"
Central Crossing,CENTRAL,"Central Crossing
CENTRAL
Rental: HKD 876,231 / 83 p.s.f.
Size: 10,557 s.f.
High Floor
Prop.#: 91983","876,231"
One Peking,TSIM SHA TSUI,"One Peking
TSIM SHA TSUI
Rental: HKD 871,500 / 70 p.s.f.
Size: 12,450 s.f.
Bare Shell, Mid Floor, Sea View
Prop.#: 70889","871,500"
"Grand Plaza Office Tower, One",MONG KOK / TAI KOK TSUI,"Grand Plaza Office Tower, One
MONG KOK / TAI KOK TSUI
Rental: HKD 871,100 / 50 p.s.f.
Size: 17,422 s.f.
Bare Shell, Mid Floor, City View
Prop.#: 91749","871,100"
Central Crossing,CENTRAL,"Central Crossing
CENTRAL
Rental: HKD 865,674 / 82 p.s.f.
Size: 10,557 s.f.
High Floor
Prop.#: 91981","865,674"
Central Crossing,CENTRAL,"Central Crossing
CENTRAL
Rental: HKD 865,674 / 82 p.s.f.
Size: 10,557 s.f.
High Floor
Prop.#: 91982","865,674"
Man Yee Building,CENTRAL,"Man Yee Building
CENTRAL
Rental: HKD 863,645 / 95 p.s.f.
Size: 9,091 s.f.
Fully Fitted, High Floor, Sea View
Prop.#: 11149","863,645"
Times Square - Tower 2,CAUSEWAY BAY,"Times Square - Tower 2
CAUSEWAY BAY
Rental: HKD 857,296 / 44 p.s.f.
Size: 19,484 s.f.
Bare Shell, Mid Floor, City View
Prop.#: 30641","857,296"
Times Square - Tower 1,CAUSEWAY BAY,"Times Square - Tower 1
CAUSEWAY BAY
Rental: HKD 846,867 / 49 p.s.f.
Size: 17,283 s.f.
Fully Fitted, High Floor, Sea View
Prop.#: 305","846,867"
Central Crossing,CENTRAL,"Central Crossing
CENTRAL
Rental: HKD 844,560 / 80 p.s.f.
Size: 10,557 s.f.
High Floor
Prop.#: 91979","844,560"
Central Crossing,CENTRAL,"Central Crossing
CENTRAL
Rental: HKD 844,560 / 80 p.s.f.
Size: 10,557 s.f.
High Floor
Prop.#: 91980","844,560"
Two Harbour Square,KWUN TONG,"Two Harbour Square
KWUN TONG
Rental: HKD 832,580 / 28 p.s.f.
Size: 29,735 s.f.
Fully Fitted, High Floor, Sea View
Prop.#: 74286","832,580"
Central Crossing,CENTRAL,"Central Crossing
CENTRAL
Rental: HKD 823,446 / 78 p.s.f.
Size: 10,557 s.f.
Mid Floor
Prop.#: 91978","823,446"
"Harbourfront, Two",HUNG HOM / TO KWA WAN,"Harbourfront, Two
HUNG HOM / TO KWA WAN
Rental: HKD 816,156 / 36 p.s.f.
Size: 22,671 s.f.
Fully Fitted, High Floor
Prop.#: 9694","816,156"
Central Crossing,CENTRAL,"Central Crossing
CENTRAL
Rental: HKD 791,775 / 75 p.s.f.
Size: 10,557 s.f.
Mid Floor
Prop.#: 91976","791,775"
Central Crossing,CENTRAL,"Central Crossing
CENTRAL
Rental: HKD 791,775 / 75 p.s.f.
Size: 10,557 s.f.
Mid Floor
Prop.#: 91977","791,775"
International Commerce Centre (ICC),TSIM SHA TSUI,"International Commerce Centre (ICC)
TSIM SHA TSUI
Rental: HKD 788,736 / 78 p.s.f.
Size: 10,112 s.f.
Fully Fitted, High Floor
Prop.#: 86826","788,736"
Kingston International Centre,KOWLOON BAY,"Kingston International Centre
KOWLOON BAY
Rental: HKD 772,824 / 26 p.s.f.
Size: 29,724 s.f.
Bare Shell, High Floor, Partial Seaview
Prop.#: 77329","772,824"
Cosco Tower,SHEUNG WAN,"Cosco Tower
SHEUNG WAN
Rental: HKD 766,703 / 49 p.s.f.
Size: 15,647 s.f.
Fully Fitted, Mid Floor, Sea View
Prop.#: 89149","766,703"
Central Plaza,WAN CHAI,"Central Plaza
WAN CHAI
Rental: HKD 764,390 / 55 p.s.f.
Size: 13,898 s.f.
Fully Fitted, Mid Floor, Sea View
Prop.#: 62141","764,390"
Nexxus Building,CENTRAL,"Nexxus Building
CENTRAL
Rental: HKD 762,525 / 75 p.s.f.
Size: 10,167 s.f.
Fully Fitted, High Floor
Prop.#: 67817","762,525"
Fairmont House,CENTRAL,"Fairmont House
CENTRAL
Rental: HKD 762,507 / 79 p.s.f.
Price: HKD 275.3M / 28,558 p.s.f.
Size: 9,641 s.f.
Bare Shell, Low Floor, City View
Prop.#: 17999","762,507"
China Resources Building,WAN CHAI,"China Resources Building
WAN CHAI
Rental: HKD 762,300 / 55 p.s.f.
Size: 13,860 s.f.
Fully Fitted, High Floor, Sea View
Prop.#: 91289","762,300"
"Peninsula Office Tower, The",TSIM SHA TSUI,"Peninsula Office Tower, The
TSIM SHA TSUI
Rental: HKD 762,280 / 68 p.s.f.
Size: 11,210 s.f.
Fully Fitted, High Floor, Sea View
Prop.#: 9999","762,280"
"Peninsula Office Tower, The",TSIM SHA TSUI,"Peninsula Office Tower, The
TSIM SHA TSUI
Rental: HKD 762,280 / 68 p.s.f.
Size: 11,210 s.f.
Fully Fitted, High Floor, Sea View
Prop.#: 5896","762,280"
Central Crossing,CENTRAL,"Central Crossing
CENTRAL
Rental: HKD 760,104 / 72 p.s.f.
Size: 10,557 s.f.
Mid Floor
Prop.#: 91974","760,104"
Central Crossing,CENTRAL,"Central Crossing
CENTRAL
Rental: HKD 760,104 / 72 p.s.f.
Size: 10,557 s.f.
Mid Floor
Prop.#: 91975","760,104"
Hopewell Centre,WAN CHAI,"Hopewell Centre
WAN CHAI
Rental: HKD 758,688 / 48 p.s.f.
Size: 15,806 s.f.
Fully Fitted, High Floor, Sea View
Prop.#: 64218","758,688"
Central Crossing,CENTRAL,"Central Crossing
CENTRAL
Rental: HKD 738,990 / 70 p.s.f.
Size: 10,557 s.f.
Mid Floor
Prop.#: 91973","738,990"
Harcourt House,WAN CHAI,"Harcourt House
WAN CHAI
Rental: HKD 736,890 / 42 p.s.f.
Size: 17,545 s.f.
Bare Shell, Mid Floor, Sea View
Prop.#: 73497","736,890"
"Peninsula Office Tower, The",TSIM SHA TSUI,"Peninsula Office Tower, The
TSIM SHA TSUI
Rental: HKD 728,650 / 65 p.s.f.
Size: 11,210 s.f.
Bare Shell, Mid Floor, Sea View
Prop.#: 46659","728,650"
Central Crossing,CENTRAL,"Central Crossing
CENTRAL
Rental: HKD 711,130 / 70 p.s.f.
Size: 10,159 s.f.
Mid Floor
Prop.#: 91972","711,130"
Central Tower,CENTRAL,"Central Tower
CENTRAL
Rental: HKD 710,820 / 90 p.s.f.
Size: 7,898 s.f.
Fully Fitted, High Floor, Open View
Prop.#: 2805","710,820"
Cosco Tower,SHEUNG WAN,"Cosco Tower
SHEUNG WAN
Rental: HKD 710,820 / 36 p.s.f.
Size: 19,745 s.f.
Bare Shell, Mid Floor, Partial Seaview
Prop.#: 39496","710,820"
Harcourt House,WAN CHAI,"Harcourt House
WAN CHAI
Rental: HKD 705,894 / 42 p.s.f.
Size: 16,807 s.f.
Bare Shell, Mid Floor, Sea View
Prop.#: 73498","705,894"
Central Plaza,WAN CHAI,"Central Plaza
WAN CHAI
Rental: HKD 703,820 / 52 p.s.f.
Size: 13,535 s.f.
Bare Shell, Low Floor, City View
Prop.#: 74741","703,820"
Tower 535,CAUSEWAY BAY,"Tower 535
CAUSEWAY BAY
Rental: HKD 702,720 / 60 p.s.f.
Size: 11,712 s.f.
Fully Fitted, Mid Floor, Sea View
Prop.#: 68403","702,720"
Punfet Building,MONG KOK / TAI KOK TSUI,"Punfet Building
MONG KOK / TAI KOK TSUI
Rental: HKD 699,197 / 69 p.s.f.
Size: 10,148 s.f.
Bare Shell, City View
Prop.#: 91715","699,197"
Peninsula Centre,TSIM SHA TSUI,"Peninsula Centre
TSIM SHA TSUI
Rental: HKD 693,680 / 23 p.s.f.
Size: 30,160 s.f.
Bare Shell, Low Floor
Prop.#: 82543","693,680"
Central Crossing,CENTRAL,"Central Crossing
CENTRAL
Rental: HKD 688,935 / 65 p.s.f.
Size: 10,599 s.f.
Mid Floor
Prop.#: 91971","688,935"
Central Crossing,CENTRAL,"Central Crossing
CENTRAL
Rental: HKD 688,935 / 65 p.s.f.
Size: 10,599 s.f.
Mid Floor
Prop.#: 91970","688,935"
Central Crossing,CENTRAL,"Central Crossing
CENTRAL
Rental: HKD 688,935 / 65 p.s.f.
Size: 10,599 s.f.
Mid Floor
Prop.#: 91969","688,935"
Central Crossing,CENTRAL,"Central Crossing
CENTRAL
Rental: HKD 688,935 / 65 p.s.f.
Size: 10,599 s.f.
Mid Floor
Prop.#: 91968","688,935"
Central Crossing,CENTRAL,"Central Crossing
CENTRAL
Rental: HKD 688,935 / 65 p.s.f.
Size: 10,599 s.f.
Low Floor
Prop.#: 91967","688,935"
Three Garden Road - Champion Tower,CENTRAL,"Three Garden Road - Champion Tower
CENTRAL
Rental: HKD 682,527 / 93 p.s.f.
Size: 7,339 s.f.
Fully Fitted, Low Floor, City View
Prop.#: 8190","682,527"
Millennium City 1 - Tower 01,KWUN TONG,"Millennium City 1 - Tower 01
KWUN TONG
Rental: HKD 680,850 / 34 p.s.f.
Size: 20,025 s.f.
Fully Fitted, High Floor
Prop.#: 27936","680,850"
Millennium City 1 - Tower 01,KWUN TONG,"Millennium City 1 - Tower 01
KWUN TONG
Rental: HKD 680,850 / 34 p.s.f.
Size: 20,025 s.f.
High Floor
Prop.#: 37328","680,850"
Millennium City 1 - Tower 01,KWUN TONG,"Millennium City 1 - Tower 01
KWUN TONG
Rental: HKD 680,850 / 34 p.s.f.
Size: 20,025 s.f.
Fully Fitted, High Floor, Sea View
Prop.#: 41163","680,850"
China Hong Kong City - Tower 6,TSIM SHA TSUI,"China Hong Kong City - Tower 6
TSIM SHA TSUI
Rental: HKD 678,840 / 30 p.s.f.
Size: 22,628 s.f.
Fully Fitted, High Floor, Park View
Prop.#: 87478","678,840"
Hopewell Centre,WAN CHAI,"Hopewell Centre
WAN CHAI
Rental: HKD 675,200 / 100 p.s.f.
Size: 6,752 s.f.
Fully Fitted, Low Floor
Prop.#: 92119","675,200"
New World Tower 1,CENTRAL,"New World Tower 1
CENTRAL
Rental: HKD 667,550 / 65 p.s.f.
Size: 10,270 s.f.
Fully Fitted, High Floor, City View
Prop.#: 89194","667,550"
Central Crossing,CENTRAL,"Central Crossing
CENTRAL
Rental: HKD 657,138 / 62 p.s.f.
Size: 10,599 s.f.
Low Floor
Prop.#: 91966","657,138"
Central Crossing,CENTRAL,"Central Crossing
CENTRAL
Rental: HKD 657,138 / 62 p.s.f.
Size: 10,599 s.f.
Low Floor
Prop.#: 91965","657,138"
One Island South,WONG CHUK HANG,"One Island South
WONG CHUK HANG
Rental: HKD 656,656 / 22 p.s.f.
Price: HKD 746.2M / 25,000 p.s.f.
Size: 29,848 s.f.
Bare Shell, Mid Floor, Open View
Prop.#: 55949","656,656"
Hopewell Centre,WAN CHAI,"Hopewell Centre
WAN CHAI
Rental: HKD 655,836 / 43 p.s.f.
Size: 15,252 s.f.
Fully Fitted, Mid Floor, City View
Prop.#: 31599","655,836"
Hopewell Centre,WAN CHAI,"Hopewell Centre
WAN CHAI
Rental: HKD 655,836 / 43 p.s.f.
Size: 15,252 s.f.
Fully Fitted, City View
Prop.#: 76615","655,836"
Hopewell Centre,WAN CHAI,"Hopewell Centre
WAN CHAI
Rental: HKD 655,836 / 43 p.s.f.
Size: 15,252 s.f.
Bare Shell, Low Floor, City View
Prop.#: 76616","655,836"
Central Plaza,WAN CHAI,"Central Plaza
WAN CHAI
Rental: HKD 654,976 / 64 p.s.f.
Size: 10,234 s.f.
Bare Shell, High Floor, Sea View
Prop.#: 60407","654,976"
Kingston International Centre,KOWLOON BAY,"Kingston International Centre
KOWLOON BAY
Rental: HKD 654,626 / 23 p.s.f.
Size: 28,462 s.f.
Bare Shell, Low Floor, Partial Seaview
Prop.#: 77323","654,626"
Wu Chung House,WAN CHAI,"Wu Chung House
WAN CHAI
Rental: HKD 654,540 / 30 p.s.f.
Size: 21,818 s.f.
Fully Fitted, High Floor, City View
Prop.#: 88307","654,540"
Hopewell Centre,WAN CHAI,"Hopewell Centre
WAN CHAI
Rental: HKD 652,826 / 43 p.s.f.
Size: 15,182 s.f.
Bare Shell, Low Floor, City View
Prop.#: 76617","652,826"
"Nathan Road, 352",JORDAN,"Nathan Road, 352
JORDAN
Rental: HKD 648,128 / 38 p.s.f.
Size: 17,056 s.f.
Low Floor
Prop.#: 91786","648,128"
"Nathan Road, 352",JORDAN,"Nathan Road, 352
JORDAN
Rental: HKD 648,128 / 38 p.s.f.
Size: 17,056 s.f.
High Floor
Prop.#: 91784","648,128"
"Nathan Road, 352",JORDAN,"Nathan Road, 352
JORDAN
Rental: HKD 648,128 / 38 p.s.f.
Size: 17,056 s.f.
High Floor
Prop.#: 91783","648,128"
"Nathan Road, 352",JORDAN,"Nathan Road, 352
JORDAN
Rental: HKD 648,128 / 38 p.s.f.
Size: 17,056 s.f.
High Floor
Prop.#: 91782","648,128"
International Commerce Centre (ICC),TSIM SHA TSUI,"International Commerce Centre (ICC)
TSIM SHA TSUI
Rental: HKD 646,275 / 75 p.s.f.
Size: 8,617 s.f.
Fully Fitted, Low Floor
Prop.#: 57910","646,275"
Central Crossing,CENTRAL,"Central Crossing
CENTRAL
Rental: HKD 635,940 / 60 p.s.f.
Size: 10,599 s.f.
Low Floor
Prop.#: 91964","635,940"
Central Crossing,CENTRAL,"Central Crossing
CENTRAL
Rental: HKD 635,940 / 60 p.s.f.
Size: 10,599 s.f.
Low Floor
Prop.#: 91963","635,940"
Central Crossing,CENTRAL,"Central Crossing
CENTRAL
Rental: HKD 635,940 / 60 p.s.f.
Size: 10,599 s.f.
Low Floor
Prop.#: 91962","635,940"
China Taiping Finance Centre,NORTH POINT,"China Taiping Finance Centre
NORTH POINT
Rental: HKD 631,098 / 62 p.s.f.
Size: 10,179 s.f.
Low Floor
Prop.#: 92125","631,098"
Cheung Kong Center,CENTRAL,"Cheung Kong Center
CENTRAL
Rental: HKD 628,935 / 115 p.s.f.
Size: 5,469 s.f.
Bare Shell, Low Floor, Sea View
Prop.#: 74755","628,935"
Cheung Kong Center,CENTRAL,"Cheung Kong Center
CENTRAL
Rental: HKD 627,120 / 120 p.s.f.
Size: 5,226 s.f.
Fully Fitted, Mid Floor, Partial Seaview
Prop.#: 60562","627,120"
Kingston International Centre,KOWLOON BAY,"Kingston International Centre
KOWLOON BAY
Rental: HKD 626,164 / 22 p.s.f.
Size: 28,462 s.f.
Bare Shell, Mid Floor, Partial Seaview
Prop.#: 77322","626,164"
Cheung Kong Center,CENTRAL,"Cheung Kong Center
CENTRAL
Rental: HKD 626,080 / 130 p.s.f.
Size: 4,816 s.f.
Bare Shell, Partial Seaview
Prop.#: 89578","626,080"
"Nathan Road, 352",JORDAN,"Nathan Road, 352
JORDAN
Rental: HKD 625,176 / 38 p.s.f.
Size: 16,452 s.f.
Mid Floor
Prop.#: 91785","625,176"
Mira Place Tower A (Miramar Tower),TSIM SHA TSUI,"Mira Place Tower A (Miramar Tower)
TSIM SHA TSUI
Rental: HKD 623,917 / 49 p.s.f.
Size: 12,733 s.f.
Fully Fitted, High Floor, Partial Seaview
Prop.#: 84404","623,917"
Plaza 2000,CAUSEWAY BAY,"Plaza 2000
CAUSEWAY BAY
Rental: HKD 620,352 / 216 p.s.f.
Size: 2,872 s.f.
Fully Fitted, Low Floor
Prop.#: 4227","620,352"
Central Plaza,WAN CHAI,"Central Plaza
WAN CHAI
Rental: HKD 620,144 / 56 p.s.f.
Size: 11,074 s.f.
Fully Fitted, Mid Floor, Sea View
Prop.#: 70328","620,144"
China Building,CENTRAL,"China Building
CENTRAL
Rental: HKD 613,535 / 65 p.s.f.
Size: 9,439 s.f.
Low Floor
Prop.#: 59688","613,535"
"Nathan Road, 352",JORDAN,"Nathan Road, 352
JORDAN
Rental: HKD 609,672 / 38 p.s.f.
Size: 16,044 s.f.
High Floor
Prop.#: 91781","609,672"
Agricultural Bank Of China Tower,CENTRAL,"Agricultural Bank Of China Tower
CENTRAL
Rental: HKD 604,695 / 105 p.s.f.
Size: 5,759 s.f.
Fully Fitted, High Floor, Sea View
Prop.#: 59503","604,695"
Three Garden Road - ICBC Tower,CENTRAL,"Three Garden Road - ICBC Tower
CENTRAL
Rental: HKD 602,454 / 93 p.s.f.
Size: 6,478 s.f.
Bare Shell, High Floor, Partial Seaview
Prop.#: 91377","602,454"
Lippo Centre - Tower 1,ADMIRALTY,"Lippo Centre - Tower 1
ADMIRALTY
Rental: HKD 600,480 / 45 p.s.f.
Size: 13,344 s.f.
Fully Fitted, Mid Floor, City View
Prop.#: 27363","600,480"
"Nathan Road, 352",JORDAN,"Nathan Road, 352
JORDAN
Rental: HKD 599,526 / 38 p.s.f.
Size: 15,777 s.f.
Low Floor
Prop.#: 91787","599,526"
Millennium City 1 - Tower 01,KWUN TONG,"Millennium City 1 - Tower 01
KWUN TONG
Rental: HKD 596,936 / 29 p.s.f.
Size: 20,584 s.f.
Fully Fitted, Mid Floor
Prop.#: 80680","596,936"
Millennium City 1 - Tower 01,KWUN TONG,"Millennium City 1 - Tower 01
KWUN TONG
Rental: HKD 596,936 / 29 p.s.f.
Size: 20,584 s.f.
Fully Fitted, Mid Floor
Prop.#: 80681","596,936"
Millennium City 1 - Tower 01,KWUN TONG,"Millennium City 1 - Tower 01
KWUN TONG
Rental: HKD 596,936 / 29 p.s.f.
Size: 20,584 s.f.
Fully Fitted, Mid Floor
Prop.#: 90216","596,936"
Millennium City 1 - Tower 01,KWUN TONG,"Millennium City 1 - Tower 01
KWUN TONG
Rental: HKD 596,936 / 29 p.s.f.
Size: 20,584 s.f.
Fully Fitted, Mid Floor, City View
Prop.#: 51320","596,936"
Millennium City 1 - Tower 01,KWUN TONG,"Millennium City 1 - Tower 01
KWUN TONG
Rental: HKD 596,936 / 29 p.s.f.
Size: 20,584 s.f.
Fully Fitted, Mid Floor
Prop.#: 71130","596,936"
Capital Centre,WAN CHAI,"Capital Centre
WAN CHAI
Rental: HKD 596,892 / 32 p.s.f.
Price: HKD 300.0M / 15,887 p.s.f.
Size: 18,883 s.f.
Bare Shell, Low Floor
Prop.#: 84093","596,892"
Agricultural Bank Of China Tower,CENTRAL,"Agricultural Bank Of China Tower
CENTRAL
Rental: HKD 590,850 / 90 p.s.f.
Size: 6,565 s.f.
Bare Shell, Mid Floor, Partial Seaview
Prop.#: 54994","590,850"
The Center,CENTRAL,"The Center
CENTRAL
Rental: HKD 589,120 / 70 p.s.f.
Size: 8,416 s.f.
High Floor
Prop.#: 91208","589,120"
"Pacific Place, Six",WAN CHAI,"Pacific Place, Six
WAN CHAI
Rental: HKD 587,760 / 80 p.s.f.
Size: 7,347 s.f.
Bare Shell, High Floor, Open View
Prop.#: 87906","587,760"
"Pacific Place, Six",WAN CHAI,"Pacific Place, Six
WAN CHAI
Rental: HKD 587,760 / 80 p.s.f.
Size: 7,347 s.f.
Bare Shell, Mid Floor, Open View
Prop.#: 87908","587,760"
Cheung Kong Center II,CENTRAL,"Cheung Kong Center II
CENTRAL
Rental: HKD 579,480 / 110 p.s.f.
Size: 5,268 s.f.
Mid Floor
Prop.#: 91280","579,480"
Cheung Kong Center II,CENTRAL,"Cheung Kong Center II
CENTRAL
Rental: HKD 579,480 / 110 p.s.f.
Size: 5,268 s.f.
Mid Floor
Prop.#: 91686","579,480"
Cheung Kong Center II,CENTRAL,"Cheung Kong Center II
CENTRAL
Rental: HKD 579,480 / 110 p.s.f.
Size: 5,268 s.f.
Mid Floor
Prop.#: 91688","579,480"
Cheung Kong Center II,CENTRAL,"Cheung Kong Center II
CENTRAL
Rental: HKD 579,480 / 110 p.s.f.
Size: 5,268 s.f.
Mid Floor
Prop.#: 91689","579,480"
Cheung Kong Center II,CENTRAL,"Cheung Kong Center II
CENTRAL
Rental: HKD 579,480 / 110 p.s.f.
Size: 5,268 s.f.
Low Floor
Prop.#: 91690","579,480"
Cheung Kong Center II,CENTRAL,"Cheung Kong Center II
CENTRAL
Rental: HKD 579,480 / 110 p.s.f.
Size: 5,268 s.f.
Furnished, Mid Floor
Prop.#: 91938","579,480"
Cheung Kong Center II,CENTRAL,"Cheung Kong Center II
CENTRAL
Rental: HKD 579,480 / 110 p.s.f.
Size: 5,268 s.f.
High Floor
Prop.#: 91942","579,480"
"Pacific Place, Six",WAN CHAI,"Pacific Place, Six
WAN CHAI
Rental: HKD 573,000 / 75 p.s.f.
Size: 7,640 s.f.
Bare Shell, Low Floor, City View
Prop.#: 87918","573,000"
"Pacific Place, Six",WAN CHAI,"Pacific Place, Six
WAN CHAI
Rental: HKD 573,000 / 75 p.s.f.
Size: 7,640 s.f.
Bare Shell, Low Floor, City View
Prop.#: 87920","573,000"
Kingston International Centre,KOWLOON BAY,"Kingston International Centre
KOWLOON BAY
Rental: HKD 562,480 / 20 p.s.f.
Size: 28,124 s.f.
Bare Shell, Low Floor, City View
Prop.#: 77317","562,480"
Harcourt House,WAN CHAI,"Harcourt House
WAN CHAI
Rental: HKD 562,320 / 45 p.s.f.
Size: 12,496 s.f.
Bare Shell, High Floor, Sea View
Prop.#: 80911","562,320"
"Pacific Place, Six",WAN CHAI,"Pacific Place, Six
WAN CHAI
Rental: HKD 558,825 / 75 p.s.f.
Size: 7,451 s.f.
Bare Shell, Low Floor, City View
Prop.#: 87921","558,825"
Three Garden Road - Champion Tower,CENTRAL,"Three Garden Road - Champion Tower
CENTRAL
Rental: HKD 557,349 / 93 p.s.f.
Size: 5,993 s.f.
Fully Fitted, Low Floor, City View
Prop.#: 21584","557,349"
Grand Millennium Plaza,SHEUNG WAN,"Grand Millennium Plaza
SHEUNG WAN
Rental: HKD 556,236 / 36 p.s.f.
Price: HKD 309.0M / 20,000 p.s.f.
Size: 15,451 s.f.
Fully Fitted, High Floor, Partial Seaview
Prop.#: 50423","556,236"
"Pacific Place, Six",WAN CHAI,"Pacific Place, Six
WAN CHAI
Rental: HKD 551,025 / 75 p.s.f.
Size: 7,347 s.f.
Bare Shell, Low Floor, City View
Prop.#: 87919","551,025"
Kerry Centre,NORTH POINT,"Kerry Centre
NORTH POINT
Rental: HKD 550,770 / 33 p.s.f.
Size: 16,690 s.f.
Bare Shell, Low Floor
Prop.#: 53301","550,770"
Three Garden Road - ICBC Tower,CENTRAL,"Three Garden Road - ICBC Tower
CENTRAL
Rental: HKD 546,003 / 93 p.s.f.
Size: 5,871 s.f.
Bare Shell, High Floor, Park View
Prop.#: 85237","546,003"
"Pacific Place, Six",WAN CHAI,"Pacific Place, Six
WAN CHAI
Rental: HKD 544,875 / 75 p.s.f.
Size: 7,265 s.f.
Bare Shell, Low Floor, City View
Prop.#: 87922","544,875"
Cheung Kong Center,CENTRAL,"Cheung Kong Center
CENTRAL
Rental: HKD 542,880 / 130 p.s.f.
Size: 4,176 s.f.
Bare Shell, High Floor, Sea View
Prop.#: 78365","542,880"
Grand Millennium Plaza,SHEUNG WAN,"Grand Millennium Plaza
SHEUNG WAN
Rental: HKD 540,785 / 35 p.s.f.
Price: HKD 197.8M / 12,800 p.s.f.
Size: 15,451 s.f.
Bare Shell, Partial Seaview
Prop.#: 81870","540,785"
China Taiping Finance Centre,NORTH POINT,"China Taiping Finance Centre
NORTH POINT
Rental: HKD 531,440 / 70 p.s.f.
Size: 7,592 s.f.
Bare Shell, High Floor, Sea View
Prop.#: 76043","531,440"
YF Life Centre,WAN CHAI,"YF Life Centre
WAN CHAI
Rental: HKD 527,940 / 30 p.s.f.
Size: 17,598 s.f.
Bare Shell, Low Floor
Prop.#: 77643","527,940"
Agricultural Bank Of China Tower,CENTRAL,"Agricultural Bank Of China Tower
CENTRAL
Rental: HKD 525,200 / 80 p.s.f.
Size: 6,565 s.f.
Fully Fitted, Low Floor, City View
Prop.#: 58199","525,200"
Capital Centre,WAN CHAI,"Capital Centre
WAN CHAI
Rental: HKD 518,991 / 33 p.s.f.
Size: 15,727 s.f.
Fully Fitted, High Floor, Sea View
Prop.#: 57376","518,991"
"IFC, Two",CENTRAL,"IFC, Two
CENTRAL
Rental: HKD 518,420 / 140 p.s.f.
Size: 3,703 s.f.
Bare Shell, Low Floor
Prop.#: 92118","518,420"
Crawford House,CENTRAL,"Crawford House
CENTRAL
Rental: HKD 518,238 / 63 p.s.f.
Size: 8,226 s.f.
Fully Fitted, Low Floor, City View
Prop.#: 22483","518,238"
YF Life Centre,WAN CHAI,"YF Life Centre
WAN CHAI
Rental: HKD 517,170 / 30 p.s.f.
Size: 17,239 s.f.
Bare Shell, Low Floor, City View
Prop.#: 3905","517,170"
Three Garden Road - ICBC Tower,CENTRAL,"Three Garden Road - ICBC Tower
CENTRAL
Rental: HKD 515,964 / 93 p.s.f.
Size: 5,548 s.f.
Fully Fitted, Low Floor, City View
Prop.#: 51572","515,964"
"IFC, Two",CENTRAL,"IFC, Two
CENTRAL
Rental: HKD 510,160 / 140 p.s.f.
Size: 3,644 s.f.
Bare Shell, Low Floor
Prop.#: 92117","510,160"
China Resources Building,WAN CHAI,"China Resources Building
WAN CHAI
Rental: HKD 507,815 / 55 p.s.f.
Size: 9,233 s.f.
Fully Fitted, Mid Floor, Mountain View
Prop.#: 66428","507,815"
Capital Centre,WAN CHAI,"Capital Centre
WAN CHAI
Rental: HKD 507,375 / 33 p.s.f.
Price: HKD 369.0M / 24,000 p.s.f.
Size: 15,375 s.f.
Fully Fitted, Mid Floor, Partial Seaview
Prop.#: 57339","507,375"
Entertainment Building,CENTRAL,"Entertainment Building
CENTRAL
Rental: HKD 504,360 / 90 p.s.f.
Size: 5,604 s.f.
Bare Shell, High Floor, City View
Prop.#: 46861","504,360"
Millennium City 1 - Standard Chartered Tower,KWUN TONG,"Millennium City 1 - Standard Chartered Tower
KWUN TONG
Rental: HKD 500,625 / 25 p.s.f.
Size: 20,025 s.f.
High Floor
Prop.#: 92063","500,625"
Millennium City 1 - Standard Chartered Tower,KWUN TONG,"Millennium City 1 - Standard Chartered Tower
KWUN TONG
Rental: HKD 500,625 / 25 p.s.f.
Size: 20,025 s.f.
High Floor
Prop.#: 92064","500,625"
Chubb Tower (Windsor House),CAUSEWAY BAY,"Chubb Tower (Windsor House)
CAUSEWAY BAY
Rental: HKD 500,472 / 36 p.s.f.
Size: 13,902 s.f.
Fully Fitted, High Floor, Sea View
Prop.#: 72536","500,472"
Infinitus Plaza,SHEUNG WAN,"Infinitus Plaza
SHEUNG WAN
Rental: HKD 499,758 / 42 p.s.f.
Size: 11,899 s.f.
Fully Fitted, Low Floor, Sea View
Prop.#: 72031","499,758"
Infinitus Plaza,SHEUNG WAN,"Infinitus Plaza
SHEUNG WAN
Rental: HKD 499,758 / 42 p.s.f.
Size: 11,899 s.f.
Fully Fitted, Low Floor, Sea View
Prop.#: 1615","499,758"
The Center,CENTRAL,"The Center
CENTRAL
Rental: HKD 495,375 / 75 p.s.f.
Size: 6,605 s.f.
Fully Fitted, High Floor, Open View
Prop.#: 57884","495,375"
"Yee Wo Street, 68",CAUSEWAY BAY,"Yee Wo Street, 68
CAUSEWAY BAY
Rental: HKD 494,844 / 28 p.s.f.
Size: 17,673 s.f.
Fully Fitted, City View
Prop.#: 89819","494,844"
Millennium City 1 - Standard Chartered Tower,KWUN TONG,"Millennium City 1 - Standard Chartered Tower
KWUN TONG
Rental: HKD 494,208 / 24 p.s.f.
Size: 20,592 s.f.
Mid Floor
Prop.#: 92061","494,208"
Cheung Kong Center,CENTRAL,"Cheung Kong Center
CENTRAL
Rental: HKD 494,125 / 125 p.s.f.
Size: 3,953 s.f.
Low Floor
Prop.#: 15805","494,125"
Harcourt House,WAN CHAI,"Harcourt House
WAN CHAI
Rental: HKD 492,570 / 45 p.s.f.
Size: 10,946 s.f.
Fully Fitted, Mid Floor, Sea View
Prop.#: 19967","492,570"
Cheung Kong Center,CENTRAL,"Cheung Kong Center
CENTRAL
Rental: HKD 492,500 / 125 p.s.f.
Size: 3,940 s.f.
Bare Shell, High Floor, Partial Seaview
Prop.#: 45788","492,500"
Chubb Tower (Windsor House),CAUSEWAY BAY,"Chubb Tower (Windsor House)
CAUSEWAY BAY
Rental: HKD 490,716 / 36 p.s.f.
Size: 13,631 s.f.
Fully Fitted, High Floor, Partial Seaview
Prop.#: 50603","490,716"
Chuang's London Plaza,JORDAN,"Chuang's London Plaza
JORDAN
Rental: HKD 489,973 / 29 p.s.f.
Size: 17,108 s.f.
Bare Shell, Low Floor, City View
Prop.#: 24209","489,973"
K11 Atelier Victoria Dockside,TSIM SHA TSUI,"K11 Atelier Victoria Dockside
TSIM SHA TSUI
Rental: HKD 488,920 / 85 p.s.f.
Size: 5,752 s.f.
High Floor
Prop.#: 84608","488,920"
AIA Tower,NORTH POINT,"AIA Tower
NORTH POINT
Rental: HKD 487,149 / 39 p.s.f.
Size: 12,491 s.f.
Bare Shell, High Floor, Sea View
Prop.#: 30064","487,149"
Island Place Tower,NORTH POINT,"Island Place Tower
NORTH POINT
Rental: HKD 482,160 / 24 p.s.f.
Price: HKD 301.4M / 15,000 p.s.f.
Size: 20,090 s.f.
Bare Shell, Low Floor, City View
Prop.#: 5897","482,160"
Island Place Tower,NORTH POINT,"Island Place Tower
NORTH POINT
Rental: HKD 482,160 / 24 p.s.f.
Size: 20,090 s.f.
Fully Fitted, Mid Floor, Open View
Prop.#: 20058","482,160"
Times Square - Tower 2,CAUSEWAY BAY,"Times Square - Tower 2
CAUSEWAY BAY
Rental: HKD 481,344 / 48 p.s.f.
Size: 10,028 s.f.
Fully Fitted, Partial Seaview
Prop.#: 90867","481,344"
Berkshire House,QUARRY BAY,"Berkshire House
QUARRY BAY
Rental: HKD 480,690 / 35 p.s.f.
Size: 13,734 s.f.
Bare Shell, Mid Floor, Sea View
Prop.#: 1950","480,690"
The Center,CENTRAL,"The Center
CENTRAL
Rental: HKD 480,550 / 70 p.s.f.
Size: 6,865 s.f.
Fully Fitted
Prop.#: 91403","480,550"
Berkshire House,QUARRY BAY,"Berkshire House
QUARRY BAY
Rental: HKD 479,325 / 35 p.s.f.
Size: 13,695 s.f.
Bare Shell, Mid Floor, Sea View
Prop.#: 1948","479,325"
"Pacific Place, Six",WAN CHAI,"Pacific Place, Six
WAN CHAI
Rental: HKD 474,975 / 75 p.s.f.
Size: 6,333 s.f.
Bare Shell, Low Floor, City View
Prop.#: 87923","474,975"
Man Yee Building,CENTRAL,"Man Yee Building
CENTRAL
Rental: HKD 472,530 / 95 p.s.f.
Size: 4,974 s.f.
Fully Fitted, Mid Floor, Mountain View
Prop.#: 72758","472,530"
Ho Lee Commercial Building,CENTRAL,"Ho Lee Commercial Building
CENTRAL
Rental: HKD 470,400 / 48 p.s.f.
Price: HKD 280.0M / 28,571 p.s.f.
Size: 9,800 s.f.
Bare Shell, Low Floor, City View
Prop.#: 71006","470,400"
Convention Plaza Office Tower,WAN CHAI,"Convention Plaza Office Tower
WAN CHAI
Rental: HKD 470,350 / 50 p.s.f.
Price: HKD 188.1M / 20,000 p.s.f.
Size: 9,407 s.f.
High Floor, Sea View
Prop.#: 39789","470,350"
Three Garden Road - Champion Tower,CENTRAL,"Three Garden Road - Champion Tower
CENTRAL
Rental: HKD 466,767 / 93 p.s.f.
Size: 5,019 s.f.
Bare Shell, Mid Floor, Garden View
Prop.#: 33769","466,767"
Millennium City 6,KWUN TONG,"Millennium City 6
KWUN TONG
Rental: HKD 462,159 / 27 p.s.f.
Size: 17,117 s.f.
Fully Fitted, Mid Floor
Prop.#: 28892","462,159"
Millennium City 6,KWUN TONG,"Millennium City 6
KWUN TONG
Rental: HKD 462,159 / 27 p.s.f.
Size: 17,117 s.f.
Fully Fitted, Mid Floor
Prop.#: 28897","462,159"
Millennium City 6,KWUN TONG,"Millennium City 6
KWUN TONG
Rental: HKD 462,159 / 27 p.s.f.
Size: 17,117 s.f.
Fully Fitted, Mid Floor
Prop.#: 28898","462,159"
International Commerce Centre (ICC),TSIM SHA TSUI,"International Commerce Centre (ICC)
TSIM SHA TSUI
Rental: HKD 459,382 / 77 p.s.f.
Size: 5,966 s.f.
Mid Floor
Prop.#: 91934","459,382"
Hopewell Centre,WAN CHAI,"Hopewell Centre
WAN CHAI
Rental: HKD 456,000 / 48 p.s.f.
Size: 9,500 s.f.
Fully Fitted, High Floor, Sea View
Prop.#: 79022","456,000"
One Island South,WONG CHUK HANG,"One Island South
WONG CHUK HANG
Rental: HKD 454,752 / 24 p.s.f.
Size: 18,948 s.f.
Fully Fitted, High Floor, Partial Seaview
Prop.#: 90640","454,752"
Coda Commercial Building,CENTRAL,"Coda Commercial Building
CENTRAL
Rental: HKD 450,009 / 214 p.s.f.
Size: 2,100 s.f.
Bare Shell, Low Floor
Prop.#: 75684","450,009"
Sunshine Plaza,WAN CHAI,"Sunshine Plaza
WAN CHAI
Rental: HKD 449,966 / 30 p.s.f.
Size: 14,821 s.f.
Fully Fitted, Low Floor
Prop.#: 91574","449,966"
Central Plaza,WAN CHAI,"Central Plaza
WAN CHAI
Rental: HKD 446,936 / 56 p.s.f.
Size: 7,981 s.f.
Fully Fitted, Mid Floor, Sea View
Prop.#: 2697","446,936"
Cheung Kong Center,CENTRAL,"Cheung Kong Center
CENTRAL
Rental: HKD 446,125 / 125 p.s.f.
Size: 3,569 s.f.
Low Floor
Prop.#: 66261","446,125"
World Trade Centre,CAUSEWAY BAY,"World Trade Centre
CAUSEWAY BAY
Rental: HKD 445,648 / 46 p.s.f.
Size: 9,688 s.f.
Bare Shell, Mid Floor, Sea View
Prop.#: 47583","445,648"
COFCO Tower,CAUSEWAY BAY,"COFCO Tower
CAUSEWAY BAY
Rental: HKD 440,135 / 95 p.s.f.
Size: 4,633 s.f.
Bare Shell, Low Floor
Prop.#: 54204","440,135"
Mirror Tower,TSIM SHA TSUI,"Mirror Tower
TSIM SHA TSUI
Rental: HKD 438,022 / 31 p.s.f.
Size: 14,240 s.f.
Bare Shell, Mid Floor, City View
Prop.#: 4914","438,022"
H Code,CENTRAL,"H Code
CENTRAL
Rental: HKD 437,290 / 70 p.s.f.
Size: 6,247 s.f.
Bare Shell, High Floor, Open View
Prop.#: 78096","437,290"
Allied Kajima Building,WAN CHAI,"Allied Kajima Building
WAN CHAI
Rental: HKD 437,276 / 46 p.s.f.
Size: 9,506 s.f.
Fully Fitted, High Floor, Partial Seaview
Prop.#: 42068","437,276"
Bank of America Tower,CENTRAL,"Bank of America Tower
CENTRAL
Rental: HKD 435,850 / 50 p.s.f.
Price: HKD 305.1M / 35,000 p.s.f.
Size: 8,717 s.f.
Fully Fitted, High Floor, Sea View
Prop.#: 81128","435,850"
Lucky Centre,WAN CHAI,"Lucky Centre
WAN CHAI
Rental: HKD 432,192 / 32 p.s.f.
Size: 13,506 s.f.
Low Floor
Prop.#: 90553","432,192"
Berkshire House,QUARRY BAY,"Berkshire House
QUARRY BAY
Rental: HKD 431,904 / 32 p.s.f.
Size: 13,497 s.f.
Fully Fitted, Low Floor
Prop.#: 87171","431,904"
Central Plaza,WAN CHAI,"Central Plaza
WAN CHAI
Rental: HKD 430,696 / 56 p.s.f.
Size: 7,691 s.f.
Fully Fitted, High Floor, Sea View
Prop.#: 91259","430,696"
Kingston International Centre,KOWLOON BAY,"Kingston International Centre
KOWLOON BAY
Rental: HKD 430,300 / 25 p.s.f.
Size: 17,212 s.f.
Bare Shell, Partial Seaview
Prop.#: 88178","430,300"
Millennium City 1 - Tower 01,KWUN TONG,"Millennium City 1 - Tower 01
KWUN TONG
Rental: HKD 427,837 / 29 p.s.f.
Size: 14,753 s.f.
Fully Fitted, Mid Floor
Prop.#: 89945","427,837"
Great Eagle Centre,WAN CHAI,"Great Eagle Centre
WAN CHAI
Rental: HKD 426,910 / 55 p.s.f.
Size: 7,762 s.f.
Fully Fitted, Low Floor, Sea View
Prop.#: 88005","426,910"
Sun Hung Kai Centre,WAN CHAI,"Sun Hung Kai Centre
WAN CHAI
Rental: HKD 424,204 / 62 p.s.f.
Size: 6,842 s.f.
Fully Fitted
Prop.#: 91472","424,204"
"Observatory Road, 8",TSIM SHA TSUI,"Observatory Road, 8
TSIM SHA TSUI
Rental: HKD 422,210 / 40 p.s.f.
Size: 10,635 s.f.
Bare Shell, Low Floor, City View
Prop.#: 68108","422,210"
Nan Fung Tower,SHEUNG WAN,"Nan Fung Tower
SHEUNG WAN
Rental: HKD 422,010 / 45 p.s.f.
Size: 9,378 s.f.
Bare Shell, Mid Floor, Sea View
Prop.#: 79733","422,010"
Harcourt House,WAN CHAI,"Harcourt House
WAN CHAI
Rental: HKD 420,462 / 47 p.s.f.
Size: 8,946 s.f.
Bare Shell, High Floor, Sea View
Prop.#: 90223","420,462"
Landmark South,WONG CHUK HANG,"Landmark South
WONG CHUK HANG
Rental: HKD 420,150 / 30 p.s.f.
Size: 14,005 s.f.
Bare Shell, High Floor, Mountain View
Prop.#: 83545","420,150"
Man Yee Building,CENTRAL,"Man Yee Building
CENTRAL
Rental: HKD 419,490 / 90 p.s.f.
Size: 4,661 s.f.
Fully Fitted, High Floor, City View
Prop.#: 10140","419,490"
"King's Road, 1063",QUARRY BAY,"King's Road, 1063
QUARRY BAY
Rental: HKD 418,152 / 38 p.s.f.
Size: 11,004 s.f.
Bare Shell, High Floor, Sea View
Prop.#: 45389","418,152"
"King's Road, 1063",QUARRY BAY,"King's Road, 1063
QUARRY BAY
Rental: HKD 418,152 / 38 p.s.f.
Size: 11,004 s.f.
Bare Shell, High Floor, Sea View
Prop.#: 45391","418,152"
"King's Road, 1063",QUARRY BAY,"King's Road, 1063
QUARRY BAY
Rental: HKD 418,152 / 38 p.s.f.
Size: 11,004 s.f.
Bare Shell, High Floor, Partial Seaview
Prop.#: 19595","418,152"
Three Garden Road - ICBC Tower,CENTRAL,"Three Garden Road - ICBC Tower
CENTRAL
Rental: HKD 418,035 / 93 p.s.f.
Size: 4,495 s.f.
Bare Shell, Low Floor, City View
Prop.#: 58306","418,035"
Central Plaza,WAN CHAI,"Central Plaza
WAN CHAI
Rental: HKD 416,900 / 55 p.s.f.
Size: 7,580 s.f.
Fully Fitted, Mid Floor, Partial Seaview
Prop.#: 90433","416,900"
Grand Century Place - Tower II,MONG KOK / TAI KOK TSUI,"Grand Century Place - Tower II
MONG KOK / TAI KOK TSUI
Rental: HKD 415,872 / 36 p.s.f.
Size: 11,552 s.f.
Mid Floor
Prop.#: 92056","415,872"
Nexxus Building,CENTRAL,"Nexxus Building
CENTRAL
Rental: HKD 415,440 / 72 p.s.f.
Size: 5,770 s.f.
Fully Fitted, High Floor
Prop.#: 91020","415,440"
Central Plaza,WAN CHAI,"Central Plaza
WAN CHAI
Rental: HKD 410,696 / 52 p.s.f.
Size: 7,898 s.f.
Bare Shell, Low Floor, City View
Prop.#: 2709","410,696"
Millennium City 6,KWUN TONG,"Millennium City 6
KWUN TONG
Rental: HKD 408,450 / 30 p.s.f.
Size: 13,615 s.f.
Fully Fitted, High Floor
Prop.#: 28874","408,450"
"Observatory Road, 8",TSIM SHA TSUI,"Observatory Road, 8
TSIM SHA TSUI
Rental: HKD 408,047 / 39 p.s.f.
Size: 10,420 s.f.
Fully Fitted, High Floor, Sea View
Prop.#: 68095","408,047"
Two Harbour Square,KWUN TONG,"Two Harbour Square
KWUN TONG
Rental: HKD 406,392 / 28 p.s.f.
Size: 14,514 s.f.
Mid Floor
Prop.#: 88128","406,392"
The Tonnochy,WAN CHAI,"The Tonnochy
WAN CHAI
Rental: HKD 404,012 / 25 p.s.f.
Size: 16,154 s.f.
Low Floor
Prop.#: 90544","404,012"
Dah Sing Financial Centre,WAN CHAI,"VR TOUR
Dah Sing Financial Centre
WAN CHAI
Rental: HKD 402,382 / 38 p.s.f.
Size: 10,589 s.f.
Fully Fitted, High Floor, Open View
Prop.#: 35443","402,382"
Kerry Centre,NORTH POINT,"Kerry Centre
NORTH POINT
Rental: HKD 400,488 / 33 p.s.f.
Size: 12,136 s.f.
Low Floor
Prop.#: 91167","400,488"
Two Harbour Square,KWUN TONG,"Two Harbour Square
KWUN TONG
Rental: HKD 399,532 / 28 p.s.f.
Size: 14,269 s.f.
Mid Floor
Prop.#: 92059","399,532"
Convention Plaza Office Tower,WAN CHAI,"Convention Plaza Office Tower
WAN CHAI
Rental: HKD 398,208 / 48 p.s.f.
Price: HKD 182.6M / 22,010 p.s.f.
Size: 8,296 s.f.
Fully Fitted, High Floor
Prop.#: 86186","398,208"
Cheung Kong Center,CENTRAL,"Cheung Kong Center
CENTRAL
Rental: HKD 397,410 / 130 p.s.f.
Size: 3,057 s.f.
Bare Shell, Mountain View
Prop.#: 84397","397,410"
Tak Shing House,CENTRAL,"Tak Shing House
CENTRAL
Rental: HKD 390,804 / 87 p.s.f.
Size: 4,492 s.f.
Bare Shell, High Floor, Sea View
Prop.#: 91433","390,804"
Island Place Tower,NORTH POINT,"Island Place Tower
NORTH POINT
Rental: HKD 388,492 / 31 p.s.f.
Size: 12,532 s.f.
Fully Fitted, High Floor, Sea View
Prop.#: 13472","388,492"
"Observatory Road, 8",TSIM SHA TSUI,"Observatory Road, 8
TSIM SHA TSUI
Rental: HKD 385,187 / 36 p.s.f.
Size: 10,670 s.f.
Bare Shell, Mid Floor, City View
Prop.#: 68101","385,187"
"Observatory Road, 8",TSIM SHA TSUI,"Observatory Road, 8
TSIM SHA TSUI
Rental: HKD 385,052 / 36 p.s.f.
Size: 10,590 s.f.
Fully Fitted, Mid Floor, City View
Prop.#: 68100","385,052"
Lee Garden Three,CAUSEWAY BAY,"VR TOUR
Lee Garden Three
CAUSEWAY BAY
Rental: HKD 384,360 / 60 p.s.f.
Size: 6,406 s.f.
Fully Fitted, Mid Floor, City View
Prop.#: 91279","384,360"
St. George's Building,CENTRAL,"St. George's Building
CENTRAL
Rental: HKD 384,100 / 100 p.s.f.
Size: 3,841 s.f.
Fully Fitted, Low Floor, City View
Prop.#: 91478","384,100"
California Tower,CENTRAL,"California Tower
CENTRAL
Rental: HKD 383,400 / 60 p.s.f.
Size: 6,390 s.f.
Fully Fitted, Low Floor, City View
Prop.#: 82244","383,400"
China Building,CENTRAL,"China Building
CENTRAL
Rental: HKD 382,380 / 60 p.s.f.
Size: 6,373 s.f.
Bare Shell
Prop.#: 82909","382,380"
The Center,CENTRAL,"The Center
CENTRAL
Rental: HKD 381,498 / 78 p.s.f.
Size: 4,891 s.f.
Fully Fitted, High Floor, Sea View
Prop.#: 48647","381,498"
South Seas Centre - Tower 1,TSIM SHA TSUI,"South Seas Centre - Tower 1
TSIM SHA TSUI
Rental: HKD 380,374 / 23 p.s.f.
Price: HKD 181.9M / 11,000 p.s.f.
Size: 16,538 s.f.
High Floor, Sea View
Prop.#: 18930","380,374"
Trade Square,CHEUNG SHA WAN / LAI CHI KOK,"Trade Square
CHEUNG SHA WAN / LAI CHI KOK
Rental: HKD 379,620 / 18 p.s.f.
Size: 21,090 s.f.
Fully Fitted, Mid Floor, City View
Prop.#: 90657","379,620"
Millennium City 1 - Standard Chartered Tower,KWUN TONG,"Millennium City 1 - Standard Chartered Tower
KWUN TONG
Rental: HKD 379,512 / 24 p.s.f.
Size: 15,813 s.f.
Mid Floor
Prop.#: 92062","379,512"
Landmark South,WONG CHUK HANG,"Landmark South
WONG CHUK HANG
Rental: HKD 378,135 / 27 p.s.f.
Size: 14,005 s.f.
Bare Shell, High Floor, Mountain View
Prop.#: 83547","378,135"
Capital Centre,WAN CHAI,"Capital Centre
WAN CHAI
Rental: HKD 377,000 / 26 p.s.f.
Price: HKD 348.0M / 24,000 p.s.f.
Size: 14,500 s.f.
Fully Fitted, Low Floor, Partial Seaview
Prop.#: 19302","377,000"
Capital Centre,WAN CHAI,"Capital Centre
WAN CHAI
Rental: HKD 376,864 / 32 p.s.f.
Price: HKD 353.3M / 30,000 p.s.f.
Size: 11,777 s.f.
Low Floor
Prop.#: 90884","376,864"
Tsim Sha Tsui Centre - East Tower,TSIM SHA TSUI,"Tsim Sha Tsui Centre - East Tower
TSIM SHA TSUI
Rental: HKD 374,748 / 34 p.s.f.
Size: 11,022 s.f.
Fully Fitted, High Floor, Sea View
Prop.#: 13420","374,748"
"Gateway, The - Tower 1",TSIM SHA TSUI,"Gateway, The - Tower 1
TSIM SHA TSUI
Rental: HKD 373,700 / 37 p.s.f.
Size: 10,100 s.f.
Mid Floor
Prop.#: 87201","373,700"
H Code,CENTRAL,"H Code
CENTRAL
Rental: HKD 372,000 / 60 p.s.f.
Size: 6,200 s.f.
High Floor
Prop.#: 76676","372,000"
New World Tower 2,CENTRAL,"New World Tower 2
CENTRAL
Rental: HKD 369,000 / 75 p.s.f.
Size: 4,920 s.f.
Fully Fitted, Mid Floor
Prop.#: 89193","369,000"
Cheung Kong Center,CENTRAL,"Cheung Kong Center
CENTRAL
Rental: HKD 368,160 / 120 p.s.f.
Size: 3,068 s.f.
Fully Fitted, Mid Floor, City View
Prop.#: 89468","368,160"
Trade Square,CHEUNG SHA WAN / LAI CHI KOK,"Trade Square
CHEUNG SHA WAN / LAI CHI KOK
Rental: HKD 368,004 / 18 p.s.f.
Size: 20,220 s.f.
Fully Fitted, High Floor
Prop.#: 58859","368,004"
China Hong Kong City - Tower 6,TSIM SHA TSUI,"China Hong Kong City - Tower 6
TSIM SHA TSUI
Rental: HKD 367,220 / 28 p.s.f.
Size: 13,115 s.f.
Fully Fitted, High Floor, Park View
Prop.#: 51347","367,220"
K11 Atelier Victoria Dockside,TSIM SHA TSUI,"K11 Atelier Victoria Dockside
TSIM SHA TSUI
Rental: HKD 365,500 / 85 p.s.f.
Size: 4,300 s.f.
Fully Fitted, High Floor
Prop.#: 81726","365,500"
International Commerce Centre (ICC),TSIM SHA TSUI,"International Commerce Centre (ICC)
TSIM SHA TSUI
Rental: HKD 365,430 / 78 p.s.f.
Size: 4,685 s.f.
Bare Shell, High Floor
Prop.#: 73424","365,430"
Millennium City 1 - Tower 01,KWUN TONG,"Millennium City 1 - Tower 01
KWUN TONG
Rental: HKD 361,775 / 29 p.s.f.
Size: 12,475 s.f.
Fully Fitted, Mid Floor
Prop.#: 44142","361,775"
Allied Kajima Building,WAN CHAI,"Allied Kajima Building
WAN CHAI
Rental: HKD 361,228 / 38 p.s.f.
Size: 9,506 s.f.
Bare Shell, Low Floor, City View
Prop.#: 78648","361,228"
The Centrium,CENTRAL,"The Centrium
CENTRAL
Rental: HKD 359,024 / 38 p.s.f.
Size: 9,448 s.f.
Bare Shell, Mid Floor
Prop.#: 87883","359,024"
H Queen's,CENTRAL,"H Queen's
CENTRAL
Rental: HKD 358,382 / 74 p.s.f.
Size: 4,843 s.f.
Bare Shell, Mid Floor, City View
Prop.#: 75418","358,382"
YF Life Centre,WAN CHAI,"YF Life Centre
WAN CHAI
Rental: HKD 357,240 / 40 p.s.f.
Size: 8,931 s.f.
Furnished, Low Floor
Prop.#: 72551","357,240"
The Center,CENTRAL,"The Center
CENTRAL
Rental: HKD 356,153 / 83 p.s.f.
Size: 4,291 s.f.
High Floor
Prop.#: 91956","356,153"
YF Life Centre,WAN CHAI,"YF Life Centre
WAN CHAI
Rental: HKD 355,840 / 40 p.s.f.
Size: 8,896 s.f.
Bare Shell, Mid Floor, City View
Prop.#: 32467","355,840"
YF Life Centre,WAN CHAI,"YF Life Centre
WAN CHAI
Rental: HKD 355,520 / 40 p.s.f.
Size: 8,888 s.f.
Bare Shell, High Floor, Sea View
Prop.#: 78274","355,520"
Harcourt House,WAN CHAI,"Harcourt House
WAN CHAI
Rental: HKD 353,790 / 45 p.s.f.
Size: 7,862 s.f.
Fully Fitted, Mid Floor, Sea View
Prop.#: 71915","353,790"
The Center,CENTRAL,"The Center
CENTRAL
Rental: HKD 352,632 / 42 p.s.f.
Size: 8,396 s.f.
Partially Fitted, Mid Floor, City View
Prop.#: 70208","352,632"
H Queen's,CENTRAL,"H Queen's
CENTRAL
Rental: HKD 351,870 / 74 p.s.f.
Size: 4,755 s.f.
Fully Fitted, Mid Floor, City View
Prop.#: 75416","351,870"
Man Yee Building,CENTRAL,"VR TOUR
Man Yee Building
CENTRAL
Rental: HKD 351,280 / 80 p.s.f.
Size: 4,391 s.f.
Fully Fitted, City View
Prop.#: 26460","351,280"
The Center,CENTRAL,"The Center
CENTRAL
Rental: HKD 351,232 / 49 p.s.f.
Price: HKD 157.7M / 22,000 p.s.f.
Size: 7,168 s.f.
Bare Shell, High Floor, City View
Prop.#: 69227","351,232"
New World Tower 1,CENTRAL,"New World Tower 1
CENTRAL
Rental: HKD 351,225 / 75 p.s.f.
Size: 4,683 s.f.
Bare Shell, Low Floor, City View
Prop.#: 21472","351,225"
"D'Aguilar Street, 23",CENTRAL,"D'Aguilar Street, 23
CENTRAL
Rental: HKD 350,014 / 125 p.s.f.
Size: 2,810 s.f.
Fully Fitted, City View
Prop.#: 86859","350,014"
"Gateway, The - Tower 1",TSIM SHA TSUI,"Gateway, The - Tower 1
TSIM SHA TSUI
Rental: HKD 347,424 / 42 p.s.f.
Size: 8,272 s.f.
Bare Shell, High Floor
Prop.#: 86625","347,424"
Central Crossing,CENTRAL,"Central Crossing
CENTRAL
Rental: HKD 346,140 / 60 p.s.f.
Size: 5,769 s.f.
Low Floor
Prop.#: 91961","346,140"
"Central Des Voeux, 308",SHEUNG WAN,"Central Des Voeux, 308
SHEUNG WAN
Rental: HKD 344,688 / 43 p.s.f.
Size: 8,016 s.f.
Fully Fitted, High Floor, Partial Seaview
Prop.#: 88139","344,688"
Lee Garden Three,CAUSEWAY BAY,"VR TOUR
Lee Garden Three
CAUSEWAY BAY
Rental: HKD 344,340 / 60 p.s.f.
Size: 5,739 s.f.
Fully Fitted
Prop.#: 91463","344,340"
Kingston International Centre,KOWLOON BAY,"Kingston International Centre
KOWLOON BAY
Rental: HKD 342,321 / 21 p.s.f.
Size: 16,301 s.f.
Bare Shell, City View
Prop.#: 89294","342,321"
H Code,CENTRAL,"H Code
CENTRAL
Rental: HKD 341,000 / 55 p.s.f.
Size: 6,200 s.f.
Mid Floor
Prop.#: 91694","341,000"
H Code,CENTRAL,"H Code
CENTRAL
Rental: HKD 341,000 / 55 p.s.f.
Size: 6,200 s.f.
Mid Floor
Prop.#: 91695","341,000"
V Heun Building,CENTRAL,"V Heun Building
CENTRAL
Rental: HKD 340,800 / 40 p.s.f.
Price: HKD 109.1M / 12,800 p.s.f.
Size: 8,520 s.f.
Bare Shell, Low Floor, City View
Prop.#: 46231","340,800"
"Heung Yip Road, 41",WONG CHUK HANG,"Heung Yip Road, 41
WONG CHUK HANG
Rental: HKD 340,576 / 29 p.s.f.
Size: 11,744 s.f.
Fully Fitted, High Floor, Sea View
Prop.#: 73552","340,576"
Central Plaza,WAN CHAI,"Central Plaza
WAN CHAI
Rental: HKD 339,092 / 52 p.s.f.
Size: 6,521 s.f.
Furnished, Low Floor, Partial Seaview
Prop.#: 59645","339,092"
Harcourt House,WAN CHAI,"Harcourt House
WAN CHAI
Rental: HKD 338,898 / 42 p.s.f.
Size: 8,069 s.f.
Bare Shell, Low Floor, City View
Prop.#: 74726","338,898"
YF Life Tower,WAN CHAI,"YF Life Tower
WAN CHAI
Rental: HKD 338,637 / 39 p.s.f.
Size: 8,683 s.f.
Fully Fitted, High Floor, City View
Prop.#: 271","338,637"
Energy Plaza,TSIM SHA TSUI,"Energy Plaza
TSIM SHA TSUI
Rental: HKD 337,157 / 23 p.s.f.
Size: 14,659 s.f.
Fully Fitted, Low Floor
Prop.#: 59640","337,157"
Peninsula Centre,TSIM SHA TSUI,"Peninsula Centre
TSIM SHA TSUI
Rental: HKD 336,927 / 23 p.s.f.
Size: 14,649 s.f.
Fully Fitted, Low Floor
Prop.#: 84688","336,927"
V Heun Building,CENTRAL,"V Heun Building
CENTRAL
Rental: HKD 336,400 / 40 p.s.f.
Price: HKD 235.5M / 28,000 p.s.f.
Size: 8,410 s.f.
Fully Fitted, Low Floor, City View
Prop.#: 46229","336,400"
Island Place Tower,NORTH POINT,"Island Place Tower
NORTH POINT
Rental: HKD 336,336 / 24 p.s.f.
Size: 14,014 s.f.
Bare Shell, Low Floor, City View
Prop.#: 80774","336,336"
"Nathan Road, 26",TSIM SHA TSUI,"Nathan Road, 26
TSIM SHA TSUI
Rental: HKD 336,284 / 58 p.s.f.
Size: 5,798 s.f.
Bare Shell, Mid Floor
Prop.#: 91058","336,284"
"Gateway, The - Tower 1",TSIM SHA TSUI,"Gateway, The - Tower 1
TSIM SHA TSUI
Rental: HKD 335,960 / 37 p.s.f.
Size: 9,080 s.f.
Prop.#: 92143","335,960"
YF Life Tower,WAN CHAI,"YF Life Tower
WAN CHAI
Rental: HKD 333,957 / 39 p.s.f.
Size: 8,563 s.f.
Fully Fitted, Mid Floor, City View
Prop.#: 72817","333,957"
YF Life Centre,WAN CHAI,"YF Life Centre
WAN CHAI
Rental: HKD 331,520 / 40 p.s.f.
Size: 8,288 s.f.
Bare Shell, High Floor
Prop.#: 76258","331,520"
The Center,CENTRAL,"The Center
CENTRAL
Rental: HKD 330,174 / 78 p.s.f.
Size: 4,233 s.f.
Bare Shell, High Floor
Prop.#: 91209","330,174"
Cheung Kong Center,CENTRAL,"Cheung Kong Center
CENTRAL
Rental: HKD 327,080 / 130 p.s.f.
Size: 2,516 s.f.
Bare Shell, City View
Prop.#: 88853","327,080"
Tai Yau Building,WAN CHAI,"Tai Yau Building
WAN CHAI
Rental: HKD 324,900 / 30 p.s.f.
Size: 10,830 s.f.
Fully Fitted, High Floor, City View
Prop.#: 32943","324,900"
"Heung Yip Road, 41",WONG CHUK HANG,"Heung Yip Road, 41
WONG CHUK HANG
Rental: HKD 323,147 / 29 p.s.f.
Size: 11,143 s.f.
Fully Fitted, High Floor, Sea View
Prop.#: 73554","323,147"
World Wide House,CENTRAL,"World Wide House
CENTRAL
Rental: HKD 321,255 / 45 p.s.f.
Size: 7,139 s.f.
Fully Fitted, Mid Floor, Partial Seaview
Prop.#: 78749","321,255"
"Pacific Place, Five (Hennessy Road, 28)",WAN CHAI,"Pacific Place, Five (Hennessy Road, 28)
WAN CHAI
Rental: HKD 320,775 / 65 p.s.f.
Size: 4,935 s.f.
Fully Fitted, High Floor, City View
Prop.#: 58535","320,775"
Man Yee Building,CENTRAL,"Man Yee Building
CENTRAL
Rental: HKD 320,720 / 95 p.s.f.
Size: 3,376 s.f.
Fully Fitted, High Floor, City View
Prop.#: 52544","320,720"
CITIC Tower,ADMIRALTY,"CITIC Tower
ADMIRALTY
Rental: HKD 320,300 / 100 p.s.f.
Size: 3,203 s.f.
Bare Shell, Low Floor
Prop.#: 20704","320,300"
Plaza 2000,CAUSEWAY BAY,"Plaza 2000
CAUSEWAY BAY
Rental: HKD 320,007 / 203 p.s.f.
Size: 1,576 s.f.
Low Floor
Prop.#: 87362","320,007"
J Senses,WAN CHAI,"J Senses
WAN CHAI
Rental: HKD 319,969 / 83 p.s.f.
Size: 3,877 s.f.
Fully Fitted, Low Floor
Prop.#: 81546","319,969"
COFCO Tower,CAUSEWAY BAY,"COFCO Tower
CAUSEWAY BAY
Rental: HKD 317,600 / 50 p.s.f.
Size: 6,352 s.f.
Bare Shell, High Floor, Sea View
Prop.#: 1022","317,600"
New Henry House,CENTRAL,"New Henry House
CENTRAL
Rental: HKD 317,100 / 70 p.s.f.
Size: 4,530 s.f.
Fully Fitted, Low Floor, City View
Prop.#: 83790","317,100"
"Harbourfront, One",HUNG HOM / TO KWA WAN,"Harbourfront, One
HUNG HOM / TO KWA WAN
Rental: HKD 316,440 / 36 p.s.f.
Size: 8,790 s.f.
Low Floor, Sea View
Prop.#: 66263","316,440"
"Central Des Voeux, 308",SHEUNG WAN,"Central Des Voeux, 308
SHEUNG WAN
Rental: HKD 312,624 / 39 p.s.f.
Size: 8,016 s.f.
Bare Shell, City View
Prop.#: 88523","312,624"
Albion Plaza,TSIM SHA TSUI,"Albion Plaza
TSIM SHA TSUI
Rental: HKD 311,600 / 41 p.s.f.
Size: 7,600 s.f.
Fully Fitted, High Floor, City View
Prop.#: 66198","311,600"
Tak Shing House,CENTRAL,"Tak Shing House
CENTRAL
Rental: HKD 311,150 / 70 p.s.f.
Size: 4,445 s.f.
Bare Shell, High Floor, City View
Prop.#: 91429","311,150"
AIA Central,CENTRAL,"AIA Central
CENTRAL
Rental: HKD 310,680 / 90 p.s.f.
Size: 3,452 s.f.
Low Floor
Prop.#: 91480","310,680"
Ruttonjee Centre - Dina House,CENTRAL,"Ruttonjee Centre - Dina House
CENTRAL
Rental: HKD 310,040 / 40 p.s.f.
Size: 7,751 s.f.
Bare Shell, City View
Prop.#: 91658","310,040"
"Gateway, The - Tower 6",TSIM SHA TSUI,"Gateway, The - Tower 6
TSIM SHA TSUI
Rental: HKD 308,771 / 41 p.s.f.
Size: 7,531 s.f.
Mid Floor
Prop.#: 12296","308,771"
Cosco Tower,SHEUNG WAN,"Cosco Tower
SHEUNG WAN
Rental: HKD 306,504 / 43 p.s.f.
Size: 7,128 s.f.
Fully Fitted, Mid Floor, Open View
Prop.#: 19590","306,504"
Great Eagle Centre,WAN CHAI,"Great Eagle Centre
WAN CHAI
Rental: HKD 305,188 / 52 p.s.f.
Size: 5,869 s.f.
Bare Shell, High Floor, City View
Prop.#: 87859","305,188"
COFCO Tower,CAUSEWAY BAY,"COFCO Tower
CAUSEWAY BAY
Rental: HKD 304,896 / 48 p.s.f.
Size: 6,352 s.f.
Bare Shell, High Floor, Sea View
Prop.#: 1020","304,896"
China Taiping Finance Centre,NORTH POINT,"China Taiping Finance Centre
NORTH POINT
Rental: HKD 304,668 / 63 p.s.f.
Size: 4,836 s.f.
Bare Shell, Low Floor, Sea View
Prop.#: 81407","304,668"
Three Garden Road - Champion Tower,CENTRAL,"Three Garden Road - Champion Tower
CENTRAL
Rental: HKD 304,482 / 93 p.s.f.
Size: 3,274 s.f.
Bare Shell, Mid Floor, City View
Prop.#: 8191","304,482"
"Gateway, The - Tower 2",TSIM SHA TSUI,"Gateway, The - Tower 2
TSIM SHA TSUI
Rental: HKD 302,956 / 37 p.s.f.
Size: 8,188 s.f.
Bare Shell, Mid Floor
Prop.#: 71277","302,956"
United Centre,ADMIRALTY,"United Centre
ADMIRALTY
Rental: HKD 302,412 / 33 p.s.f.
Size: 9,164 s.f.
Bare Shell, High Floor, Partial Seaview
Prop.#: 83400","302,412"
Cosco Tower,SHEUNG WAN,"Cosco Tower
SHEUNG WAN
Rental: HKD 301,400 / 55 p.s.f.
Size: 5,480 s.f.
Fully Fitted, Mountain View
Prop.#: 87224","301,400"
"Yee Wo Street, 68",CAUSEWAY BAY,"Yee Wo Street, 68
CAUSEWAY BAY
Rental: HKD 300,524 / 28 p.s.f.
Size: 10,733 s.f.
Bare Shell, City View
Prop.#: 13987","300,524"
"Yee Wo Street, 68",CAUSEWAY BAY,"Yee Wo Street, 68
CAUSEWAY BAY
Rental: HKD 300,524 / 28 p.s.f.
Size: 10,733 s.f.
Bare Shell, Mid Floor, City View
Prop.#: 13988","300,524"
China Taiping Finance Centre,NORTH POINT,"China Taiping Finance Centre
NORTH POINT
Rental: HKD 299,832 / 62 p.s.f.
Size: 4,836 s.f.
Fully Fitted, Mid Floor, Sea View
Prop.#: 81406","299,832"
Agricultural Bank Of China Tower,CENTRAL,"Agricultural Bank Of China Tower
CENTRAL
Rental: HKD 298,560 / 80 p.s.f.
Size: 3,732 s.f.
Furnished, Low Floor, City View
Prop.#: 60334","298,560"
Millennium City 1 - Tower 01,KWUN TONG,"Millennium City 1 - Tower 01
KWUN TONG
Rental: HKD 298,468 / 29 p.s.f.
Size: 10,292 s.f.
Fully Fitted, Mid Floor
Prop.#: 90215","298,468"
Carnarvon Plaza,TSIM SHA TSUI,"Carnarvon Plaza
TSIM SHA TSUI
Rental: HKD 298,033 / 39 p.s.f.
Size: 7,599 s.f.
Low Floor
Prop.#: 5544","298,033"
The Center,CENTRAL,"The Center
CENTRAL
Rental: HKD 296,310 / 70 p.s.f.
Size: 4,233 s.f.
Fully Fitted, High Floor, Partial Seaview
Prop.#: 55584","296,310"
"Pacific Place, Five (Hennessy Road, 28)",WAN CHAI,"Pacific Place, Five (Hennessy Road, 28)
WAN CHAI
Rental: HKD 296,100 / 60 p.s.f.
Size: 4,935 s.f.
Bare Shell, Mid Floor, City View
Prop.#: 58523","296,100"
New World Tower 2,CENTRAL,"New World Tower 2
CENTRAL
Rental: HKD 295,200 / 60 p.s.f.
Size: 4,920 s.f.
Fully Fitted, Mid Floor, City View
Prop.#: 48927","295,200"
Millennium City 2,KWUN TONG,"Millennium City 2
KWUN TONG
Rental: HKD 294,786 / 27 p.s.f.
Size: 10,918 s.f.
Fully Fitted, Mid Floor
Prop.#: 58876","294,786"
Tak Shing House,CENTRAL,"Tak Shing House
CENTRAL
Rental: HKD 294,120 / 76 p.s.f.
Size: 3,870 s.f.
Bare Shell, Mid Floor
Prop.#: 91436","294,120"
"Heung Yip Road, 41",WONG CHUK HANG,"Heung Yip Road, 41
WONG CHUK HANG
Rental: HKD 293,600 / 25 p.s.f.
Size: 11,744 s.f.
Fully Fitted, High Floor, Sea View
Prop.#: 73544","293,600"
"Heung Yip Road, 41",WONG CHUK HANG,"Heung Yip Road, 41
WONG CHUK HANG
Rental: HKD 293,600 / 25 p.s.f.
Size: 11,744 s.f.
Fully Fitted, High Floor, Partial Seaview
Prop.#: 73545","293,600"
World Trade Centre,CAUSEWAY BAY,"World Trade Centre
CAUSEWAY BAY
Rental: HKD 293,500 / 50 p.s.f.
Size: 5,870 s.f.
Bare Shell, High Floor
Prop.#: 91798","293,500"
Times Square - Tower 2,CAUSEWAY BAY,"Times Square - Tower 2
CAUSEWAY BAY
Rental: HKD 293,050 / 50 p.s.f.
Size: 5,861 s.f.
High Floor, Partial Seaview
Prop.#: 92193","293,050"
The Center,CENTRAL,"The Center
CENTRAL
Rental: HKD 293,013 / 63 p.s.f.
Size: 4,651 s.f.
Bare Shell, Mid Floor, City View
Prop.#: 67836","293,013"
The Center,CENTRAL,"The Center
CENTRAL
Rental: HKD 292,810 / 70 p.s.f.
Price: HKD 99.6M / 23,800 p.s.f.
Size: 4,183 s.f.
Fully Fitted, High Floor, City View
Prop.#: 52639","292,810"
Times Square - Tower 2,CAUSEWAY BAY,"Times Square - Tower 2
CAUSEWAY BAY
Rental: HKD 291,950 / 50 p.s.f.
Size: 5,839 s.f.
Fully Fitted, Mid Floor, Partial Seaview
Prop.#: 84403","291,950"
"Queen's Road Central, 9",CENTRAL,"Queen's Road Central, 9
CENTRAL
Rental: HKD 291,540 / 60 p.s.f.
Size: 4,859 s.f.
Fully Fitted, Partial Seaview
Prop.#: 87156","291,540"
Hopewell Centre,WAN CHAI,"Hopewell Centre
WAN CHAI
Rental: HKD 291,300 / 100 p.s.f.
Size: 2,913 s.f.
Fully Fitted, Low Floor
Prop.#: 91270","291,300"
Landmark South,WONG CHUK HANG,"Landmark South
WONG CHUK HANG
Rental: HKD 290,738 / 38 p.s.f.
Size: 7,651 s.f.
Bare Shell, Low Floor, Mountain View
Prop.#: 86461","290,738"
Bank of East Asia Harbour View Centre,WAN CHAI,"Bank of East Asia Harbour View Centre
WAN CHAI
Rental: HKD 290,709 / 37 p.s.f.
Size: 7,857 s.f.
Fully Fitted, Low Floor
Prop.#: 73655","290,709"
Chuang's London Plaza,JORDAN,"Chuang's London Plaza
JORDAN
Rental: HKD 290,706 / 39 p.s.f.
Size: 7,454 s.f.
Bare Shell, Low Floor
Prop.#: 55452","290,706"
Guardian House,WAN CHAI,"Guardian House
WAN CHAI
Rental: HKD 290,700 / 25 p.s.f.
Size: 11,628 s.f.
Bare Shell, Low Floor, City View
Prop.#: 5379","290,700"
Guardian House,WAN CHAI,"Guardian House
WAN CHAI
Rental: HKD 290,700 / 25 p.s.f.
Size: 11,628 s.f.
Fully Fitted, Mid Floor, City View
Prop.#: 19254","290,700"
H Queen's,CENTRAL,"H Queen's
CENTRAL
Rental: HKD 290,580 / 60 p.s.f.
Size: 4,843 s.f.
Mid Floor
Prop.#: 75419","290,580"
H Queen's,CENTRAL,"H Queen's
CENTRAL
Rental: HKD 290,580 / 60 p.s.f.
Size: 4,843 s.f.
Bare Shell, High Floor
Prop.#: 89998","290,580"
Times Media Centre,WAN CHAI,"Times Media Centre
WAN CHAI
Rental: HKD 289,983 / 60 p.s.f.
Size: 4,825 s.f.
Low Floor
Prop.#: 90662","289,983"
Trade Square,CHEUNG SHA WAN / LAI CHI KOK,"Trade Square
CHEUNG SHA WAN / LAI CHI KOK
Rental: HKD 289,895 / 19 p.s.f.
Size: 15,670 s.f.
Fully Fitted, Mid Floor, City View
Prop.#: 54289","289,895"
Cosco Tower,SHEUNG WAN,"Cosco Tower
SHEUNG WAN
Rental: HKD 287,627 / 43 p.s.f.
Size: 6,689 s.f.
Fully Fitted, Mid Floor
Prop.#: 81507","287,627"
China Building,CENTRAL,"China Building
CENTRAL
Rental: HKD 287,625 / 65 p.s.f.
Size: 4,425 s.f.
Bare Shell, Low Floor, City View
Prop.#: 7966","287,625"
Victoria Centre,NORTH POINT,"Victoria Centre
NORTH POINT
Rental: HKD 287,500 / 25 p.s.f.
Price: HKD 161.0M / 14,000 p.s.f.
Size: 11,500 s.f.
Bare Shell, Low Floor, Sea View
Prop.#: 81620","287,500"
Leighton Centre,CAUSEWAY BAY,"Leighton Centre
CAUSEWAY BAY
Rental: HKD 287,496 / 36 p.s.f.
Size: 7,986 s.f.
Fully Fitted, Mid Floor, City View
Prop.#: 92093","287,496"
Lee Garden Five (18 Hysan Avenue),CAUSEWAY BAY,"Lee Garden Five (18 Hysan Avenue)
CAUSEWAY BAY
Rental: HKD 287,320 / 55 p.s.f.
Size: 5,224 s.f.
Fully Fitted, High Floor, City View
Prop.#: 84254","287,320"
Tak Shing House,CENTRAL,"Tak Shing House
CENTRAL
Rental: HKD 286,848 / 72 p.s.f.
Size: 3,984 s.f.
Bare Shell, Low Floor
Prop.#: 91443","286,848"
Sun Hung Kai Centre,WAN CHAI,"Sun Hung Kai Centre
WAN CHAI
Rental: HKD 286,378 / 62 p.s.f.
Size: 4,619 s.f.
Bare Shell, High Floor, Partial Seaview
Prop.#: 88591","286,378"
Energy Plaza,TSIM SHA TSUI,"Energy Plaza
TSIM SHA TSUI
Rental: HKD 285,821 / 23 p.s.f.
Size: 12,427 s.f.
Fully Fitted, Low Floor, City View
Prop.#: 67022","285,821"
"Harbourfront, One",HUNG HOM / TO KWA WAN,"Harbourfront, One
HUNG HOM / TO KWA WAN
Rental: HKD 285,732 / 36 p.s.f.
Size: 7,937 s.f.
Fully Fitted, High Floor, City View
Prop.#: 87929","285,732"
Lee & Man Commercial Center,NORTH POINT,"Lee & Man Commercial Center
NORTH POINT
Rental: HKD 284,284 / 28 p.s.f.
Size: 10,153 s.f.
Fully Fitted, High Floor, Sea View
Prop.#: 52599","284,284"
Cosco Tower,SHEUNG WAN,"Cosco Tower
SHEUNG WAN
Rental: HKD 284,080 / 40 p.s.f.
Size: 7,102 s.f.
Fully Fitted, Mid Floor, City View
Prop.#: 55251","284,080"
Kingston International Centre,KOWLOON BAY,"Kingston International Centre
KOWLOON BAY
Rental: HKD 282,640 / 20 p.s.f.
Size: 14,132 s.f.
Bare Shell, Low Floor, City View
Prop.#: 84764","282,640"
Silver Fortune Plaza,CENTRAL,"Silver Fortune Plaza
CENTRAL
Rental: HKD 282,420 / 60 p.s.f.
Size: 4,707 s.f.
Fully Fitted, Low Floor, City View
Prop.#: 48081","282,420"
Shun Tak Centre - China Merchants Tower,SHEUNG WAN,"Shun Tak Centre - China Merchants Tower
SHEUNG WAN
Rental: HKD 280,539 / 44 p.s.f.
Size: 6,405 s.f.
Furnished, Sea View
Prop.#: 91898","280,539"
China Overseas Building,WAN CHAI,"China Overseas Building
WAN CHAI
Rental: HKD 280,455 / 35 p.s.f.
Size: 8,013 s.f.
Bare Shell
Prop.#: 90204","280,455"
"King's Road, 1063",QUARRY BAY,"King's Road, 1063
QUARRY BAY
Rental: HKD 279,946 / 38 p.s.f.
Size: 7,367 s.f.
Mid Floor
Prop.#: 74504","279,946"
Hopewell Centre,WAN CHAI,"Hopewell Centre
WAN CHAI
Rental: HKD 278,460 / 45 p.s.f.
Size: 6,188 s.f.
Fully Fitted, Low Floor, Mountain View
Prop.#: 75829","278,460"
Tower 535,CAUSEWAY BAY,"Tower 535
CAUSEWAY BAY
Rental: HKD 277,920 / 60 p.s.f.
Size: 4,632 s.f.
Fully Fitted, Mid Floor, Sea View
Prop.#: 78173","277,920"
Three Garden Road - Champion Tower,CENTRAL,"Three Garden Road - Champion Tower
CENTRAL
Rental: HKD 277,698 / 93 p.s.f.
Size: 2,986 s.f.
Fully Fitted, Low Floor, Garden View
Prop.#: 66110","277,698"
Entertainment Building,CENTRAL,"Entertainment Building
CENTRAL
Rental: HKD 276,850 / 70 p.s.f.
Size: 3,955 s.f.
Fully Fitted, High Floor, City View
Prop.#: 55165","276,850"
"Wyndham Street, 33",CENTRAL,"Wyndham Street, 33
CENTRAL
Rental: HKD 276,780 / 60 p.s.f.
Size: 4,613 s.f.
Fully Fitted, Mid Floor, City View
Prop.#: 5516","276,780"
Agricultural Bank Of China Tower,CENTRAL,"Agricultural Bank Of China Tower
CENTRAL
Rental: HKD 276,675 / 75 p.s.f.
Size: 3,689 s.f.
Bare Shell, Low Floor, City View
Prop.#: 88801","276,675"
Times Square - Tower 1,CAUSEWAY BAY,"Times Square - Tower 1
CAUSEWAY BAY
Rental: HKD 275,918 / 53 p.s.f.
Size: 5,206 s.f.
Bare Shell, Partial Seaview
Prop.#: 89575","275,918"
Tower 535,CAUSEWAY BAY,"Tower 535
CAUSEWAY BAY
Rental: HKD 274,615 / 55 p.s.f.
Size: 4,993 s.f.
Fully Fitted, Low Floor
Prop.#: 79956","274,615"
Man Yee Building,CENTRAL,"VR TOUR
Man Yee Building
CENTRAL
Rental: HKD 274,482 / 78 p.s.f.
Size: 3,519 s.f.
Fully Fitted, Low Floor, City View
Prop.#: 53940","274,482"
Lee & Man Commercial Center,NORTH POINT,"Lee & Man Commercial Center
NORTH POINT
Rental: HKD 274,131 / 27 p.s.f.
Size: 10,153 s.f.
Bare Shell, High Floor, Sea View
Prop.#: 52598","274,131"
"Gateway, The - Tower 6",TSIM SHA TSUI,"Gateway, The - Tower 6
TSIM SHA TSUI
Rental: HKD 272,064 / 48 p.s.f.
Size: 5,668 s.f.
High Floor
Prop.#: 91702","272,064"
Three Garden Road - Champion Tower,CENTRAL,"Three Garden Road - Champion Tower
CENTRAL
Rental: HKD 271,932 / 93 p.s.f.
Size: 2,924 s.f.
Bare Shell, Mid Floor, Partial Seaview
Prop.#: 16404","271,932"
"Nathan Road, 700",MONG KOK / TAI KOK TSUI,"Nathan Road, 700
MONG KOK / TAI KOK TSUI
Rental: HKD 271,586 / 38 p.s.f.
Size: 7,147 s.f.
Fully Fitted
Prop.#: 91333","271,586"
Chinachem Golden Plaza,TSIM SHA TSUI,"Chinachem Golden Plaza
TSIM SHA TSUI
Rental: HKD 271,377 / 23 p.s.f.
Size: 11,799 s.f.
Bare Shell, High Floor, City View
Prop.#: 89700","271,377"
Three Garden Road - ICBC Tower,CENTRAL,"Three Garden Road - ICBC Tower
CENTRAL
Rental: HKD 270,537 / 93 p.s.f.
Size: 2,909 s.f.
Fully Fitted, Low Floor, City View
Prop.#: 92053","270,537"
The Center,CENTRAL,"The Center
CENTRAL
Rental: HKD 270,396 / 63 p.s.f.
Price: HKD 102.1M / 23,800 p.s.f.
Size: 4,292 s.f.
Bare Shell, Mid Floor, City View
Prop.#: 67835","270,396"
Connaught Marina,SHEUNG WAN,"Connaught Marina
SHEUNG WAN
Rental: HKD 270,360 / 120 p.s.f.
Size: 2,253 s.f.
Bare Shell, Low Floor
Prop.#: 83963","270,360"
"Heung Yip Road, 41",WONG CHUK HANG,"Heung Yip Road, 41
WONG CHUK HANG
Rental: HKD 270,112 / 23 p.s.f.
Size: 11,744 s.f.
Fully Fitted, Low Floor, City View
Prop.#: 73528","270,112"
Lee & Man Commercial Center,NORTH POINT,"Lee & Man Commercial Center
NORTH POINT
Rental: HKD 270,025 / 25 p.s.f.
Size: 10,801 s.f.
Fully Fitted, Mid Floor, City View
Prop.#: 62330","270,025"
Luk Kwok Centre,WAN CHAI,"Luk Kwok Centre
WAN CHAI
Rental: HKD 268,905 / 39 p.s.f.
Size: 6,895 s.f.
Bare Shell, Mid Floor
Prop.#: 78","268,905"
Luk Kwok Centre,WAN CHAI,"Luk Kwok Centre
WAN CHAI
Rental: HKD 268,905 / 39 p.s.f.
Size: 6,895 s.f.
Bare Shell, Mid Floor, Partial Seaview
Prop.#: 518","268,905"
Luk Kwok Centre,WAN CHAI,"Luk Kwok Centre
WAN CHAI
Rental: HKD 268,905 / 39 p.s.f.
Size: 6,895 s.f.
Fully Fitted, Mid Floor, City View
Prop.#: 38833","268,905"
Luk Kwok Centre,WAN CHAI,"Luk Kwok Centre
WAN CHAI
Rental: HKD 268,905 / 39 p.s.f.
Size: 6,895 s.f.
Bare Shell, High Floor, City View
Prop.#: 16815","268,905"
Luk Kwok Centre,WAN CHAI,"Luk Kwok Centre
WAN CHAI
Rental: HKD 268,905 / 39 p.s.f.
Size: 6,895 s.f.
Fully Fitted
Prop.#: 52282","268,905"
Nan Fung Tower,SHEUNG WAN,"Nan Fung Tower
SHEUNG WAN
Rental: HKD 268,686 / 46 p.s.f.
Size: 5,841 s.f.
Fully Fitted, Mid Floor
Prop.#: 55821","268,686"
Harcourt House,WAN CHAI,"Harcourt House
WAN CHAI
Rental: HKD 268,674 / 42 p.s.f.
Size: 6,397 s.f.
Fully Fitted, Low Floor, Sea View
Prop.#: 75306","268,674"
Cosco Tower,SHEUNG WAN,"Cosco Tower
SHEUNG WAN
Rental: HKD 267,996 / 46 p.s.f.
Size: 5,826 s.f.
Fully Fitted, Mid Floor, Open View
Prop.#: 5495","267,996"
Chinachem Golden Plaza,TSIM SHA TSUI,"Chinachem Golden Plaza
TSIM SHA TSUI
Rental: HKD 267,720 / 23 p.s.f.
Size: 11,640 s.f.
Bare Shell, Low Floor, City View
Prop.#: 87636","267,720"
Infinitus Plaza,SHEUNG WAN,"Infinitus Plaza
SHEUNG WAN
Rental: HKD 267,456 / 42 p.s.f.
Size: 6,368 s.f.
Bare Shell, Partial Seaview
Prop.#: 91460","267,456"
Connaught Marina,SHEUNG WAN,"Connaught Marina
SHEUNG WAN
Rental: HKD 267,150 / 150 p.s.f.
Size: 1,781 s.f.
Bare Shell, Low Floor
Prop.#: 83962","267,150"
Cheung Kong Center,CENTRAL,"Cheung Kong Center
CENTRAL
Rental: HKD 266,090 / 110 p.s.f.
Size: 2,419 s.f.
Prop.#: 86227","266,090"
Tak Shing House,CENTRAL,"Tak Shing House
CENTRAL
Rental: HKD 266,070 / 70 p.s.f.
Size: 3,801 s.f.
Bare Shell, Low Floor
Prop.#: 91444","266,070"
Asia Standard Tower,CENTRAL,"Asia Standard Tower
CENTRAL
Rental: HKD 265,600 / 50 p.s.f.
Size: 5,312 s.f.
Low Floor
Prop.#: 86116","265,600"
AIA Central,CENTRAL,"AIA Central
CENTRAL
Rental: HKD 265,050 / 90 p.s.f.
Size: 2,945 s.f.
Low Floor
Prop.#: 91957","265,050"
The Center,CENTRAL,"The Center
CENTRAL
Rental: HKD 262,990 / 70 p.s.f.
Price: HKD 89.4M / 23,800 p.s.f.
Size: 3,757 s.f.
Fully Fitted, Mid Floor, Sea View
Prop.#: 71295","262,990"
The Center,CENTRAL,"The Center
CENTRAL
Rental: HKD 262,400 / 80 p.s.f.
Size: 3,280 s.f.
High Floor
Prop.#: 92113","262,400"
Chubb Tower (Windsor House),CAUSEWAY BAY,"Chubb Tower (Windsor House)
CAUSEWAY BAY
Rental: HKD 261,468 / 36 p.s.f.
Size: 7,263 s.f.
Fully Fitted, High Floor, City View
Prop.#: 21657","261,468"
Hopewell Centre,WAN CHAI,"Hopewell Centre
WAN CHAI
Rental: HKD 260,600 / 100 p.s.f.
Size: 2,606 s.f.
Mid Floor
Prop.#: 92121","260,600"
Mira Place Tower A (Miramar Tower),TSIM SHA TSUI,"Mira Place Tower A (Miramar Tower)
TSIM SHA TSUI
Rental: HKD 260,386 / 49 p.s.f.
Size: 5,314 s.f.
Bare Shell, Low Floor, City View
Prop.#: 41422","260,386"
YF Life Centre,WAN CHAI,"YF Life Centre
WAN CHAI
Rental: HKD 259,720 / 40 p.s.f.
Size: 6,493 s.f.
Bare Shell, Low Floor
Prop.#: 56398","259,720"
Lee Garden One (The Lee Gardens),CAUSEWAY BAY,"VR TOUR
Lee Garden One (The Lee Gardens)
CAUSEWAY BAY
Rental: HKD 259,624 / 68 p.s.f.
Size: 3,818 s.f.
Fully Fitted, High Floor, Sea View
Prop.#: 47222","259,624"
AIA Central,CENTRAL,"AIA Central
CENTRAL
Rental: HKD 258,210 / 90 p.s.f.
Size: 2,869 s.f.
Low Floor
Prop.#: 91359","258,210"
"Harbourfront, Two",HUNG HOM / TO KWA WAN,"Harbourfront, Two
HUNG HOM / TO KWA WAN
Rental: HKD 258,156 / 36 p.s.f.
Size: 7,171 s.f.
High Floor
Prop.#: 50316","258,156"
Great Eagle Centre,WAN CHAI,"Great Eagle Centre
WAN CHAI
Rental: HKD 257,900 / 50 p.s.f.
Size: 5,158 s.f.
Bare Shell, High Floor, City View
Prop.#: 10002","257,900"
Central Tower,CENTRAL,"Central Tower
CENTRAL
Rental: HKD 257,700 / 75 p.s.f.
Size: 3,436 s.f.
Bare Shell, Low Floor, City View
Prop.#: 65642","257,700"
Victoria Centre,NORTH POINT,"Victoria Centre
NORTH POINT
Rental: HKD 257,625 / 25 p.s.f.
Size: 10,305 s.f.
Partially Fitted, City View
Prop.#: 88970","257,625"
Man Yee Building,CENTRAL,"Man Yee Building
CENTRAL
Rental: HKD 257,070 / 95 p.s.f.
Size: 2,706 s.f.
Bare Shell, High Floor, Open View
Prop.#: 64456","257,070"
H Code,CENTRAL,"H Code
CENTRAL
Rental: HKD 256,992 / 48 p.s.f.
Size: 5,354 s.f.
Bare Shell, Low Floor, City View
Prop.#: 78093","256,992"
H Code,CENTRAL,"H Code
CENTRAL
Rental: HKD 256,992 / 48 p.s.f.
Size: 5,354 s.f.
Fully Fitted, Low Floor, City View
Prop.#: 80986","256,992"
H Code,CENTRAL,"H Code
CENTRAL
Rental: HKD 256,992 / 48 p.s.f.
Size: 5,354 s.f.
Fully Fitted, Low Floor
Prop.#: 82508","256,992"
H Code,CENTRAL,"H Code
CENTRAL
Rental: HKD 256,992 / 48 p.s.f.
Size: 5,354 s.f.
Fully Fitted, Mid Floor, City View
Prop.#: 89046","256,992"
Times Square - Tower 2,CAUSEWAY BAY,"Times Square - Tower 2
CAUSEWAY BAY
Rental: HKD 256,900 / 50 p.s.f.
Size: 5,138 s.f.
Bare Shell, High Floor, Partial Seaview
Prop.#: 70059","256,900"
YF Life Centre,WAN CHAI,"YF Life Centre
WAN CHAI
Rental: HKD 256,880 / 40 p.s.f.
Size: 6,422 s.f.
Furnished, Low Floor, City View
Prop.#: 62673","256,880"
Millennium City 5 - BEA Tower,KWUN TONG,"Millennium City 5 - BEA Tower
KWUN TONG
Rental: HKD 256,156 / 34 p.s.f.
Size: 7,534 s.f.
Bare Shell, Mid Floor
Prop.#: 84827","256,156"
"King's Road, 633",NORTH POINT,"King's Road, 633
NORTH POINT
Rental: HKD 256,148 / 26 p.s.f.
Size: 10,045 s.f.
Fully Fitted, High Floor, Partial Seaview
Prop.#: 27585","256,148"
"King's Road, 633",NORTH POINT,"King's Road, 633
NORTH POINT
Rental: HKD 256,148 / 26 p.s.f.
Size: 10,045 s.f.
Fully Fitted, High Floor, Partial Seaview
Prop.#: 27594","256,148"
Shui On Centre,WAN CHAI,"Shui On Centre
WAN CHAI
Rental: HKD 256,032 / 32 p.s.f.
Size: 8,001 s.f.
Bare Shell, Mid Floor, City View
Prop.#: 34386","256,032"
"Queen's Road Central, 8",CENTRAL,"Queen's Road Central, 8
CENTRAL
Rental: HKD 256,020 / 85 p.s.f.
Size: 3,012 s.f.
Fully Fitted, Mid Floor, City View
Prop.#: 39273","256,020"
"Queen's Road Central, 8",CENTRAL,"Queen's Road Central, 8
CENTRAL
Rental: HKD 256,020 / 85 p.s.f.
Size: 3,012 s.f.
Fully Fitted, Mid Floor, Open View
Prop.#: 8526","256,020"
Lee & Man Commercial Center,NORTH POINT,"Lee & Man Commercial Center
NORTH POINT
Rental: HKD 255,650 / 25 p.s.f.
Size: 10,226 s.f.
Furnished, Low Floor, City View
Prop.#: 67307","255,650"
Standard Chartered Bank Building,CENTRAL,"Standard Chartered Bank Building
CENTRAL
Rental: HKD 255,600 / 80 p.s.f.
Size: 3,195 s.f.
Fully Fitted, Low Floor, Mountain View
Prop.#: 89040","255,600"
K Wah Centre,NORTH POINT,"K Wah Centre
NORTH POINT
Rental: HKD 254,664 / 18 p.s.f.
Size: 14,148 s.f.
Bare Shell, Low Floor, Partial Seaview
Prop.#: 13462","254,664"
Kerry Centre,NORTH POINT,"Kerry Centre
NORTH POINT
Rental: HKD 253,506 / 33 p.s.f.
Size: 7,682 s.f.
Fully Fitted, Low Floor, Sea View
Prop.#: 88789","253,506"
Lee & Man Commercial Center,NORTH POINT,"Lee & Man Commercial Center
NORTH POINT
Rental: HKD 252,576 / 24 p.s.f.
Size: 10,524 s.f.
Bare Shell, Low Floor, City View
Prop.#: 67306","252,576"
Central Plaza,WAN CHAI,"Central Plaza
WAN CHAI
Rental: HKD 251,680 / 55 p.s.f.
Size: 4,576 s.f.
Fully Fitted, Low Floor, Partial Seaview
Prop.#: 69902","251,680"
H8,TSIM SHA TSUI,"H8
TSIM SHA TSUI
Rental: HKD 250,001 / 77 p.s.f.
Price: HKD 194.1M / 60,000 p.s.f.
Size: 3,235 s.f.
Fully Fitted, Low Floor
Prop.#: 87984","250,001"
Hua Chiao Commercial Centre,MONG KOK / TAI KOK TSUI,"Hua Chiao Commercial Centre
MONG KOK / TAI KOK TSUI
Rental: HKD 250,000 / 45 p.s.f.
Size: 5,542 s.f.
Fully Fitted, City View
Prop.#: 70043","250,000"
Kowloon Centre,TSIM SHA TSUI,"Kowloon Centre
TSIM SHA TSUI
Rental: HKD 249,956 / 15 p.s.f.
Price: HKD 160.0M / 9,812 p.s.f.
Size: 16,305 s.f.
Bare Shell, Low Floor, City View
Prop.#: 36860","249,956"
"Queen's Road Central, 9",CENTRAL,"Queen's Road Central, 9
CENTRAL
Rental: HKD 249,300 / 45 p.s.f.
Size: 5,540 s.f.
Fully Fitted, Low Floor, City View
Prop.#: 67220","249,300"
Ho Lee Commercial Building,CENTRAL,"Ho Lee Commercial Building
CENTRAL
Rental: HKD 249,100 / 47 p.s.f.
Size: 5,300 s.f.
Fully Fitted
Prop.#: 87619","249,100"
Wu Chung House,WAN CHAI,"Wu Chung House
WAN CHAI
Rental: HKD 248,850 / 30 p.s.f.
Size: 8,295 s.f.
Bare Shell, High Floor
Prop.#: 86816","248,850"
"Nathan Road, 26",TSIM SHA TSUI,"Nathan Road, 26
TSIM SHA TSUI
Rental: HKD 248,248 / 62 p.s.f.
Size: 4,004 s.f.
Fully Fitted, Mid Floor
Prop.#: 91277","248,248"
Kerry Centre,NORTH POINT,"Kerry Centre
NORTH POINT
Rental: HKD 247,929 / 33 p.s.f.
Size: 7,513 s.f.
Fully Fitted, Low Floor, City View
Prop.#: 61520","247,929"
Bank of America Tower,CENTRAL,"Bank of America Tower
CENTRAL
Rental: HKD 247,500 / 45 p.s.f.
Size: 5,500 s.f.
Furnished, Sea View
Prop.#: 83173","247,500"
Mira Place Tower A (Miramar Tower),TSIM SHA TSUI,"Mira Place Tower A (Miramar Tower)
TSIM SHA TSUI
Rental: HKD 247,303 / 49 p.s.f.
Size: 5,047 s.f.
Fully Fitted, Low Floor
Prop.#: 77547","247,303"
K11 Atelier King's Road,QUARRY BAY,"K11 Atelier King's Road
QUARRY BAY
Rental: HKD 246,600 / 45 p.s.f.
Size: 5,480 s.f.
Fully Fitted, Low Floor, City View
Prop.#: 91583","246,600"
The Tonnochy,WAN CHAI,"The Tonnochy
WAN CHAI
Rental: HKD 246,505 / 35 p.s.f.
Size: 7,043 s.f.
Low Floor
Prop.#: 90923","246,505"
International Commerce Centre (ICC),TSIM SHA TSUI,"International Commerce Centre (ICC)
TSIM SHA TSUI
Rental: HKD 246,375 / 75 p.s.f.
Size: 3,285 s.f.
Bare Shell, Low Floor, Partial Seaview
Prop.#: 81947","246,375"
Cosco Tower,SHEUNG WAN,"Cosco Tower
SHEUNG WAN
Rental: HKD 246,200 / 40 p.s.f.
Size: 6,155 s.f.
Fully Fitted, Mid Floor, City View
Prop.#: 19585","246,200"
Lee & Man Commercial Center,NORTH POINT,"Lee & Man Commercial Center
NORTH POINT
Rental: HKD 245,424 / 24 p.s.f.
Size: 10,226 s.f.
Fully Fitted, Low Floor, City View
Prop.#: 38842","245,424"
Jubilee Centre,WAN CHAI,"Jubilee Centre
WAN CHAI
Rental: HKD 242,550 / 35 p.s.f.
Size: 6,930 s.f.
Fully Fitted, Sea View
Prop.#: 56746","242,550"
"Queen's Road Central, 8",CENTRAL,"Queen's Road Central, 8
CENTRAL
Rental: HKD 240,960 / 80 p.s.f.
Size: 3,012 s.f.
Bare Shell, Mid Floor, City View
Prop.#: 49301","240,960"
"Queen's Road Central, 8",CENTRAL,"Queen's Road Central, 8
CENTRAL
Rental: HKD 240,960 / 80 p.s.f.
Size: 3,012 s.f.
Fully Fitted, Mid Floor, City View
Prop.#: 55425","240,960"
Lippo Centre - Tower 2,ADMIRALTY,"Lippo Centre - Tower 2
ADMIRALTY
Rental: HKD 240,750 / 45 p.s.f.
Size: 5,350 s.f.
Fully Fitted, High Floor
Prop.#: 91878","240,750"
Grand Millennium Plaza,SHEUNG WAN,"Grand Millennium Plaza
SHEUNG WAN
Rental: HKD 240,142 / 34 p.s.f.
Size: 7,063 s.f.
Bare Shell, High Floor, Open View
Prop.#: 57883","240,142"
Coda Plaza,CENTRAL,"Coda Plaza
CENTRAL
Rental: HKD 240,000 / 48 p.s.f.
Size: 5,000 s.f.
Bare Shell, High Floor
Prop.#: 74787","240,000"
Coda Plaza,CENTRAL,"Coda Plaza
CENTRAL
Rental: HKD 240,000 / 48 p.s.f.
Size: 5,000 s.f.
Prop.#: 74788","240,000"
California Tower,CENTRAL,"California Tower
CENTRAL
Rental: HKD 239,460 / 60 p.s.f.
Size: 3,991 s.f.
Bare Shell, Low Floor, City View
Prop.#: 89521","239,460"
Trade Square,CHEUNG SHA WAN / LAI CHI KOK,"Trade Square
CHEUNG SHA WAN / LAI CHI KOK
Rental: HKD 238,017 / 22 p.s.f.
Size: 10,640 s.f.
Bare Shell, Mid Floor, Open View
Prop.#: 68567","238,017"
"Nathan Road, 26",TSIM SHA TSUI,"Nathan Road, 26
TSIM SHA TSUI
Rental: HKD 237,974 / 58 p.s.f.
Size: 4,103 s.f.
Bare Shell, Mid Floor
Prop.#: 91276","237,974"
Millennium City 5 - BEA Tower,KWUN TONG,"Millennium City 5 - BEA Tower
KWUN TONG
Rental: HKD 237,900 / 39 p.s.f.
Size: 6,100 s.f.
Bare Shell, High Floor
Prop.#: 54275","237,900"
LHT Tower,CENTRAL,"LHT Tower
CENTRAL
Rental: HKD 237,660 / 85 p.s.f.
Size: 2,796 s.f.
Fully Fitted, City View
Prop.#: 92057","237,660"
Infinitus Plaza,SHEUNG WAN,"Infinitus Plaza
SHEUNG WAN
Rental: HKD 237,440 / 160 p.s.f.
Size: 1,484 s.f.
Bare Shell, Low Floor
Prop.#: 92050","237,440"
East Town Building,WAN CHAI,"East Town Building
WAN CHAI
Rental: HKD 236,940 / 33 p.s.f.
Size: 7,180 s.f.
Bare Shell, High Floor, City View
Prop.#: 62821","236,940"
East Town Building,WAN CHAI,"East Town Building
WAN CHAI
Rental: HKD 236,940 / 33 p.s.f.
Size: 7,180 s.f.
Bare Shell, Mid Floor, City View
Prop.#: 9670","236,940"
East Town Building,WAN CHAI,"East Town Building
WAN CHAI
Rental: HKD 236,940 / 33 p.s.f.
Size: 7,180 s.f.
Bare Shell, High Floor, City View
Prop.#: 24603","236,940"
Silver Fortune Plaza,CENTRAL,"Silver Fortune Plaza
CENTRAL
Rental: HKD 236,340 / 65 p.s.f.
Size: 3,636 s.f.
Fully Fitted, Low Floor
Prop.#: 48084","236,340"
"Harbourfront, Two",HUNG HOM / TO KWA WAN,"Harbourfront, Two
HUNG HOM / TO KWA WAN
Rental: HKD 236,196 / 36 p.s.f.
Size: 6,561 s.f.
Fully Fitted, Mid Floor
Prop.#: 91281","236,196"
V Heun Building,CENTRAL,"V Heun Building
CENTRAL
Rental: HKD 236,120 / 40 p.s.f.
Price: HKD 165.3M / 28,000 p.s.f.
Size: 5,903 s.f.
Fully Fitted, Low Floor, City View
Prop.#: 46345","236,120"
"Harbourfront, One",HUNG HOM / TO KWA WAN,"Harbourfront, One
HUNG HOM / TO KWA WAN
Rental: HKD 235,800 / 36 p.s.f.
Size: 6,550 s.f.
Fully Fitted, Sea View
Prop.#: 86230","235,800"
Lee & Man Commercial Center,NORTH POINT,"Lee & Man Commercial Center
NORTH POINT
Rental: HKD 235,198 / 23 p.s.f.
Size: 10,226 s.f.
Fully Fitted, Low Floor, City View
Prop.#: 38841","235,198"
Millennium City 1 - Tower 01,KWUN TONG,"Millennium City 1 - Tower 01
KWUN TONG
Rental: HKD 235,161 / 29 p.s.f.
Size: 8,109 s.f.
Mid Floor
Prop.#: 40578","235,161"
World Finance Centre - North,TSIM SHA TSUI,"World Finance Centre - North
TSIM SHA TSUI
Rental: HKD 235,080 / 30 p.s.f.
Size: 7,836 s.f.
Bare Shell, High Floor
Prop.#: 91404","235,080"
Three Garden Road - ICBC Tower,CENTRAL,"Three Garden Road - ICBC Tower
CENTRAL
Rental: HKD 234,267 / 93 p.s.f.
Size: 2,519 s.f.
Bare Shell, Mid Floor, Open View
Prop.#: 76628","234,267"
Lippo Centre - Tower 1,ADMIRALTY,"Lippo Centre - Tower 1
ADMIRALTY
Rental: HKD 233,505 / 45 p.s.f.
Size: 5,189 s.f.
Fully Fitted, High Floor, Garden View
Prop.#: 26752","233,505"
K11 Atelier Victoria Dockside,TSIM SHA TSUI,"K11 Atelier Victoria Dockside
TSIM SHA TSUI
Rental: HKD 232,800 / 80 p.s.f.
Size: 2,910 s.f.
Fully Fitted, High Floor, Sea View
Prop.#: 87269","232,800"
"Harbourfront, One",HUNG HOM / TO KWA WAN,"Harbourfront, One
HUNG HOM / TO KWA WAN
Rental: HKD 232,560 / 36 p.s.f.
Size: 6,460 s.f.
Bare Shell, Mid Floor, Partial Seaview
Prop.#: 15798","232,560"
The Millennity - Tower 2,KWUN TONG,"The Millennity - Tower 2
KWUN TONG
Rental: HKD 232,372 / 28 p.s.f.
Size: 8,299 s.f.
Bare Shell, Low Floor
Prop.#: 89131","232,372"
Guangdong Investment Tower,SHEUNG WAN,"Guangdong Investment Tower
SHEUNG WAN
Rental: HKD 231,990 / 30 p.s.f.
Price: HKD 85.1M / 11,000 p.s.f.
Size: 7,733 s.f.
Fully Fitted, Sea View
Prop.#: 43160","231,990"
Ocean Centre,TSIM SHA TSUI,"Ocean Centre
TSIM SHA TSUI
Rental: HKD 231,270 / 30 p.s.f.
Size: 7,709 s.f.
Prop.#: 92137","231,270"
Central Plaza,WAN CHAI,"Central Plaza
WAN CHAI
Rental: HKD 231,133 / 53 p.s.f.
Size: 4,361 s.f.
Bare Shell, Low Floor
Prop.#: 89087","231,133"
Chinachem Golden Plaza,TSIM SHA TSUI,"Chinachem Golden Plaza
TSIM SHA TSUI
Rental: HKD 230,713 / 23 p.s.f.
Size: 10,031 s.f.
Bare Shell, Mid Floor, City View
Prop.#: 87638","230,713"
The Center,CENTRAL,"The Center
CENTRAL
Rental: HKD 230,425 / 65 p.s.f.
Size: 3,545 s.f.
Furnished, Mid Floor, Partial Seaview
Prop.#: 71151","230,425"
"Electric Road, 148",NORTH POINT,"Electric Road, 148
NORTH POINT
Rental: HKD 229,740 / 28 p.s.f.
Size: 8,205 s.f.
Fully Fitted, High Floor, Sea View
Prop.#: 27448","229,740"
Shun Tak Centre - West Tower,SHEUNG WAN,"Shun Tak Centre - West Tower
SHEUNG WAN
Rental: HKD 228,360 / 55 p.s.f.
Size: 4,152 s.f.
Fully Fitted, High Floor, Sea View
Prop.#: 81601","228,360"
Tower 535,CAUSEWAY BAY,"Tower 535
CAUSEWAY BAY
Rental: HKD 227,640 / 60 p.s.f.
Size: 3,794 s.f.
Bare Shell, Mid Floor, City View
Prop.#: 87246","227,640"
China Resources Building,WAN CHAI,"China Resources Building
WAN CHAI
Rental: HKD 227,425 / 55 p.s.f.
Size: 4,135 s.f.
Bare Shell, Mid Floor, City View
Prop.#: 85717","227,425"
Chinachem Tower,CENTRAL,"Chinachem Tower
CENTRAL
Rental: HKD 227,370 / 53 p.s.f.
Size: 4,290 s.f.
High Floor, City View
Prop.#: 65427","227,370"
China Taiping Finance Centre,NORTH POINT,"China Taiping Finance Centre
NORTH POINT
Rental: HKD 227,286 / 54 p.s.f.
Size: 4,209 s.f.
Bare Shell, Low Floor
Prop.#: 74601","227,286"
Times Square - Tower 2,CAUSEWAY BAY,"Times Square - Tower 2
CAUSEWAY BAY
Rental: HKD 226,700 / 50 p.s.f.
Size: 4,534 s.f.
Fully Fitted, High Floor, Partial Seaview
Prop.#: 23082","226,700"
Agricultural Bank Of China Tower,CENTRAL,"Agricultural Bank Of China Tower
CENTRAL
Rental: HKD 226,640 / 80 p.s.f.
Size: 2,833 s.f.
Fully Fitted, Low Floor, City View
Prop.#: 57592","226,640"
Golden Centre,SHEUNG WAN,"Golden Centre
SHEUNG WAN
Rental: HKD 226,170 / 42 p.s.f.
Size: 5,385 s.f.
Fully Fitted, Mid Floor, Partial Seaview
Prop.#: 60297","226,170"
Golden Centre,SHEUNG WAN,"Golden Centre
SHEUNG WAN
Rental: HKD 226,170 / 42 p.s.f.
Size: 5,385 s.f.
Fully Fitted, Mid Floor, Partial Seaview
Prop.#: 90164","226,170"
Golden Centre,SHEUNG WAN,"Golden Centre
SHEUNG WAN
Rental: HKD 226,170 / 42 p.s.f.
Size: 5,385 s.f.
Fully Fitted, Low Floor, City View
Prop.#: 18598","226,170"
"Queen's Road Central, 8",CENTRAL,"Queen's Road Central, 8
CENTRAL
Rental: HKD 225,900 / 75 p.s.f.
Size: 3,012 s.f.
Fully Fitted, Low Floor, Garden View
Prop.#: 17772","225,900"
"Queen's Road Central, 8",CENTRAL,"Queen's Road Central, 8
CENTRAL
Rental: HKD 225,900 / 75 p.s.f.
Size: 3,012 s.f.
Fully Fitted, Low Floor, City View
Prop.#: 12029","225,900"
Cosco Tower,SHEUNG WAN,"Cosco Tower
SHEUNG WAN
Rental: HKD 225,120 / 60 p.s.f.
Size: 3,752 s.f.
Bare Shell, High Floor, Sea View
Prop.#: 19638","225,120"
One Peking,TSIM SHA TSUI,"One Peking
TSIM SHA TSUI
Rental: HKD 224,000 / 70 p.s.f.
Size: 3,200 s.f.
Bare Shell, Sea View
Prop.#: 91357","224,000"
Chinachem Tower,CENTRAL,"Chinachem Tower
CENTRAL
Rental: HKD 223,080 / 52 p.s.f.
Size: 4,290 s.f.
Mid Floor
Prop.#: 90454","223,080"
Chinachem Tower,CENTRAL,"Chinachem Tower
CENTRAL
Rental: HKD 223,080 / 52 p.s.f.
Size: 4,290 s.f.
High Floor
Prop.#: 90455","223,080"
Chinachem Tower,CENTRAL,"Chinachem Tower
CENTRAL
Rental: HKD 223,080 / 52 p.s.f.
Size: 4,290 s.f.
High Floor
Prop.#: 90457","223,080"
Chinachem Tower,CENTRAL,"Chinachem Tower
CENTRAL
Rental: HKD 223,080 / 52 p.s.f.
Size: 4,290 s.f.
Bare Shell, Mid Floor, Sea View
Prop.#: 65421","223,080"
Chinachem Tower,CENTRAL,"Chinachem Tower
CENTRAL
Rental: HKD 223,080 / 52 p.s.f.
Size: 4,290 s.f.
Mid Floor
Prop.#: 1966","223,080"
Millennium City 6,KWUN TONG,"Millennium City 6
KWUN TONG
Rental: HKD 222,804 / 27 p.s.f.
Size: 8,252 s.f.
Bare Shell, Mid Floor
Prop.#: 90771","222,804"
"Central Des Voeux, 308",SHEUNG WAN,"Central Des Voeux, 308
SHEUNG WAN
Rental: HKD 222,568 / 43 p.s.f.
Size: 5,176 s.f.
Fully Fitted, Mid Floor, Partial Seaview
Prop.#: 68595","222,568"
Fortis Tower,WAN CHAI,"Fortis Tower
WAN CHAI
Rental: HKD 222,250 / 35 p.s.f.
Price: HKD 95.3M / 15,000 p.s.f.
Size: 6,350 s.f.
Fully Fitted, High Floor, City View
Prop.#: 57721","222,250"
Infinitus Plaza,SHEUNG WAN,"Infinitus Plaza
SHEUNG WAN
Rental: HKD 221,840 / 47 p.s.f.
Size: 4,720 s.f.
Bare Shell, High Floor, Partial Seaview
Prop.#: 89724","221,840"
Jubilee Centre,WAN CHAI,"Jubilee Centre
WAN CHAI
Rental: HKD 220,869 / 33 p.s.f.
Size: 6,693 s.f.
Fully Fitted, Low Floor, Partial Seaview
Prop.#: 25894","220,869"
Sino Plaza,CAUSEWAY BAY,"Sino Plaza
CAUSEWAY BAY
Rental: HKD 220,185 / 45 p.s.f.
Size: 4,893 s.f.
Fully Fitted, Low Floor, Sea View
Prop.#: 90732","220,185"
Lee Garden Two (Caroline Centre),CAUSEWAY BAY,"VR TOUR
Lee Garden Two (Caroline Centre)
CAUSEWAY BAY
Rental: HKD 219,450 / 55 p.s.f.
Size: 3,990 s.f.
Furnished, Low Floor, City View
Prop.#: 90332","219,450"
Asia Standard Tower,CENTRAL,"Asia Standard Tower
CENTRAL
Rental: HKD 219,219 / 39 p.s.f.
Size: 5,621 s.f.
Fully Fitted, Mid Floor, City View
Prop.#: 1304","219,219"
Kerry Centre,NORTH POINT,"Kerry Centre
NORTH POINT
Rental: HKD 219,186 / 33 p.s.f.
Size: 6,642 s.f.
Low Floor
Prop.#: 90800","219,186"
Energy Plaza,TSIM SHA TSUI,"Energy Plaza
TSIM SHA TSUI
Rental: HKD 219,120 / 40 p.s.f.
Size: 5,478 s.f.
Fully Fitted, Low Floor
Prop.#: 78252","219,120"
Ruttonjee Centre - Dina House,CENTRAL,"Ruttonjee Centre - Dina House
CENTRAL
Rental: HKD 218,680 / 40 p.s.f.
Size: 5,467 s.f.
Fully Fitted, City View
Prop.#: 88826","218,680"
"Harbourfront, Two",HUNG HOM / TO KWA WAN,"Harbourfront, Two
HUNG HOM / TO KWA WAN
Rental: HKD 218,400 / 35 p.s.f.
Size: 6,240 s.f.
Mid Floor
Prop.#: 74655","218,400"
Plaza 228,WAN CHAI,"Plaza 228
WAN CHAI
Rental: HKD 218,330 / 35 p.s.f.
Size: 6,238 s.f.
Bare Shell, High Floor, Race Course View
Prop.#: 85898","218,330"
Three Garden Road - Champion Tower,CENTRAL,"Three Garden Road - Champion Tower
CENTRAL
Rental: HKD 218,085 / 93 p.s.f.
Size: 2,345 s.f.
Fully Fitted, Low Floor, City View
Prop.#: 19188","218,085"
Felicity Building - Res,SHEUNG WAN,"Felicity Building - Res
SHEUNG WAN
Rental: HKD 218,008 / 92 p.s.f.
Size: 2,380 s.f.
Fully Fitted
Prop.#: 90908","218,008"
Sino Plaza,CAUSEWAY BAY,"Sino Plaza
CAUSEWAY BAY
Rental: HKD 217,080 / 45 p.s.f.
Size: 4,824 s.f.
Fully Fitted, Mid Floor
Prop.#: 90411","217,080"
"Gateway, The - Tower 5",TSIM SHA TSUI,"Gateway, The - Tower 5
TSIM SHA TSUI
Rental: HKD 216,528 / 39 p.s.f.
Size: 5,552 s.f.
Fully Fitted, Mid Floor, City View
Prop.#: 5124","216,528"
Tower 535,CAUSEWAY BAY,"Tower 535
CAUSEWAY BAY
Rental: HKD 216,000 / 180 p.s.f.
Size: 1,200 s.f.
Fully Fitted, Low Floor
Prop.#: 85109","216,000"
Dominion Centre,WAN CHAI,"Dominion Centre
WAN CHAI
Rental: HKD 215,740 / 23 p.s.f.
Price: HKD 75.0M / 8,000 p.s.f.
Size: 9,380 s.f.
Bare Shell, High Floor, Open View
Prop.#: 5376","215,740"
Chuang's Tower,CENTRAL,"Chuang's Tower
CENTRAL
Rental: HKD 215,592 / 52 p.s.f.
Size: 4,146 s.f.
Bare Shell, Low Floor
Prop.#: 72899","215,592"
Chuang's Tower,CENTRAL,"Chuang's Tower
CENTRAL
Rental: HKD 215,592 / 52 p.s.f.
Size: 4,146 s.f.
Bare Shell, Low Floor, City View
Prop.#: 46953","215,592"
"Gateway, The - Tower 2",TSIM SHA TSUI,"Gateway, The - Tower 2
TSIM SHA TSUI
Rental: HKD 215,377 / 37 p.s.f.
Size: 5,821 s.f.
Bare Shell, Mid Floor, City View
Prop.#: 8842","215,377"
Berkshire House,QUARRY BAY,"Berkshire House
QUARRY BAY
Rental: HKD 215,200 / 32 p.s.f.
Size: 6,725 s.f.
Fully Fitted, Low Floor, Open View
Prop.#: 814","215,200"
Chinachem Tower,CENTRAL,"Chinachem Tower
CENTRAL
Rental: HKD 214,500 / 50 p.s.f.
Size: 4,290 s.f.
Bare Shell, Mid Floor, City View
Prop.#: 90453","214,500"
HDH Centre,CAUSEWAY BAY,"HDH Centre
CAUSEWAY BAY
Rental: HKD 214,500 / 60 p.s.f.
Size: 3,575 s.f.
Bare Shell, Low Floor
Prop.#: 83443","214,500"
One Humphreys,TSIM SHA TSUI,"VR TOUR
One Humphreys
TSIM SHA TSUI
Rental: HKD 213,928 / 61 p.s.f.
Size: 3,536 s.f.
Bare Shell, High Floor, Open View
Prop.#: 87934","213,928"
Elite Centre,KWUN TONG,"Elite Centre
KWUN TONG
Rental: HKD 213,750 / 18 p.s.f.
Size: 11,875 s.f.
Fully Fitted, Mid Floor, City View
Prop.#: 64028","213,750"
The Center,CENTRAL,"The Center
CENTRAL
Rental: HKD 213,738 / 49 p.s.f.
Price: HKD 99.5M / 22,800 p.s.f.
Size: 4,362 s.f.
Bare Shell, Low Floor, Open View
Prop.#: 77572","213,738"
The Center,CENTRAL,"The Center
CENTRAL
Rental: HKD 213,525 / 75 p.s.f.
Size: 2,847 s.f.
Fully Fitted, High Floor, Sea View
Prop.#: 91830","213,525"
"Nathan Road, 700",MONG KOK / TAI KOK TSUI,"Nathan Road, 700
MONG KOK / TAI KOK TSUI
Rental: HKD 212,876 / 38 p.s.f.
Size: 5,602 s.f.
Fully Fitted
Prop.#: 88589","212,876"
AIA Tower,NORTH POINT,"AIA Tower
NORTH POINT
Rental: HKD 212,100 / 42 p.s.f.
Size: 5,050 s.f.
Fully Fitted, Partial Seaview
Prop.#: 92151","212,100"
YF Life Tower,WAN CHAI,"YF Life Tower
WAN CHAI
Rental: HKD 211,536 / 39 p.s.f.
Size: 5,424 s.f.
Fully Fitted, High Floor, City View
Prop.#: 79856","211,536"
Asia Standard Tower,CENTRAL,"Asia Standard Tower
CENTRAL
Rental: HKD 211,380 / 39 p.s.f.
Size: 5,420 s.f.
Fully Fitted, Mid Floor, City View
Prop.#: 63885","211,380"
The Center,CENTRAL,"The Center
CENTRAL
Rental: HKD 211,140 / 45 p.s.f.
Size: 4,692 s.f.
Fully Fitted
Prop.#: 90810","211,140"
New World Tower 1,CENTRAL,"New World Tower 1
CENTRAL
Rental: HKD 210,975 / 75 p.s.f.
Size: 2,813 s.f.
Fully Fitted, Low Floor, City View
Prop.#: 8841","210,975"
"King's Road, 633",NORTH POINT,"King's Road, 633
NORTH POINT
Rental: HKD 210,945 / 21 p.s.f.
Size: 10,045 s.f.
Bare Shell, Mid Floor, City View
Prop.#: 27600","210,945"
Three Garden Road - ICBC Tower,CENTRAL,"Three Garden Road - ICBC Tower
CENTRAL
Rental: HKD 210,924 / 93 p.s.f.
Size: 2,268 s.f.
Bare Shell, Low Floor, Park View
Prop.#: 16234","210,924"
Baskerville House,CENTRAL,"Baskerville House
CENTRAL
Rental: HKD 210,870 / 55 p.s.f.
Size: 3,834 s.f.
Bare Shell, Low Floor
Prop.#: 91727","210,870"
"Queen's Road Central, 8",CENTRAL,"Queen's Road Central, 8
CENTRAL
Rental: HKD 210,840 / 70 p.s.f.
Size: 3,012 s.f.
Fully Fitted, Low Floor, City View
Prop.#: 17774","210,840"
Island Place Tower,NORTH POINT,"Island Place Tower
NORTH POINT
Rental: HKD 210,816 / 24 p.s.f.
Size: 8,784 s.f.
Bare Shell, Low Floor, Partial Seaview
Prop.#: 43865","210,816"
One Humphreys,TSIM SHA TSUI,"VR TOUR
One Humphreys
TSIM SHA TSUI
Rental: HKD 210,392 / 60 p.s.f.
Size: 3,536 s.f.
Bare Shell, High Floor, Open View
Prop.#: 87935","210,392"
Pacific House,CENTRAL,"Pacific House
CENTRAL
Rental: HKD 210,330 / 57 p.s.f.
Size: 3,690 s.f.
Bare Shell, Mid Floor
Prop.#: 90538","210,330"
Citicorp Centre,NORTH POINT,"Citicorp Centre
NORTH POINT
Rental: HKD 210,168 / 18 p.s.f.
Size: 11,676 s.f.
Bare Shell, Mid Floor, Sea View
Prop.#: 746","210,168"
Sun Hung Kai Centre,WAN CHAI,"Sun Hung Kai Centre
WAN CHAI
Rental: HKD 209,932 / 62 p.s.f.
Size: 3,386 s.f.
Fully Fitted, High Floor, Partial Seaview
Prop.#: 83722","209,932"
Dah Sing Financial Centre,WAN CHAI,"Dah Sing Financial Centre
WAN CHAI
Rental: HKD 208,863 / 35 p.s.f.
Size: 6,054 s.f.
Fully Fitted
Prop.#: 89272","208,863"
Lippo Centre - Tower 2,ADMIRALTY,"Lippo Centre - Tower 2
ADMIRALTY
Rental: HKD 208,845 / 45 p.s.f.
Size: 4,641 s.f.
Partially Fitted, High Floor, Open View
Prop.#: 31844","208,845"
Causeway Bay Plaza II,CAUSEWAY BAY,"Causeway Bay Plaza II
CAUSEWAY BAY
Rental: HKD 208,705 / 35 p.s.f.
Size: 5,963 s.f.
Bare Shell, High Floor, City View
Prop.#: 45545","208,705"
Admiralty Centre - Tower 1,ADMIRALTY,"Admiralty Centre - Tower 1
ADMIRALTY
Rental: HKD 208,590 / 34 p.s.f.
Size: 6,135 s.f.
Bare Shell, Mid Floor, Mountain View
Prop.#: 63270","208,590"
Exchange Tower,KOWLOON BAY,"Exchange Tower
KOWLOON BAY
Rental: HKD 207,927 / 17 p.s.f.
Size: 12,231 s.f.
Low Floor
Prop.#: 66311","207,927"
Wing On House,CENTRAL,"Wing On House
CENTRAL
Rental: HKD 206,920 / 35 p.s.f.
Price: HKD 106.4M / 18,000 p.s.f.
Size: 5,912 s.f.
Fully Fitted, High Floor, Partial Seaview
Prop.#: 39485","206,920"
One Humphreys,TSIM SHA TSUI,"One Humphreys
TSIM SHA TSUI
Rental: HKD 206,856 / 59 p.s.f.
Size: 3,536 s.f.
Bare Shell, Mid Floor, Open View
Prop.#: 87936","206,856"
One Humphreys,TSIM SHA TSUI,"One Humphreys
TSIM SHA TSUI
Rental: HKD 206,640 / 62 p.s.f.
Size: 3,360 s.f.
Bare Shell, High Floor, Open View
Prop.#: 87933","206,640"
"King's Road, 633",NORTH POINT,"King's Road, 633
NORTH POINT
Rental: HKD 205,923 / 21 p.s.f.
Size: 10,045 s.f.
Bare Shell, Low Floor, City View
Prop.#: 27569","205,923"
"King's Road, 633",NORTH POINT,"King's Road, 633
NORTH POINT
Rental: HKD 205,923 / 21 p.s.f.
Size: 10,045 s.f.
Bare Shell, Low Floor, City View
Prop.#: 27571","205,923"
Chinachem Tower,CENTRAL,"Chinachem Tower
CENTRAL
Rental: HKD 205,920 / 48 p.s.f.
Size: 4,290 s.f.
Bare Shell, High Floor, City View
Prop.#: 65426","205,920"
Chinachem Tower,CENTRAL,"Chinachem Tower
CENTRAL
Rental: HKD 205,920 / 48 p.s.f.
Size: 4,290 s.f.
Bare Shell, Low Floor, City View
Prop.#: 21425","205,920"
Chinachem Tower,CENTRAL,"Chinachem Tower
CENTRAL
Rental: HKD 205,920 / 48 p.s.f.
Size: 4,290 s.f.
Bare Shell, Low Floor, City View
Prop.#: 51765","205,920"
Chinachem Tower,CENTRAL,"Chinachem Tower
CENTRAL
Rental: HKD 205,920 / 48 p.s.f.
Size: 4,290 s.f.
Mid Floor, City View
Prop.#: 90451","205,920"
Chinachem Tower,CENTRAL,"Chinachem Tower
CENTRAL
Rental: HKD 205,920 / 48 p.s.f.
Size: 4,290 s.f.
Bare Shell, High Floor, City View
Prop.#: 90456","205,920"
Chinachem Tower,CENTRAL,"Chinachem Tower
CENTRAL
Rental: HKD 205,920 / 48 p.s.f.
Size: 4,290 s.f.
Bare Shell, High Floor, City View
Prop.#: 90458","205,920"
Chinachem Tower,CENTRAL,"Chinachem Tower
CENTRAL
Rental: HKD 205,920 / 48 p.s.f.
Size: 4,290 s.f.
Bare Shell, Mid Floor, City View
Prop.#: 86323","205,920"
Chinachem Tower,CENTRAL,"Chinachem Tower
CENTRAL
Rental: HKD 205,920 / 48 p.s.f.
Size: 4,290 s.f.
Bare Shell, Low Floor, Open View
Prop.#: 952","205,920"
Chinachem Tower,CENTRAL,"Chinachem Tower
CENTRAL
Rental: HKD 205,920 / 48 p.s.f.
Size: 4,290 s.f.
Bare Shell, Low Floor, Open View
Prop.#: 1027","205,920"
Plaza 228,WAN CHAI,"Plaza 228
WAN CHAI
Rental: HKD 205,240 / 35 p.s.f.
Size: 5,864 s.f.
High Floor, Race Course View
Prop.#: 85897","205,240"
One Humphreys,TSIM SHA TSUI,"VR TOUR
One Humphreys
TSIM SHA TSUI
Rental: HKD 205,239 / 56 p.s.f.
Size: 3,698 s.f.
Bare Shell, Mid Floor, City View
Prop.#: 87939","205,239"
"Wyndham Street, 33",CENTRAL,"Wyndham Street, 33
CENTRAL
Rental: HKD 204,800 / 40 p.s.f.
Size: 5,120 s.f.
Fully Fitted, Open View
Prop.#: 84888","204,800"
Central Plaza,WAN CHAI,"Central Plaza
WAN CHAI
Rental: HKD 204,655 / 55 p.s.f.
Size: 3,721 s.f.
Fully Fitted, City View
Prop.#: 15325","204,655"
South Seas Centre - Tower 1,TSIM SHA TSUI,"South Seas Centre - Tower 1
TSIM SHA TSUI
Rental: HKD 204,600 / 24 p.s.f.
Size: 8,525 s.f.
Fully Fitted, Mid Floor, City View
Prop.#: 83191","204,600"
YF Life Centre,WAN CHAI,"YF Life Centre
WAN CHAI
Rental: HKD 204,520 / 40 p.s.f.
Size: 5,113 s.f.
Bare Shell, Mid Floor
Prop.#: 81240","204,520"
Pedder Building,CENTRAL,"Pedder Building
CENTRAL
Rental: HKD 204,490 / 130 p.s.f.
Size: 1,573 s.f.
Bare Shell, City View
Prop.#: 91998","204,490"
Entertainment Building,CENTRAL,"VR TOUR
Entertainment Building
CENTRAL
Rental: HKD 203,560 / 70 p.s.f.
Size: 2,908 s.f.
Fully Fitted, Mid Floor, City View
Prop.#: 73372","203,560"
One Humphreys,TSIM SHA TSUI,"VR TOUR
One Humphreys
TSIM SHA TSUI
Rental: HKD 203,320 / 58 p.s.f.
Size: 3,536 s.f.
Bare Shell, Mid Floor
Prop.#: 87937","203,320"
Hopewell Centre,WAN CHAI,"Hopewell Centre
WAN CHAI
Rental: HKD 203,310 / 45 p.s.f.
Size: 4,518 s.f.
Bare Shell, High Floor, Partial Seaview
Prop.#: 87099","203,310"
Century Square,CENTRAL,"Century Square
CENTRAL
Rental: HKD 202,850 / 50 p.s.f.
Size: 4,057 s.f.
Bare Shell, Mid Floor, City View
Prop.#: 7687","202,850"
Century Square,CENTRAL,"Century Square
CENTRAL
Rental: HKD 202,850 / 50 p.s.f.
Size: 4,057 s.f.
Fully Fitted
Prop.#: 80830","202,850"
Great Eagle Centre,WAN CHAI,"Great Eagle Centre
WAN CHAI
Rental: HKD 202,662 / 54 p.s.f.
Size: 3,753 s.f.
Furnished, Mid Floor, City View
Prop.#: 16707","202,662"
China Insurance Group Building,SHEUNG WAN,"China Insurance Group Building
SHEUNG WAN
Rental: HKD 201,900 / 30 p.s.f.
Price: HKD 84.1M / 12,500 p.s.f.
Size: 6,730 s.f.
Fully Fitted, High Floor
Prop.#: 81549","201,900"
China Hong Kong City - Tower 2,TSIM SHA TSUI,"China Hong Kong City - Tower 2
TSIM SHA TSUI
Rental: HKD 201,656 / 28 p.s.f.
Size: 7,202 s.f.
Fully Fitted, High Floor, City View
Prop.#: 75511","201,656"
One Humphreys,TSIM SHA TSUI,"VR TOUR
One Humphreys
TSIM SHA TSUI
Rental: HKD 201,541 / 55 p.s.f.
Size: 3,698 s.f.
Bare Shell, Mid Floor, City View
Prop.#: 87940","201,541"
Hopewell Centre,WAN CHAI,"Hopewell Centre
WAN CHAI
Rental: HKD 201,100 / 100 p.s.f.
Size: 2,011 s.f.
Low Floor
Prop.#: 71353","201,100"
China Building,CENTRAL,"China Building
CENTRAL
Rental: HKD 200,340 / 60 p.s.f.
Size: 3,339 s.f.
Bare Shell, Low Floor
Prop.#: 9000","200,340"
Millennium City 1 - Tower 01,KWUN TONG,"Millennium City 1 - Tower 01
KWUN TONG
Rental: HKD 200,158 / 29 p.s.f.
Size: 6,902 s.f.
Fully Fitted, Mid Floor
Prop.#: 75816","200,158"
J Senses,WAN CHAI,"J Senses
WAN CHAI
Rental: HKD 200,078 / 24 p.s.f.
Size: 8,302 s.f.
Low Floor
Prop.#: 86344","200,078"
Richmond Plaza,CAUSEWAY BAY,"Richmond Plaza
CAUSEWAY BAY
Rental: HKD 199,998 / 47 p.s.f.
Size: 4,268 s.f.
Fully Fitted, Low Floor, City View
Prop.#: 58415","199,998"
Ho Lee Commercial Building,CENTRAL,"Ho Lee Commercial Building
CENTRAL
Rental: HKD 199,980 / 44 p.s.f.
Size: 4,500 s.f.
Bare Shell, Low Floor
Prop.#: 78882","199,980"
J Senses,WAN CHAI,"J Senses
WAN CHAI
Rental: HKD 199,970 / 37 p.s.f.
Size: 5,364 s.f.
Low Floor
Prop.#: 86343","199,970"
Tower 535,CAUSEWAY BAY,"Tower 535
CAUSEWAY BAY
Rental: HKD 199,860 / 60 p.s.f.
Size: 3,331 s.f.
Bare Shell, Mid Floor, City View
Prop.#: 78172","199,860"
One Humphreys,TSIM SHA TSUI,"VR TOUR
One Humphreys
TSIM SHA TSUI
Rental: HKD 199,784 / 57 p.s.f.
Size: 3,536 s.f.
Bare Shell, Mid Floor, City View
Prop.#: 87938","199,784"
DL Tower,CENTRAL,"DL Tower
CENTRAL
Rental: HKD 199,343 / 65 p.s.f.
Price: HKD 69.8M / 22,831 p.s.f.
Size: 3,056 s.f.
Bare Shell, Low Floor, City View
Prop.#: 90895","199,343"
World Wide House,CENTRAL,"World Wide House
CENTRAL
Rental: HKD 198,720 / 40 p.s.f.
Size: 4,968 s.f.
Fully Fitted, Mid Floor, City View
Prop.#: 78733","198,720"
One Humphreys,TSIM SHA TSUI,"One Humphreys
TSIM SHA TSUI
Rental: HKD 198,625 / 63 p.s.f.
Size: 3,178 s.f.
Bare Shell, High Floor, Open View
Prop.#: 87932","198,625"
Lippo Centre - Tower 2,ADMIRALTY,"Lippo Centre - Tower 2
ADMIRALTY
Rental: HKD 198,192 / 48 p.s.f.
Price: HKD 123.9M / 30,000 p.s.f.
Size: 4,129 s.f.
Furnished, High Floor, Mountain View
Prop.#: 75625","198,192"
Admiralty Centre - Tower 2,ADMIRALTY,"Admiralty Centre - Tower 2
ADMIRALTY
Rental: HKD 198,159 / 39 p.s.f.
Price: HKD 162.6M / 32,000 p.s.f.
Size: 5,081 s.f.
Fully Fitted, Low Floor, City View
Prop.#: 89690","198,159"
Haleson Building,SHEUNG WAN,"Haleson Building
SHEUNG WAN
Rental: HKD 198,018 / 35 p.s.f.
Size: 5,700 s.f.
Prop.#: 90746","198,018"
Central Plaza,WAN CHAI,"Central Plaza
WAN CHAI
Rental: HKD 197,888 / 64 p.s.f.
Size: 3,092 s.f.
Fully Fitted, High Floor, Sea View
Prop.#: 65957","197,888"
One Humphreys,TSIM SHA TSUI,"VR TOUR
One Humphreys
TSIM SHA TSUI
Rental: HKD 197,843 / 54 p.s.f.
Size: 3,698 s.f.
Bare Shell, Low Floor
Prop.#: 87941","197,843"
Three Garden Road - Champion Tower,CENTRAL,"Three Garden Road - Champion Tower
CENTRAL
Rental: HKD 197,439 / 93 p.s.f.
Size: 2,123 s.f.
Furnished, Mid Floor, City View
Prop.#: 90731","197,439"
St. John's Building,CENTRAL,"St. John's Building
CENTRAL
Rental: HKD 197,200 / 58 p.s.f.
Size: 3,400 s.f.
Fully Fitted, Low Floor, Open View
Prop.#: 80895","197,200"
St. John's Building,CENTRAL,"St. John's Building
CENTRAL
Rental: HKD 197,200 / 58 p.s.f.
Size: 3,400 s.f.
Fully Fitted, Low Floor, City View
Prop.#: 803","197,200"
Dah Sing Financial Centre,WAN CHAI,"Dah Sing Financial Centre
WAN CHAI
Rental: HKD 196,536 / 38 p.s.f.
Size: 5,172 s.f.
Partially Fitted, High Floor, Open View
Prop.#: 22760","196,536"
Citicorp Centre,NORTH POINT,"Citicorp Centre
NORTH POINT
Rental: HKD 196,200 / 18 p.s.f.
Size: 10,900 s.f.
Bare Shell, High Floor, Sea View
Prop.#: 14978","196,200"
Pedder Building,CENTRAL,"Pedder Building
CENTRAL
Rental: HKD 195,720 / 120 p.s.f.
Size: 1,631 s.f.
Bare Shell, Low Floor, City View
Prop.#: 80829","195,720"
"Queen's Road Central, 9",CENTRAL,"Queen's Road Central, 9
CENTRAL
Rental: HKD 194,600 / 70 p.s.f.
Size: 2,780 s.f.
Fully Fitted, High Floor, Partial Seaview
Prop.#: 1157","194,600"
299QRC,SHEUNG WAN,"299QRC
SHEUNG WAN
Rental: HKD 194,211 / 27 p.s.f.
Size: 7,193 s.f.
Fully Fitted, Low Floor, City View
Prop.#: 62643","194,211"
One Humphreys,TSIM SHA TSUI,"VR TOUR
One Humphreys
TSIM SHA TSUI
Rental: HKD 194,145 / 53 p.s.f.
Size: 3,698 s.f.
Bare Shell, Low Floor
Prop.#: 87942","194,145"
The Center,CENTRAL,"The Center
CENTRAL
Rental: HKD 193,986 / 78 p.s.f.
Price: HKD 59.2M / 23,800 p.s.f.
Size: 2,487 s.f.
Bare Shell, High Floor, Partial Seaview
Prop.#: 90203","193,986"
Allied Kajima Building,WAN CHAI,"Allied Kajima Building
WAN CHAI
Rental: HKD 193,936 / 46 p.s.f.
Size: 4,216 s.f.
Bare Shell, Mid Floor, Partial Seaview
Prop.#: 87187","193,936"
Hysan Place,CAUSEWAY BAY,"Hysan Place
CAUSEWAY BAY
Rental: HKD 193,842 / 89 p.s.f.
Size: 2,178 s.f.
Bare Shell, Mid Floor, Sea View
Prop.#: 91069","193,842"
The Centrium,CENTRAL,"The Centrium
CENTRAL
Rental: HKD 193,610 / 38 p.s.f.
Size: 5,095 s.f.
Bare Shell, High Floor
Prop.#: 2957","193,610"
Plaza 228,WAN CHAI,"Plaza 228
WAN CHAI
Rental: HKD 193,512 / 33 p.s.f.
Size: 5,864 s.f.
Bare Shell, High Floor, Race Course View
Prop.#: 85894","193,512"
Plaza 228,WAN CHAI,"Plaza 228
WAN CHAI
Rental: HKD 193,512 / 33 p.s.f.
Size: 5,864 s.f.
Bare Shell, High Floor, Race Course View
Prop.#: 85895","193,512"
Plaza 228,WAN CHAI,"Plaza 228
WAN CHAI
Rental: HKD 193,512 / 33 p.s.f.
Size: 5,864 s.f.
Bare Shell, High Floor, Race Course View
Prop.#: 85896","193,512"
Sino Plaza,CAUSEWAY BAY,"Sino Plaza
CAUSEWAY BAY
Rental: HKD 193,200 / 46 p.s.f.
Size: 4,200 s.f.
Fully Fitted, Mid Floor, Sea View
Prop.#: 4332","193,200"
"Queen's Road Central, 9",CENTRAL,"Queen's Road Central, 9
CENTRAL
Rental: HKD 193,105 / 55 p.s.f.
Size: 3,511 s.f.
Fully Fitted, High Floor, Partial Seaview
Prop.#: 21403","193,105"
"Des Voeux Road West, 9",SHEUNG WAN,"Des Voeux Road West, 9
SHEUNG WAN
Rental: HKD 192,752 / 28 p.s.f.
Price: HKD 88.1M / 12,800 p.s.f.
Size: 6,884 s.f.
Fully Fitted, Mid Floor, Sea View
Prop.#: 77668","192,752"
South Seas Centre - Tower 1,TSIM SHA TSUI,"South Seas Centre - Tower 1
TSIM SHA TSUI
Rental: HKD 192,312 / 24 p.s.f.
Size: 8,013 s.f.
Fully Fitted
Prop.#: 89566","192,312"
Berkshire House,QUARRY BAY,"Berkshire House
QUARRY BAY
Rental: HKD 192,255 / 35 p.s.f.
Size: 5,493 s.f.
Mid Floor, Sea View
Prop.#: 58952","192,255"
Pacific House,CENTRAL,"Pacific House
CENTRAL
Rental: HKD 191,880 / 52 p.s.f.
Size: 3,690 s.f.
Fully Fitted, Low Floor, City View
Prop.#: 1851","191,880"
Sun Hung Kai Centre,WAN CHAI,"Sun Hung Kai Centre
WAN CHAI
Rental: HKD 191,820 / 60 p.s.f.
Size: 3,197 s.f.
Bare Shell, High Floor, Open View
Prop.#: 82369","191,820"
Hopewell Centre,WAN CHAI,"Hopewell Centre
WAN CHAI
Rental: HKD 191,385 / 45 p.s.f.
Size: 4,253 s.f.
Fully Fitted, High Floor, Open View
Prop.#: 71183","191,385"
MG Tower,KWUN TONG,"MG Tower
KWUN TONG
Rental: HKD 191,380 / 28 p.s.f.
Size: 6,835 s.f.
Fully Fitted, Sea View
Prop.#: 91829","191,380"
Prosperity Millennia Plaza,NORTH POINT,"Prosperity Millennia Plaza
NORTH POINT
Rental: HKD 191,222 / 23 p.s.f.
Size: 8,314 s.f.
Fully Fitted, Sea View
Prop.#: 89917","191,222"
Wai Fung Plaza,MONG KOK / TAI KOK TSUI,"Wai Fung Plaza
MONG KOK / TAI KOK TSUI
Rental: HKD 190,912 / 32 p.s.f.
Size: 5,966 s.f.
Bare Shell, High Floor, City View
Prop.#: 79202","190,912"
One Humphreys,TSIM SHA TSUI,"VR TOUR
One Humphreys
TSIM SHA TSUI
Rental: HKD 190,447 / 52 p.s.f.
Size: 3,698 s.f.
Bare Shell, Low Floor
Prop.#: 87943","190,447"
One Humphreys,TSIM SHA TSUI,"VR TOUR
One Humphreys
TSIM SHA TSUI
Rental: HKD 190,373 / 64 p.s.f.
Size: 2,998 s.f.
Bare Shell, High Floor, Partial Seaview
Prop.#: 87931","190,373"
Crawford House,CENTRAL,"Crawford House
CENTRAL
Rental: HKD 189,834 / 58 p.s.f.
Size: 3,273 s.f.
Bare Shell, Low Floor, City View
Prop.#: 53286","189,834"
China Building,CENTRAL,"China Building
CENTRAL
Rental: HKD 189,567 / 59 p.s.f.
Size: 3,213 s.f.
Fully Fitted, Low Floor, City View
Prop.#: 8573","189,567"
China Resources Building,WAN CHAI,"China Resources Building
WAN CHAI
Rental: HKD 188,220 / 60 p.s.f.
Size: 3,137 s.f.
Fully Fitted, High Floor
Prop.#: 66310","188,220"
K Wah Centre,NORTH POINT,"K Wah Centre
NORTH POINT
Rental: HKD 188,122 / 22 p.s.f.
Size: 8,551 s.f.
Low Floor, Sea View
Prop.#: 90764","188,122"
Grand Century Place - Tower I,MONG KOK / TAI KOK TSUI,"Grand Century Place - Tower I
MONG KOK / TAI KOK TSUI
Rental: HKD 188,100 / 36 p.s.f.
Size: 5,225 s.f.
Fully Fitted, High Floor
Prop.#: 83989","188,100"
Multifield Plaza,TSIM SHA TSUI,"Multifield Plaza
TSIM SHA TSUI
Rental: HKD 188,024 / 32 p.s.f.
Size: 5,805 s.f.
Fully Fitted, Low Floor
Prop.#: 77919","188,024"
Berkshire House,QUARRY BAY,"Berkshire House
QUARRY BAY
Rental: HKD 187,565 / 35 p.s.f.
Size: 5,359 s.f.
Bare Shell, Mid Floor, Sea View
Prop.#: 78196","187,565"
Goldmark,CAUSEWAY BAY,"Goldmark
CAUSEWAY BAY
Rental: HKD 186,120 / 45 p.s.f.
Size: 4,136 s.f.
Mid Floor, City View
Prop.#: 4147","186,120"
Tower 535,CAUSEWAY BAY,"Tower 535
CAUSEWAY BAY
Rental: HKD 186,120 / 55 p.s.f.
Size: 3,384 s.f.
Fully Fitted
Prop.#: 91866","186,120"
Henley Building,CENTRAL,"Henley Building
CENTRAL
Rental: HKD 185,900 / 65 p.s.f.
Size: 2,860 s.f.
Bare Shell, Mid Floor, Partial Seaview
Prop.#: 46439","185,900"
Admiralty Centre - Tower 1,ADMIRALTY,"Admiralty Centre - Tower 1
ADMIRALTY
Rental: HKD 185,400 / 30 p.s.f.
Size: 6,180 s.f.
Fully Fitted, High Floor, Open View
Prop.#: 77068","185,400"
Three Garden Road - ICBC Tower,CENTRAL,"Three Garden Road - ICBC Tower
CENTRAL
Rental: HKD 185,163 / 93 p.s.f.
Size: 1,991 s.f.
Fully Fitted, Low Floor, Park View
Prop.#: 51571","185,163"
Three Garden Road - ICBC Tower,CENTRAL,"Three Garden Road - ICBC Tower
CENTRAL
Rental: HKD 185,163 / 93 p.s.f.
Size: 1,991 s.f.
Fully Fitted, Low Floor, City View
Prop.#: 66766","185,163"
Chinachem Tower,CENTRAL,"Chinachem Tower
CENTRAL
Rental: HKD 184,470 / 43 p.s.f.
Size: 4,290 s.f.
Bare Shell, Low Floor, City View
Prop.#: 65433","184,470"
Overseas Trust Bank Building,WAN CHAI,"Overseas Trust Bank Building
WAN CHAI
Rental: HKD 183,600 / 25 p.s.f.
Price: HKD 74.0M / 10,078 p.s.f.
Size: 7,344 s.f.
Fully Fitted, High Floor, Sea View
Prop.#: 27663","183,600"
Great Eagle Centre,WAN CHAI,"Great Eagle Centre
WAN CHAI
Rental: HKD 183,200 / 50 p.s.f.
Size: 3,664 s.f.
Bare Shell, Low Floor, City View
Prop.#: 87427","183,200"
Shui On Centre,WAN CHAI,"Shui On Centre
WAN CHAI
Rental: HKD 182,952 / 42 p.s.f.
Size: 4,356 s.f.
Fully Fitted, High Floor, Sea View
Prop.#: 735","182,952"
"Gateway, The - Tower 6",TSIM SHA TSUI,"Gateway, The - Tower 6
TSIM SHA TSUI
Rental: HKD 182,247 / 39 p.s.f.
Size: 4,673 s.f.
Fully Fitted, Mid Floor, City View
Prop.#: 76211","182,247"
"Gateway, The - Prudential Tower",TSIM SHA TSUI,"Gateway, The - Prudential Tower
TSIM SHA TSUI
Rental: HKD 182,169 / 39 p.s.f.
Size: 4,671 s.f.
Fully Fitted, Low Floor, City View
Prop.#: 14064","182,169"
China Resources Building,WAN CHAI,"China Resources Building
WAN CHAI
Rental: HKD 181,610 / 65 p.s.f.
Size: 2,794 s.f.
Furnished, Mid Floor, Mountain View
Prop.#: 90827","181,610"
Citicorp Centre,NORTH POINT,"Citicorp Centre
NORTH POINT
Rental: HKD 181,525 / 25 p.s.f.
Size: 7,261 s.f.
Bare Shell, Mid Floor
Prop.#: 58334","181,525"
Three Garden Road - ICBC Tower,CENTRAL,"Three Garden Road - ICBC Tower
CENTRAL
Rental: HKD 181,181 / 91 p.s.f.
Size: 1,991 s.f.
Bare Shell, Mid Floor, Park View
Prop.#: 90918","181,181"
The Center,CENTRAL,"The Center
CENTRAL
Rental: HKD 180,810 / 49 p.s.f.
Size: 3,690 s.f.
Fully Fitted
Prop.#: 92191","180,810"
China Resources Building,WAN CHAI,"China Resources Building
WAN CHAI
Rental: HKD 180,786 / 58 p.s.f.
Size: 3,117 s.f.
Fully Fitted, Mid Floor, Mountain View
Prop.#: 33188","180,786"
"Gateway, The - Tower 6",TSIM SHA TSUI,"Gateway, The - Tower 6
TSIM SHA TSUI
Rental: HKD 180,760 / 40 p.s.f.
Size: 4,519 s.f.
Bare Shell, Mid Floor, Partial Seaview
Prop.#: 54300","180,760"
Harcourt House,WAN CHAI,"Harcourt House
WAN CHAI
Rental: HKD 180,600 / 42 p.s.f.
Size: 4,300 s.f.
Fully Fitted, Mid Floor, Sea View
Prop.#: 1475","180,600"
H Queen's,CENTRAL,"H Queen's
CENTRAL
Rental: HKD 180,310 / 65 p.s.f.
Size: 2,774 s.f.
Partially Fitted, City View
Prop.#: 92022","180,310"
Richmond Plaza,CAUSEWAY BAY,"Richmond Plaza
CAUSEWAY BAY
Rental: HKD 180,008 / 44 p.s.f.
Size: 4,122 s.f.
Bare Shell, City View
Prop.#: 23582","180,008"
Coda Plaza,CENTRAL,"Coda Plaza
CENTRAL
Rental: HKD 180,000 / 36 p.s.f.
Size: 5,000 s.f.
Bare Shell, Mid Floor, City View
Prop.#: 2367","180,000"
The L Place,CENTRAL,"The L Place
CENTRAL
Rental: HKD 179,998 / 43 p.s.f.
Size: 4,186 s.f.
Fully Fitted, Mid Floor, City View
Prop.#: 54889","179,998"
The L Place,CENTRAL,"The L Place
CENTRAL
Rental: HKD 179,998 / 43 p.s.f.
Size: 4,186 s.f.
Bare Shell, Mid Floor, City View
Prop.#: 54899","179,998"
Alliance Building,SHEUNG WAN,"Alliance Building
SHEUNG WAN
Rental: HKD 179,987 / 21 p.s.f.
Price: HKD 180.0M / 20,531 p.s.f.
Size: 8,767 s.f.
Fully Fitted, Low Floor, City View
Prop.#: 50672","179,987"
Central Plaza,WAN CHAI,"Central Plaza
WAN CHAI
Rental: HKD 179,968 / 64 p.s.f.
Size: 2,812 s.f.
Fully Fitted, High Floor, Partial Seaview
Prop.#: 14539","179,968"
Chuang's Tower,CENTRAL,"Chuang's Tower
CENTRAL
Rental: HKD 179,914 / 71 p.s.f.
Size: 2,534 s.f.
Bare Shell, Low Floor, City View
Prop.#: 45354","179,914"
"Cheung Sha Wan Road, 909",CHEUNG SHA WAN / LAI CHI KOK,"Cheung Sha Wan Road, 909
CHEUNG SHA WAN / LAI CHI KOK
Rental: HKD 179,790 / 26 p.s.f.
Size: 6,915 s.f.
Low Floor
Prop.#: 91705","179,790"
AT Tower,NORTH POINT,"AT Tower
NORTH POINT
Rental: HKD 179,681 / 47 p.s.f.
Size: 3,823 s.f.
Bare Shell, Low Floor
Prop.#: 14835","179,681"
Convention Plaza Office Tower,WAN CHAI,"Convention Plaza Office Tower
WAN CHAI
Rental: HKD 179,320 / 40 p.s.f.
Size: 4,483 s.f.
Furnished, High Floor, Sea View
Prop.#: 77615","179,320"
"Wyndham Street, 8",CENTRAL,"Wyndham Street, 8
CENTRAL
Rental: HKD 179,300 / 50 p.s.f.
Size: 3,586 s.f.
Fully Fitted, City View
Prop.#: 67059","179,300"
Wai Fung Plaza,MONG KOK / TAI KOK TSUI,"Wai Fung Plaza
MONG KOK / TAI KOK TSUI
Rental: HKD 178,980 / 30 p.s.f.
Size: 5,966 s.f.
Bare Shell
Prop.#: 88000","178,980"
"Harbourfront, One",HUNG HOM / TO KWA WAN,"Harbourfront, One
HUNG HOM / TO KWA WAN
Rental: HKD 178,848 / 36 p.s.f.
Size: 4,968 s.f.
Mid Floor, Partial Seaview
Prop.#: 46588","178,848"
K11 Atelier King's Road,QUARRY BAY,"K11 Atelier King's Road
QUARRY BAY
Rental: HKD 178,695 / 45 p.s.f.
Size: 3,971 s.f.
Bare Shell, High Floor, Open View
Prop.#: 91584","178,695"
YF Life Centre,WAN CHAI,"YF Life Centre
WAN CHAI
Rental: HKD 178,320 / 40 p.s.f.
Size: 4,458 s.f.
Bare Shell, Low Floor, Sea View
Prop.#: 76083","178,320"
Shun Tak Centre - China Merchants Tower,SHEUNG WAN,"Shun Tak Centre - China Merchants Tower
SHEUNG WAN
Rental: HKD 177,925 / 55 p.s.f.
Size: 3,235 s.f.
Fully Fitted, Mid Floor, Partial Seaview
Prop.#: 19887","177,925"
Harbour Centre,WAN CHAI,"Harbour Centre
WAN CHAI
Rental: HKD 177,840 / 45 p.s.f.
Size: 3,952 s.f.
Fully Fitted, Low Floor, Open View
Prop.#: 72627","177,840"
Lippo Centre - Tower 2,ADMIRALTY,"Lippo Centre - Tower 2
ADMIRALTY
Rental: HKD 177,795 / 45 p.s.f.
Size: 3,951 s.f.
Partially Fitted, High Floor, Sea View
Prop.#: 40708","177,795"
Central Plaza,WAN CHAI,"Central Plaza
WAN CHAI
Rental: HKD 177,595 / 55 p.s.f.
Size: 3,229 s.f.
Bare Shell, Mid Floor, City View
Prop.#: 76661","177,595"
"Chinachem Central, Two",CENTRAL,"Chinachem Central, Two
CENTRAL
Rental: HKD 176,605 / 65 p.s.f.
Size: 2,717 s.f.
Fully Fitted, Mid Floor, City View
Prop.#: 72388","176,605"
"Chinachem Central, Two",CENTRAL,"Chinachem Central, Two
CENTRAL
Rental: HKD 176,605 / 65 p.s.f.
Size: 2,717 s.f.
Fully Fitted, High Floor, City View
Prop.#: 72393","176,605"
The L Place,CENTRAL,"The L Place
CENTRAL
Rental: HKD 175,812 / 42 p.s.f.
Size: 4,186 s.f.
Partially Fitted, High Floor, City View
Prop.#: 54853","175,812"
The L Place,CENTRAL,"The L Place
CENTRAL
Rental: HKD 175,812 / 42 p.s.f.
Size: 4,186 s.f.
Fully Fitted, High Floor, City View
Prop.#: 54888","175,812"
The Center,CENTRAL,"The Center
CENTRAL
Rental: HKD 175,600 / 50 p.s.f.
Size: 3,512 s.f.
Bare Shell, Low Floor
Prop.#: 80801","175,600"
Central Plaza,WAN CHAI,"Central Plaza
WAN CHAI
Rental: HKD 175,560 / 55 p.s.f.
Size: 3,192 s.f.
Bare Shell, Low Floor, Partial Seaview
Prop.#: 88598","175,560"
Sun Hung Kai Centre,WAN CHAI,"Sun Hung Kai Centre
WAN CHAI
Rental: HKD 175,334 / 58 p.s.f.
Size: 3,023 s.f.
Fully Fitted, Mid Floor, City View
Prop.#: 14144","175,334"
United Asia Finance Centre,WAN CHAI,"United Asia Finance Centre
WAN CHAI
Rental: HKD 174,900 / 33 p.s.f.
Size: 5,300 s.f.
Bare Shell, High Floor, Sea View
Prop.#: 16528","174,900"
United Asia Finance Centre,WAN CHAI,"United Asia Finance Centre
WAN CHAI
Rental: HKD 174,900 / 33 p.s.f.
Size: 5,300 s.f.
Fully Fitted, Mid Floor, Partial Seaview
Prop.#: 60534","174,900"
United Asia Finance Centre,WAN CHAI,"United Asia Finance Centre
WAN CHAI
Rental: HKD 174,900 / 33 p.s.f.
Size: 5,300 s.f.
Fully Fitted, Mid Floor, Sea View
Prop.#: 52356","174,900"
United Asia Finance Centre,WAN CHAI,"United Asia Finance Centre
WAN CHAI
Rental: HKD 174,900 / 33 p.s.f.
Size: 5,300 s.f.
Fully Fitted, Mid Floor, Partial Seaview
Prop.#: 23493","174,900"
United Asia Finance Centre,WAN CHAI,"United Asia Finance Centre
WAN CHAI
Rental: HKD 174,900 / 33 p.s.f.
Size: 5,300 s.f.
Fully Fitted, High Floor, Sea View
Prop.#: 27864","174,900"
Landmark South,WONG CHUK HANG,"Landmark South
WONG CHUK HANG
Rental: HKD 174,116 / 38 p.s.f.
Size: 4,582 s.f.
Bare Shell, Low Floor
Prop.#: 90822","174,116"
Three Garden Road - Champion Tower,CENTRAL,"Three Garden Road - Champion Tower
CENTRAL
Rental: HKD 174,096 / 93 p.s.f.
Size: 1,872 s.f.
Mid Floor
Prop.#: 91845","174,096"
Hopewell Centre,WAN CHAI,"Hopewell Centre
WAN CHAI
Rental: HKD 173,790 / 45 p.s.f.
Size: 3,862 s.f.
Fully Fitted, High Floor, Mountain View
Prop.#: 79018","173,790"
Lippo Centre - Tower 1,ADMIRALTY,"Lippo Centre - Tower 1
ADMIRALTY
Rental: HKD 173,745 / 39 p.s.f.
Size: 4,455 s.f.
Furnished, Mid Floor, Partial Seaview
Prop.#: 89350","173,745"
East Town Building,WAN CHAI,"East Town Building
WAN CHAI
Rental: HKD 173,448 / 33 p.s.f.
Size: 5,256 s.f.
Bare Shell, High Floor, City View
Prop.#: 18395","173,448"
88WL,SHEUNG WAN,"88WL
SHEUNG WAN
Rental: HKD 173,404 / 44 p.s.f.
Size: 3,941 s.f.
Bare Shell, Sea View
Prop.#: 85606","173,404"
The Millennity - Tower 2,KWUN TONG,"The Millennity - Tower 2
KWUN TONG
Rental: HKD 173,096 / 28 p.s.f.
Size: 6,182 s.f.
Bare Shell, High Floor
Prop.#: 89142","173,096"
Goldmark,CAUSEWAY BAY,"Goldmark
CAUSEWAY BAY
Rental: HKD 173,075 / 43 p.s.f.
Size: 4,025 s.f.
Bare Shell, High Floor, City View
Prop.#: 18140","173,075"
Goldmark,CAUSEWAY BAY,"Goldmark
CAUSEWAY BAY
Rental: HKD 173,075 / 43 p.s.f.
Size: 4,025 s.f.
Bare Shell, High Floor, City View
Prop.#: 4169","173,075"
The L Place,CENTRAL,"The L Place
CENTRAL
Rental: HKD 172,746 / 42 p.s.f.
Size: 4,113 s.f.
Bare Shell, High Floor, Open View
Prop.#: 55848","172,746"
Harcourt House,WAN CHAI,"Harcourt House
WAN CHAI
Rental: HKD 172,578 / 42 p.s.f.
Size: 4,109 s.f.
Fully Fitted, Mid Floor, Sea View
Prop.#: 5507","172,578"
Grandtech Centre,SHATIN / FO TAN,"Grandtech Centre
SHATIN / FO TAN
Rental: HKD 172,242 / 14 p.s.f.
Size: 12,303 s.f.
Bare Shell, Low Floor, City View
Prop.#: 51168","172,242"
Grand Millennium Plaza,SHEUNG WAN,"Grand Millennium Plaza
SHEUNG WAN
Rental: HKD 172,202 / 29 p.s.f.
Size: 5,938 s.f.
Bare Shell, High Floor
Prop.#: 78459","172,202"
HSH Mongkok Plaza (OfficePlus @Prince Ewdard),MONG KOK / TAI KOK TSUI,"HSH Mongkok Plaza (OfficePlus @Prince Ewdard)
MONG KOK / TAI KOK TSUI
Rental: HKD 172,161 / 33 p.s.f.
Size: 5,217 s.f.
Bare Shell, Low Floor
Prop.#: 92044","172,161"
Ruttonjee Centre - Dina House,CENTRAL,"Ruttonjee Centre - Dina House
CENTRAL
Rental: HKD 171,100 / 50 p.s.f.
Size: 3,422 s.f.
Fully Fitted, High Floor, Open View
Prop.#: 13954","171,100"
One Humphreys,TSIM SHA TSUI,"One Humphreys
TSIM SHA TSUI
Rental: HKD 170,796 / 65 p.s.f.
Size: 2,648 s.f.
Bare Shell, High Floor, Partial Seaview
Prop.#: 87930","170,796"
"Pacific Place, Six",WAN CHAI,"Pacific Place, Six
WAN CHAI
Rental: HKD 169,840 / 80 p.s.f.
Size: 2,123 s.f.
Bare Shell, Mid Floor
Prop.#: 90186","169,840"
Chinachem Golden Plaza,TSIM SHA TSUI,"Chinachem Golden Plaza
TSIM SHA TSUI
Rental: HKD 169,830 / 27 p.s.f.
Size: 6,290 s.f.
Fully Fitted, Low Floor, Partial Seaview
Prop.#: 80964","169,830"
Garden East,WAN CHAI,"Garden East
WAN CHAI
Rental: HKD 169,800 / 100 p.s.f.
Size: 1,698 s.f.
Bare Shell, Low Floor
Prop.#: 91271","169,800"
Cosco Tower,SHEUNG WAN,"Cosco Tower
SHEUNG WAN
Rental: HKD 169,360 / 40 p.s.f.
Size: 4,234 s.f.
Bare Shell, City View
Prop.#: 90776","169,360"
Central Plaza,WAN CHAI,"Central Plaza
WAN CHAI
Rental: HKD 169,156 / 52 p.s.f.
Size: 3,253 s.f.
Bare Shell, Low Floor, City View
Prop.#: 52478","169,156"
Hon Kwok Jordan Centre,TSIM SHA TSUI,"Hon Kwok Jordan Centre
TSIM SHA TSUI
Rental: HKD 169,100 / 50 p.s.f.
Size: 3,382 s.f.
Bare Shell, Low Floor, City View
Prop.#: 51178","169,100"
Cosco Tower,SHEUNG WAN,"Cosco Tower
SHEUNG WAN
Rental: HKD 168,912 / 48 p.s.f.
Size: 3,519 s.f.
Fully Fitted, Mid Floor, City View
Prop.#: 84536","168,912"
Cosco Tower,SHEUNG WAN,"Cosco Tower
SHEUNG WAN
Rental: HKD 168,800 / 32 p.s.f.
Size: 5,275 s.f.
Fully Fitted, Low Floor, Open View
Prop.#: 5472","168,800"
West Exchange Tower,SHEUNG WAN,"West Exchange Tower
SHEUNG WAN
Rental: HKD 168,663 / 33 p.s.f.
Size: 5,111 s.f.
Fully Fitted, Mid Floor, City View
Prop.#: 51767","168,663"
West Exchange Tower,SHEUNG WAN,"West Exchange Tower
SHEUNG WAN
Rental: HKD 168,663 / 33 p.s.f.
Size: 5,111 s.f.
Fully Fitted, High Floor
Prop.#: 73139","168,663"
West Exchange Tower,SHEUNG WAN,"West Exchange Tower
SHEUNG WAN
Rental: HKD 168,663 / 33 p.s.f.
Size: 5,111 s.f.
Partially Fitted, High Floor
Prop.#: 73140","168,663"
The Centrium,CENTRAL,"The Centrium
CENTRAL
Rental: HKD 168,644 / 38 p.s.f.
Size: 4,438 s.f.
Fully Fitted
Prop.#: 86666","168,644"
Allied Kajima Building,WAN CHAI,"Allied Kajima Building
WAN CHAI
Rental: HKD 168,640 / 40 p.s.f.
Size: 4,216 s.f.
Bare Shell, Partial Seaview
Prop.#: 86609","168,640"
"Chinachem Central, Two",CENTRAL,"Chinachem Central, Two
CENTRAL
Rental: HKD 168,454 / 62 p.s.f.
Size: 2,717 s.f.
Fully Fitted, Low Floor, City View
Prop.#: 72382","168,454"
"Chinachem Central, Two",CENTRAL,"Chinachem Central, Two
CENTRAL
Rental: HKD 168,454 / 62 p.s.f.
Size: 2,717 s.f.
Mid Floor, City View
Prop.#: 91527","168,454"
"Nathan Road, 26",TSIM SHA TSUI,"Nathan Road, 26
TSIM SHA TSUI
Rental: HKD 168,392 / 62 p.s.f.
Size: 2,716 s.f.
Bare Shell, Low Floor, Partial Seaview
Prop.#: 24535","168,392"
"Yee Wo Street, 68",CAUSEWAY BAY,"Yee Wo Street, 68
CAUSEWAY BAY
Rental: HKD 168,252 / 28 p.s.f.
Size: 6,009 s.f.
Bare Shell, Low Floor, City View
Prop.#: 79871","168,252"
Metroplaza - Tower 01,KWAI CHUNG,"Metroplaza - Tower 01
KWAI CHUNG
Rental: HKD 168,246 / 26 p.s.f.
Size: 6,471 s.f.
Fully Fitted, Low Floor
Prop.#: 91485","168,246"
BCC Building,TSIM SHA TSUI,"BCC Building
TSIM SHA TSUI
Rental: HKD 168,015 / 33 p.s.f.
Price: HKD 65.6M / 13,000 p.s.f.
Size: 5,047 s.f.
Bare Shell, Mid Floor, City View
Prop.#: 32985","168,015"
Milton Mansion,TSIM SHA TSUI,"Milton Mansion
TSIM SHA TSUI
Rental: HKD 168,004 / 169 p.s.f.
Size: 997 s.f.
Bare Shell, Low Floor
Prop.#: 67525","168,004"
Grand Millennium Plaza,SHEUNG WAN,"Grand Millennium Plaza
SHEUNG WAN
Rental: HKD 168,000 / 35 p.s.f.
Price: HKD 61.4M / 12,800 p.s.f.
Size: 4,800 s.f.
Fully Fitted, High Floor, Sea View
Prop.#: 1394","168,000"
Mass Resources Development Building,TSIM SHA TSUI,"Mass Resources Development Building
TSIM SHA TSUI
Rental: HKD 168,000 / 32 p.s.f.
Size: 5,250 s.f.
Fully Fitted
Prop.#: 80312","168,000"
Seabright Plaza,NORTH POINT,"Seabright Plaza
NORTH POINT
Rental: HKD 167,466 / 26 p.s.f.
Price: HKD 48.3M / 7,500 p.s.f.
Size: 6,441 s.f.
Bare Shell, High Floor, Sea View
Prop.#: 91859","167,466"
163 QRE,WAN CHAI,"163 QRE
WAN CHAI
Rental: HKD 167,400 / 40 p.s.f.
Size: 4,185 s.f.
Bare Shell, City View
Prop.#: 89790","167,400"
Leighton Centre,CAUSEWAY BAY,"VR TOUR
Leighton Centre
CAUSEWAY BAY
Rental: HKD 167,356 / 43 p.s.f.
Size: 3,892 s.f.
Fully Fitted, Mid Floor, City View
Prop.#: 87107","167,356"
Plaza 228,WAN CHAI,"Plaza 228
WAN CHAI
Rental: HKD 167,243 / 29 p.s.f.
Size: 5,767 s.f.
Bare Shell, High Floor
Prop.#: 85900","167,243"
Lee Garden One (The Lee Gardens),CAUSEWAY BAY,"Lee Garden One (The Lee Gardens)
CAUSEWAY BAY
Rental: HKD 167,115 / 65 p.s.f.
Size: 2,571 s.f.
Bare Shell, Mid Floor, Mountain View
Prop.#: 51045","167,115"
One Humphreys,TSIM SHA TSUI,"One Humphreys
TSIM SHA TSUI
Rental: HKD 166,410 / 45 p.s.f.
Size: 3,698 s.f.
Bare Shell, Low Floor, City View
Prop.#: 87944","166,410"
One Humphreys,TSIM SHA TSUI,"VR TOUR
One Humphreys
TSIM SHA TSUI
Rental: HKD 166,410 / 45 p.s.f.
Size: 3,698 s.f.
Bare Shell, Low Floor, City View
Prop.#: 87945","166,410"
K11 Atelier King's Road,QUARRY BAY,"K11 Atelier King's Road
QUARRY BAY
Rental: HKD 166,275 / 45 p.s.f.
Size: 3,695 s.f.
High Floor
Prop.#: 80703","166,275"
Trade Square,CHEUNG SHA WAN / LAI CHI KOK,"Trade Square
CHEUNG SHA WAN / LAI CHI KOK
Rental: HKD 166,029 / 19 p.s.f.
Size: 8,960 s.f.
Fully Fitted, Mid Floor, City View
Prop.#: 72219","166,029"
Grand Millennium Plaza,SHEUNG WAN,"Grand Millennium Plaza
SHEUNG WAN
Rental: HKD 166,022 / 34 p.s.f.
Size: 4,883 s.f.
Bare Shell, Mid Floor, Partial Seaview
Prop.#: 14950","166,022"
World Trade Centre,CAUSEWAY BAY,"World Trade Centre
CAUSEWAY BAY
Rental: HKD 165,600 / 46 p.s.f.
Size: 3,600 s.f.
Bare Shell, Mid Floor, Sea View
Prop.#: 19881","165,600"
"Gloucester Road, 80",WAN CHAI,"Gloucester Road, 80
WAN CHAI
Rental: HKD 165,009 / 43 p.s.f.
Size: 3,878 s.f.
Bare Shell, Low Floor, City View
Prop.#: 1899","165,009"
Admiralty Centre - Tower 1,ADMIRALTY,"Admiralty Centre - Tower 1
ADMIRALTY
Rental: HKD 164,745 / 35 p.s.f.
Size: 4,707 s.f.
Bare Shell, High Floor, City View
Prop.#: 56666","164,745"
China Hong Kong City - Tower 5,TSIM SHA TSUI,"China Hong Kong City - Tower 5
TSIM SHA TSUI
Rental: HKD 164,332 / 28 p.s.f.
Size: 5,869 s.f.
Bare Shell, Park View
Prop.#: 91445","164,332"
China Hong Kong City - Tower 1,TSIM SHA TSUI,"China Hong Kong City - Tower 1
TSIM SHA TSUI
Rental: HKD 164,276 / 28 p.s.f.
Size: 5,867 s.f.
Fully Fitted, Mid Floor, City View
Prop.#: 60427","164,276"
United Asia Finance Centre,WAN CHAI,"United Asia Finance Centre
WAN CHAI
Rental: HKD 164,010 / 33 p.s.f.
Size: 4,970 s.f.
Bare Shell, High Floor, Partial Seaview
Prop.#: 22405","164,010"
Hing Wai Building,CENTRAL,"Hing Wai Building
CENTRAL
Rental: HKD 163,540 / 65 p.s.f.
Size: 2,516 s.f.
Bare Shell, High Floor, City View
Prop.#: 1354","163,540"
Lippo Centre - Tower 1,ADMIRALTY,"Lippo Centre - Tower 1
ADMIRALTY
Rental: HKD 163,513 / 49 p.s.f.
Size: 3,337 s.f.
Partially Fitted, High Floor, Sea View
Prop.#: 89523","163,513"
Regent Centre,CENTRAL,"Regent Centre
CENTRAL
Rental: HKD 163,350 / 33 p.s.f.
Size: 4,950 s.f.
Bare Shell, Mid Floor, City View
Prop.#: 1788","163,350"
St. John's Building,CENTRAL,"St. John's Building
CENTRAL
Rental: HKD 163,200 / 48 p.s.f.
Size: 3,400 s.f.
Fully Fitted, Mid Floor, Open View
Prop.#: 1979","163,200"
World Trade Centre,CAUSEWAY BAY,"World Trade Centre
CAUSEWAY BAY
Rental: HKD 163,200 / 40 p.s.f.
Size: 4,080 s.f.
Bare Shell, Mid Floor
Prop.#: 91699","163,200"
United Centre,ADMIRALTY,"United Centre
ADMIRALTY
Rental: HKD 162,294 / 33 p.s.f.
Size: 4,918 s.f.
Bare Shell, City View
Prop.#: 85935","162,294"
China Minmetals Tower,TSIM SHA TSUI,"China Minmetals Tower
TSIM SHA TSUI
Rental: HKD 162,204 / 28 p.s.f.
Size: 5,793 s.f.
Fully Fitted, Low Floor, City View
Prop.#: 18231","162,204"
Three Garden Road - Champion Tower,CENTRAL,"Three Garden Road - Champion Tower
CENTRAL
Rental: HKD 161,700 / 98 p.s.f.
Size: 1,650 s.f.
Bare Shell, Low Floor, City View
Prop.#: 66789","161,700"
Entertainment Building,CENTRAL,"Entertainment Building
CENTRAL
Rental: HKD 161,630 / 70 p.s.f.
Size: 2,309 s.f.
Bare Shell, Low Floor, City View
Prop.#: 2444","161,630"
K11 Atelier King's Road,QUARRY BAY,"K11 Atelier King's Road
QUARRY BAY
Rental: HKD 161,595 / 45 p.s.f.
Size: 3,591 s.f.
Fully Fitted, High Floor
Prop.#: 91593","161,595"
"Gateway, The - Tower 1",TSIM SHA TSUI,"Gateway, The - Tower 1
TSIM SHA TSUI
Rental: HKD 161,320 / 37 p.s.f.
Size: 4,360 s.f.
Mid Floor
Prop.#: 52441","161,320"
HDH Centre,CAUSEWAY BAY,"HDH Centre
CAUSEWAY BAY
Rental: HKD 161,250 / 50 p.s.f.
Size: 3,225 s.f.
Bare Shell, High Floor
Prop.#: 83454","161,250"
HDH Centre,CAUSEWAY BAY,"HDH Centre
CAUSEWAY BAY
Rental: HKD 161,250 / 50 p.s.f.
Size: 3,225 s.f.
Bare Shell, High Floor
Prop.#: 83455","161,250"
Unicorn Trade Centre,CENTRAL,"Unicorn Trade Centre
CENTRAL
Rental: HKD 160,720 / 41 p.s.f.
Size: 3,920 s.f.
Bare Shell, High Floor, City View
Prop.#: 60671","160,720"
Silver Fortune Plaza,CENTRAL,"Silver Fortune Plaza
CENTRAL
Rental: HKD 160,007 / 36 p.s.f.
Size: 4,397 s.f.
Fully Fitted, High Floor, City View
Prop.#: 47054","160,007"
"Gloucester Road, 80",WAN CHAI,"Gloucester Road, 80
WAN CHAI
Rental: HKD 160,002 / 39 p.s.f.
Size: 4,110 s.f.
Bare Shell, Low Floor, City View
Prop.#: 8406","160,002"
Admiralty Centre - Tower 2,ADMIRALTY,"Admiralty Centre - Tower 2
ADMIRALTY
Rental: HKD 160,000 / 40 p.s.f.
Size: 4,000 s.f.
Bare Shell, Partial Seaview
Prop.#: 83994","160,000"
Marina 8,WONG CHUK HANG,"Marina 8
WONG CHUK HANG
Rental: HKD 159,510 / 26 p.s.f.
Size: 6,135 s.f.
Bare Shell, High Floor, Open View
Prop.#: 83101","159,510"
Marina 8,WONG CHUK HANG,"Marina 8
WONG CHUK HANG
Rental: HKD 159,510 / 26 p.s.f.
Size: 6,135 s.f.
Bare Shell, High Floor, Open View
Prop.#: 83102","159,510"
Central Plaza,WAN CHAI,"Central Plaza
WAN CHAI
Rental: HKD 158,872 / 56 p.s.f.
Size: 2,837 s.f.
Bare Shell, Mid Floor, Partial Seaview
Prop.#: 57199","158,872"
Fortis Tower,WAN CHAI,"Fortis Tower
WAN CHAI
Rental: HKD 158,750 / 25 p.s.f.
Price: HKD 100.0M / 15,748 p.s.f.
Size: 6,350 s.f.
Fully Fitted, Low Floor, City View
Prop.#: 39808","158,750"
"Chinachem Central, One",CENTRAL,"Chinachem Central, One
CENTRAL
Rental: HKD 158,400 / 66 p.s.f.
Size: 2,400 s.f.
Fully Fitted, Mid Floor, City View
Prop.#: 72363","158,400"
Guardian House,WAN CHAI,"Guardian House
WAN CHAI
Rental: HKD 158,200 / 25 p.s.f.
Size: 6,328 s.f.
Bare Shell, High Floor
Prop.#: 84694","158,200"
YF Life Centre,WAN CHAI,"YF Life Centre
WAN CHAI
Rental: HKD 158,200 / 40 p.s.f.
Size: 3,955 s.f.
Bare Shell, Mid Floor, Partial Seaview
Prop.#: 52299","158,200"
United Asia Finance Centre,WAN CHAI,"United Asia Finance Centre
WAN CHAI
Rental: HKD 158,070 / 33 p.s.f.
Size: 4,790 s.f.
Fully Fitted, High Floor, Sea View
Prop.#: 9418","158,070"
"Gloucester Road, 80",WAN CHAI,"Gloucester Road, 80
WAN CHAI
Rental: HKD 157,988 / 38 p.s.f.
Size: 4,110 s.f.
Bare Shell, Low Floor, City View
Prop.#: 22514","157,988"
"Queen's Road Central, 9",CENTRAL,"Queen's Road Central, 9
CENTRAL
Rental: HKD 157,872 / 48 p.s.f.
Size: 3,289 s.f.
Bare Shell, Mountain View
Prop.#: 15439","157,872"
"Chinachem Central, Two",CENTRAL,"Chinachem Central, Two
CENTRAL
Rental: HKD 157,586 / 58 p.s.f.
Size: 2,717 s.f.
Bare Shell, Low Floor, City View
Prop.#: 72379","157,586"
"Chinachem Central, Two",CENTRAL,"Chinachem Central, Two
CENTRAL
Rental: HKD 157,586 / 58 p.s.f.
Size: 2,717 s.f.
Bare Shell, Low Floor, City View
Prop.#: 72380","157,586"
163 QRE,WAN CHAI,"163 QRE
WAN CHAI
Rental: HKD 157,320 / 40 p.s.f.
Size: 3,933 s.f.
Bare Shell, Mid Floor, City View
Prop.#: 89797","157,320"
Golden Centre,SHEUNG WAN,"Golden Centre
SHEUNG WAN
Rental: HKD 157,280 / 40 p.s.f.
Size: 3,932 s.f.
Fully Fitted, Low Floor, Partial Seaview
Prop.#: 66778","157,280"
Mira Place Tower A (Miramar Tower),TSIM SHA TSUI,"Mira Place Tower A (Miramar Tower)
TSIM SHA TSUI
Rental: HKD 156,912 / 48 p.s.f.
Size: 3,269 s.f.
Bare Shell, Mid Floor, City View
Prop.#: 4881","156,912"
"Electric Road, 148",NORTH POINT,"Electric Road, 148
NORTH POINT
Rental: HKD 156,856 / 28 p.s.f.
Size: 5,602 s.f.
Fully Fitted, High Floor, City View
Prop.#: 41784","156,856"
Ka Wing Building - Res,TSIM SHA TSUI,"Ka Wing Building - Res
TSIM SHA TSUI
Rental: HKD 156,800 / 28 p.s.f.
Size: 5,600 s.f.
Low Floor
Prop.#: 83038","156,800"
Pacific House,CENTRAL,"Pacific House
CENTRAL
Rental: HKD 156,579 / 57 p.s.f.
Size: 2,747 s.f.
Bare Shell, Low Floor, City View
Prop.#: 71057","156,579"
Times Square - Tower 1,CAUSEWAY BAY,"Times Square - Tower 1
CAUSEWAY BAY
Rental: HKD 156,550 / 50 p.s.f.
Size: 3,131 s.f.
Bare Shell, High Floor, Partial Seaview
Prop.#: 43538","156,550"
Three Garden Road - Champion Tower,CENTRAL,"Three Garden Road - Champion Tower
CENTRAL
Rental: HKD 156,426 / 93 p.s.f.
Size: 1,682 s.f.
Bare Shell, High Floor, Mountain View
Prop.#: 46185","156,426"
Landmark South,WONG CHUK HANG,"Landmark South
WONG CHUK HANG
Rental: HKD 156,377 / 23 p.s.f.
Size: 6,799 s.f.
Fully Fitted, Mid Floor, Mountain View
Prop.#: 83564","156,377"
K Wah Centre,NORTH POINT,"K Wah Centre
NORTH POINT
Rental: HKD 155,850 / 30 p.s.f.
Size: 5,195 s.f.
Prop.#: 92086","155,850"
AIA Tower,NORTH POINT,"AIA Tower
NORTH POINT
Rental: HKD 154,140 / 42 p.s.f.
Size: 3,670 s.f.
Fully Fitted, Mid Floor, City View
Prop.#: 91757","154,140"
Landmark South,WONG CHUK HANG,"Landmark South
WONG CHUK HANG
Rental: HKD 154,008 / 23 p.s.f.
Size: 6,696 s.f.
Fully Fitted, Mid Floor, Mountain View
Prop.#: 90975","154,008"
Kinwick Centre,CENTRAL,"Kinwick Centre
CENTRAL
Rental: HKD 153,710 / 38 p.s.f.
Size: 4,045 s.f.
Fully Fitted, Mid Floor, Open View
Prop.#: 59","153,710"
China Resources Building,WAN CHAI,"China Resources Building
WAN CHAI
Rental: HKD 153,318 / 69 p.s.f.
Size: 2,222 s.f.
Furnished, Partial Seaview
Prop.#: 92069","153,318"
Kingston International Centre,KOWLOON BAY,"Kingston International Centre
KOWLOON BAY
Rental: HKD 153,036 / 26 p.s.f.
Size: 5,886 s.f.
Bare Shell, High Floor, City View
Prop.#: 78519","153,036"
Central Plaza,WAN CHAI,"Central Plaza
WAN CHAI
Rental: HKD 152,845 / 55 p.s.f.
Size: 2,779 s.f.
Bare Shell, Mid Floor, Partial Seaview
Prop.#: 86842","152,845"
Beautiful Group Tower,SHEUNG WAN,"Beautiful Group Tower
SHEUNG WAN
Rental: HKD 152,178 / 39 p.s.f.
Size: 3,902 s.f.
Fully Fitted, Mid Floor, Partial Seaview
Prop.#: 4347","152,178"
Zing!,CAUSEWAY BAY,"Zing!
CAUSEWAY BAY
Rental: HKD 151,772 / 38 p.s.f.
Size: 3,994 s.f.
Bare Shell, Low Floor, City View
Prop.#: 69386","151,772"
Kai Tak Commercial Building,SHEUNG WAN,"Kai Tak Commercial Building
SHEUNG WAN
Rental: HKD 151,554 / 29 p.s.f.
Size: 5,226 s.f.
Fully Fitted, Mid Floor, Sea View
Prop.#: 46966","151,554"
United Asia Finance Centre,WAN CHAI,"United Asia Finance Centre
WAN CHAI
Rental: HKD 151,470 / 33 p.s.f.
Size: 4,590 s.f.
Bare Shell, High Floor, Sea View
Prop.#: 18931","151,470"
On Hing Building,CENTRAL,"On Hing Building
CENTRAL
Rental: HKD 151,140 / 33 p.s.f.
Size: 4,580 s.f.
Fully Fitted, High Floor, Open View
Prop.#: 11328","151,140"
"H Code, The Steps",CENTRAL,"H Code, The Steps
CENTRAL
Rental: HKD 151,130 / 70 p.s.f.
Size: 2,159 s.f.
Mid Floor
Prop.#: 91692","151,130"
"H Code, The Steps",CENTRAL,"H Code, The Steps
CENTRAL
Rental: HKD 151,130 / 70 p.s.f.
Size: 2,159 s.f.
Bare Shell, Low Floor, City View
Prop.#: 86944","151,130"
Chinachem Golden Plaza,TSIM SHA TSUI,"Chinachem Golden Plaza
TSIM SHA TSUI
Rental: HKD 151,100 / 25 p.s.f.
Size: 6,044 s.f.
Bare Shell, Low Floor, City View
Prop.#: 91839","151,100"
North Point Industrial Building,NORTH POINT,"North Point Industrial Building
NORTH POINT
Rental: HKD 151,040 / 16 p.s.f.
Size: 9,440 s.f.
Bare Shell, High Floor, Partial Seaview
Prop.#: 62311","151,040"
Singga Commercial Centre,WESTERN / KENNEDY TOWN,"Singga Commercial Centre
WESTERN / KENNEDY TOWN
Rental: HKD 150,800 / 29 p.s.f.
Size: 5,200 s.f.
Fully Fitted, High Floor
Prop.#: 92068","150,800"
World Trade Centre,CAUSEWAY BAY,"World Trade Centre
CAUSEWAY BAY
Rental: HKD 150,512 / 46 p.s.f.
Size: 3,272 s.f.
Fully Fitted, Sea View
Prop.#: 91888","150,512"
Tai Tung Building,WAN CHAI,"Tai Tung Building
WAN CHAI
Rental: HKD 150,160 / 40 p.s.f.
Size: 3,754 s.f.
Fully Fitted
Prop.#: 55344","150,160"
Central Plaza,WAN CHAI,"Central Plaza
WAN CHAI
Rental: HKD 150,095 / 55 p.s.f.
Size: 2,729 s.f.
Bare Shell, Low Floor, Partial Seaview
Prop.#: 47843","150,095"
Charmhill Centre,TSIM SHA TSUI,"Charmhill Centre
TSIM SHA TSUI
Rental: HKD 150,012 / 45 p.s.f.
Size: 3,365 s.f.
Bare Shell, Low Floor
Prop.#: 54278","150,012"
Southgate Commercial Centre,TSIM SHA TSUI,"Southgate Commercial Centre
TSIM SHA TSUI
Rental: HKD 150,004 / 60 p.s.f.
Size: 2,516 s.f.
Low Floor
Prop.#: 87503","150,004"
Honest Building,CAUSEWAY BAY,"Honest Building
CAUSEWAY BAY
Rental: HKD 149,994 / 33 p.s.f.
Size: 4,573 s.f.
Fully Fitted, Low Floor
Prop.#: 68758","149,994"
Prince Tower,TSIM SHA TSUI,"Prince Tower
TSIM SHA TSUI
Rental: HKD 149,994 / 58 p.s.f.
Size: 2,600 s.f.
Fully Fitted, High Floor, City View
Prop.#: 71209","149,994"
"Hart Avenue, 4",TSIM SHA TSUI,"Hart Avenue, 4
TSIM SHA TSUI
Rental: HKD 149,986 / 39 p.s.f.
Size: 3,800 s.f.
Fully Fitted, Low Floor, City View
Prop.#: 52605","149,986"
Emperor Watch & Jewellery Centre,CAUSEWAY BAY,"Emperor Watch & Jewellery Centre
CAUSEWAY BAY
Rental: HKD 149,985 / 32 p.s.f.
Size: 4,718 s.f.
Fully Fitted, Mid Floor, City View
Prop.#: 65286","149,985"
Yardley Commercial Building,SHEUNG WAN,"Yardley Commercial Building
SHEUNG WAN
Rental: HKD 149,976 / 24 p.s.f.
Size: 6,249 s.f.
Fully Fitted, Low Floor, Partial Seaview
Prop.#: 57165","149,976"
Mira Place Tower A (Miramar Tower),TSIM SHA TSUI,"Mira Place Tower A (Miramar Tower)
TSIM SHA TSUI
Rental: HKD 149,891 / 49 p.s.f.
Size: 3,059 s.f.
Fully Fitted, Low Floor, City View
Prop.#: 39879","149,891"
Allied Kajima Building,WAN CHAI,"Allied Kajima Building
WAN CHAI
Rental: HKD 149,840 / 40 p.s.f.
Size: 3,746 s.f.
Fully Fitted, Mid Floor, Partial Seaview
Prop.#: 43083","149,840"
Sun Hung Kai Centre,WAN CHAI,"Sun Hung Kai Centre
WAN CHAI
Rental: HKD 149,820 / 55 p.s.f.
Size: 2,724 s.f.
Bare Shell, Low Floor, City View
Prop.#: 12360","149,820"
Central Plaza,WAN CHAI,"Central Plaza
WAN CHAI
Rental: HKD 149,544 / 62 p.s.f.
Size: 2,412 s.f.
Bare Shell, High Floor, Mountain View
Prop.#: 91469","149,544"
New Mandarin Plaza - Tower A,TSIM SHA TSUI,"New Mandarin Plaza - Tower A
TSIM SHA TSUI
Rental: HKD 149,500 / 26 p.s.f.
Size: 5,750 s.f.
Fully Fitted, High Floor, City View
Prop.#: 62034","149,500"
Silver Fortune Plaza,CENTRAL,"Silver Fortune Plaza
CENTRAL
Rental: HKD 149,498 / 34 p.s.f.
Size: 4,397 s.f.
Fully Fitted, High Floor, City View
Prop.#: 49181","149,498"
Three Garden Road - ICBC Tower,CENTRAL,"Three Garden Road - ICBC Tower
CENTRAL
Rental: HKD 149,265 / 93 p.s.f.
Size: 1,605 s.f.
Bare Shell, High Floor, City View
Prop.#: 57338","149,265"
Sands Building,TSIM SHA TSUI,"Sands Building
TSIM SHA TSUI
Rental: HKD 149,048 / 31 p.s.f.
Size: 4,808 s.f.
Bare Shell, Low Floor, City View
Prop.#: 5067","149,048"
On Hing Building,CENTRAL,"VR TOUR
On Hing Building
CENTRAL
Rental: HKD 148,850 / 33 p.s.f.
Size: 4,580 s.f.
Fully Fitted, Open View
Prop.#: 51629","148,850"
88WL,SHEUNG WAN,"88WL
SHEUNG WAN
Rental: HKD 148,832 / 32 p.s.f.
Size: 4,651 s.f.
Bare Shell, Low Floor
Prop.#: 85621","148,832"
Central Plaza,WAN CHAI,"Central Plaza
WAN CHAI
Rental: HKD 148,366 / 62 p.s.f.
Size: 2,393 s.f.
Fully Fitted, Mid Floor, Mountain View
Prop.#: 74859","148,366"
"The Chelsea (Jervois Street, 69)",SHEUNG WAN,"The Chelsea (Jervois Street, 69)
SHEUNG WAN
Rental: HKD 148,320 / 36 p.s.f.
Size: 4,120 s.f.
Fully Fitted, Mid Floor, City View
Prop.#: 84437","148,320"
QRE Plaza,WAN CHAI,"QRE Plaza
WAN CHAI
Rental: HKD 148,140 / 45 p.s.f.
Size: 3,292 s.f.
Bare Shell, High Floor
Prop.#: 27902","148,140"
QRE Plaza,WAN CHAI,"QRE Plaza
WAN CHAI
Rental: HKD 148,140 / 45 p.s.f.
Size: 3,292 s.f.
Bare Shell, High Floor
Prop.#: 27903","148,140"
QRE Plaza,WAN CHAI,"QRE Plaza
WAN CHAI
Rental: HKD 148,140 / 45 p.s.f.
Size: 3,292 s.f.
Fully Fitted, Low Floor, City View
Prop.#: 27917","148,140"
QRE Plaza,WAN CHAI,"QRE Plaza
WAN CHAI
Rental: HKD 148,140 / 45 p.s.f.
Size: 3,292 s.f.
Fully Fitted, Mid Floor
Prop.#: 67582","148,140"
Grand Millennium Plaza,SHEUNG WAN,"Grand Millennium Plaza
SHEUNG WAN
Rental: HKD 148,045 / 29 p.s.f.
Size: 5,105 s.f.
Fully Fitted, Mid Floor, City View
Prop.#: 51886","148,045"
Grand Place,MONG KOK / TAI KOK TSUI,"Grand Place
MONG KOK / TAI KOK TSUI
Rental: HKD 148,006 / 34 p.s.f.
Size: 4,300 s.f.
Fully Fitted, Low Floor, City View
Prop.#: 72329","148,006"
299QRC,SHEUNG WAN,"299QRC
SHEUNG WAN
Rental: HKD 147,987 / 63 p.s.f.
Size: 2,349 s.f.
Fully Fitted
Prop.#: 92150","147,987"
Garden East,WAN CHAI,"Garden East
WAN CHAI
Rental: HKD 147,700 / 100 p.s.f.
Size: 1,477 s.f.
Low Floor
Prop.#: 92122","147,700"
Chinachem Tower,CENTRAL,"Chinachem Tower
CENTRAL
Rental: HKD 146,850 / 55 p.s.f.
Size: 2,670 s.f.
Fully Fitted, Mid Floor, Partial Seaview
Prop.#: 92183","146,850"
Lee & Man Commercial Center,NORTH POINT,"Lee & Man Commercial Center
NORTH POINT
Rental: HKD 146,146 / 26 p.s.f.
Size: 5,621 s.f.
Fully Fitted, High Floor, City View
Prop.#: 91843","146,146"
Island Place Tower,NORTH POINT,"Island Place Tower
NORTH POINT
Rental: HKD 145,824 / 24 p.s.f.
Size: 6,076 s.f.
Bare Shell, Low Floor, City View
Prop.#: 75827","145,824"
Ruttonjee Centre - Dina House,CENTRAL,"Ruttonjee Centre - Dina House
CENTRAL
Rental: HKD 145,200 / 50 p.s.f.
Size: 2,904 s.f.
Fully Fitted, Mid Floor, City View
Prop.#: 29480","145,200"
Times Tower,WAN CHAI,"Times Tower
WAN CHAI
Rental: HKD 145,160 / 38 p.s.f.
Price: HKD 107.0M / 28,000 p.s.f.
Size: 3,820 s.f.
High Floor, Sea View
Prop.#: 27432","145,160"
HDH Centre,CAUSEWAY BAY,"HDH Centre
CAUSEWAY BAY
Rental: HKD 145,125 / 45 p.s.f.
Size: 3,225 s.f.
Bare Shell, Mid Floor
Prop.#: 83444","145,125"
HDH Centre,CAUSEWAY BAY,"HDH Centre
CAUSEWAY BAY
Rental: HKD 145,125 / 45 p.s.f.
Size: 3,225 s.f.
Bare Shell, Mid Floor
Prop.#: 83446","145,125"
HDH Centre,CAUSEWAY BAY,"HDH Centre
CAUSEWAY BAY
Rental: HKD 145,125 / 45 p.s.f.
Size: 3,225 s.f.
Bare Shell, Mid Floor
Prop.#: 83447","145,125"
HDH Centre,CAUSEWAY BAY,"HDH Centre
CAUSEWAY BAY
Rental: HKD 145,125 / 45 p.s.f.
Size: 3,225 s.f.
Bare Shell, Mid Floor
Prop.#: 83448","145,125"
HDH Centre,CAUSEWAY BAY,"HDH Centre
CAUSEWAY BAY
Rental: HKD 145,125 / 45 p.s.f.
Size: 3,225 s.f.
Bare Shell, High Floor
Prop.#: 83449","145,125"
HDH Centre,CAUSEWAY BAY,"HDH Centre
CAUSEWAY BAY
Rental: HKD 145,125 / 45 p.s.f.
Size: 3,225 s.f.
Bare Shell, High Floor
Prop.#: 83450","145,125"
Health Aura,CAUSEWAY BAY,"Health Aura
CAUSEWAY BAY
Rental: HKD 145,008 / 86 p.s.f.
Size: 1,696 s.f.
Bare Shell, Low Floor, City View
Prop.#: 85347","145,008"
Wong Tze Building,KWUN TONG,"Wong Tze Building
KWUN TONG
Rental: HKD 144,960 / 20 p.s.f.
Size: 7,248 s.f.
Fully Fitted, High Floor
Prop.#: 69810","144,960"
C C Wu Building,WAN CHAI,"C C Wu Building
WAN CHAI
Rental: HKD 144,368 / 28 p.s.f.
Size: 5,156 s.f.
High Floor
Prop.#: 90820","144,368"
"Heung Yip Road, 41",WONG CHUK HANG,"Heung Yip Road, 41
WONG CHUK HANG
Rental: HKD 144,159 / 29 p.s.f.
Size: 4,971 s.f.
Fully Fitted, High Floor, Sea View
Prop.#: 86670","144,159"
North Point Industrial Building,NORTH POINT,"North Point Industrial Building
NORTH POINT
Rental: HKD 144,000 / 16 p.s.f.
Size: 9,000 s.f.
Bare Shell, Mid Floor, Partial Seaview
Prop.#: 85095","144,000"
"Hing Fat Street, 88",NORTH POINT,"Hing Fat Street, 88
NORTH POINT
Rental: HKD 143,500 / 35 p.s.f.
Size: 4,100 s.f.
Fully Fitted, High Floor, Sea View
Prop.#: 50733","143,500"
Harbour Centre,WAN CHAI,"Harbour Centre
WAN CHAI
Rental: HKD 143,385 / 55 p.s.f.
Size: 2,607 s.f.
Fully Fitted, Mid Floor, Sea View
Prop.#: 62317","143,385"
Westlands Centre,QUARRY BAY,"Westlands Centre
QUARRY BAY
Rental: HKD 142,681 / 17 p.s.f.
Size: 8,393 s.f.
Bare Shell, Low Floor, City View
Prop.#: 17168","142,681"
H Code,CENTRAL,"H Code
CENTRAL
Rental: HKD 142,600 / 23 p.s.f.
Size: 6,200 s.f.
Mid Floor
Prop.#: 91693","142,600"
"Johnston Road, 208",WAN CHAI,"Johnston Road, 208
WAN CHAI
Rental: HKD 142,350 / 50 p.s.f.
Size: 2,847 s.f.
Bare Shell, High Floor, City View
Prop.#: 80879","142,350"
Mall Plus,WAN CHAI,"Mall Plus
WAN CHAI
Rental: HKD 142,200 / 90 p.s.f.
Size: 1,580 s.f.
Bare Shell, Low Floor
Prop.#: 87227","142,200"
New Henry House,CENTRAL,"New Henry House
CENTRAL
Rental: HKD 142,100 / 70 p.s.f.
Size: 2,030 s.f.
Fully Fitted, Mid Floor
Prop.#: 90264","142,100"
COFCO Tower,CAUSEWAY BAY,"COFCO Tower
CAUSEWAY BAY
Rental: HKD 141,984 / 48 p.s.f.
Size: 2,958 s.f.
Fully Fitted, Mid Floor, Sea View
Prop.#: 1835","141,984"
Albion Plaza,TSIM SHA TSUI,"Albion Plaza
TSIM SHA TSUI
Rental: HKD 141,860 / 41 p.s.f.
Size: 3,460 s.f.
Fully Fitted
Prop.#: 91284","141,860"
"Harbourfront, Two",HUNG HOM / TO KWA WAN,"Harbourfront, Two
HUNG HOM / TO KWA WAN
Rental: HKD 141,542 / 34 p.s.f.
Size: 4,163 s.f.
Fully Fitted
Prop.#: 50317","141,542"
Cosco Tower,SHEUNG WAN,"Cosco Tower
SHEUNG WAN
Rental: HKD 141,375 / 65 p.s.f.
Size: 2,175 s.f.
Fully Fitted, High Floor, Sea View
Prop.#: 19636","141,375"
YF Life Tower,WAN CHAI,"YF Life Tower
WAN CHAI
Rental: HKD 141,375 / 39 p.s.f.
Size: 3,625 s.f.
Bare Shell, Mid Floor, City View
Prop.#: 72554","141,375"
New Henry House,CENTRAL,"New Henry House
CENTRAL
Rental: HKD 140,980 / 70 p.s.f.
Size: 2,014 s.f.
Bare Shell, Low Floor, City View
Prop.#: 83787","140,980"
Sun Hung Kai Centre,WAN CHAI,"Sun Hung Kai Centre
WAN CHAI
Rental: HKD 140,580 / 60 p.s.f.
Size: 2,343 s.f.
Fully Fitted, City View
Prop.#: 35091","140,580"
88WL,SHEUNG WAN,"88WL
SHEUNG WAN
Rental: HKD 140,349 / 33 p.s.f.
Size: 4,253 s.f.
Bare Shell, Low Floor, City View
Prop.#: 85618","140,349"
88WL,SHEUNG WAN,"88WL
SHEUNG WAN
Rental: HKD 140,349 / 33 p.s.f.
Size: 4,253 s.f.
Bare Shell, Low Floor
Prop.#: 85619","140,349"
United Centre,ADMIRALTY,"United Centre
ADMIRALTY
Rental: HKD 140,118 / 33 p.s.f.
Size: 4,246 s.f.
Bare Shell, City View
Prop.#: 85934","140,118"
Park Commercial Centre,CAUSEWAY BAY,"Park Commercial Centre
CAUSEWAY BAY
Rental: HKD 139,980 / 30 p.s.f.
Size: 4,666 s.f.
Fully Fitted, Mid Floor, Park View
Prop.#: 780","139,980"
China Hong Kong City - Tower 5,TSIM SHA TSUI,"China Hong Kong City - Tower 5
TSIM SHA TSUI
Rental: HKD 139,692 / 28 p.s.f.
Size: 4,989 s.f.
Fully Fitted, Garden View
Prop.#: 92074","139,692"
Cosco Tower,SHEUNG WAN,"Cosco Tower
SHEUNG WAN
Rental: HKD 139,680 / 60 p.s.f.
Size: 2,328 s.f.
Bare Shell, High Floor, Sea View
Prop.#: 19648","139,680"
Concordia Plaza,TSIM SHA TSUI,"Concordia Plaza
TSIM SHA TSUI
Rental: HKD 139,265 / 35 p.s.f.
Size: 3,979 s.f.
Fully Fitted, Low Floor, City View
Prop.#: 59439","139,265"
Man Yee Building,CENTRAL,"VR TOUR
Man Yee Building
CENTRAL
Rental: HKD 139,080 / 95 p.s.f.
Size: 1,464 s.f.
Fully Fitted, High Floor, City View
Prop.#: 84410","139,080"
Plaza 2000,CAUSEWAY BAY,"Plaza 2000
CAUSEWAY BAY
Rental: HKD 139,020 / 35 p.s.f.
Size: 3,972 s.f.
Bare Shell, Low Floor, City View
Prop.#: 62211","139,020"
Infinitus Plaza,SHEUNG WAN,"Infinitus Plaza
SHEUNG WAN
Rental: HKD 138,936 / 42 p.s.f.
Size: 3,308 s.f.
Bare Shell, Partial Seaview
Prop.#: 91462","138,936"
Cosco Tower,SHEUNG WAN,"Cosco Tower
SHEUNG WAN
Rental: HKD 138,285 / 45 p.s.f.
Size: 3,073 s.f.
Fully Fitted, Mid Floor, Open View
Prop.#: 83571","138,285"
Mirror Tower,TSIM SHA TSUI,"Mirror Tower
TSIM SHA TSUI
Rental: HKD 138,020 / 32 p.s.f.
Size: 4,285 s.f.
Fully Fitted, Low Floor, City View
Prop.#: 33472","138,020"
Eu Yan Sang Tower,TSIM SHA TSUI,"Eu Yan Sang Tower
TSIM SHA TSUI
Rental: HKD 138,006 / 41 p.s.f.
Size: 3,400 s.f.
Fully Fitted, Low Floor
Prop.#: 91723","138,006"
Milton Mansion,TSIM SHA TSUI,"Milton Mansion
TSIM SHA TSUI
Rental: HKD 137,999 / 209 p.s.f.
Size: 660 s.f.
Bare Shell, Low Floor
Prop.#: 81573","137,999"
Neich Tower,WAN CHAI,"Neich Tower
WAN CHAI
Rental: HKD 137,990 / 29 p.s.f.
Size: 4,798 s.f.
Fully Fitted, High Floor, Open View
Prop.#: 51621","137,990"
Island Place Tower,NORTH POINT,"Island Place Tower
NORTH POINT
Rental: HKD 137,980 / 29 p.s.f.
Size: 4,753 s.f.
Bare Shell, High Floor, City View
Prop.#: 84660","137,980"
Entertainment Building,CENTRAL,"Entertainment Building
CENTRAL
Rental: HKD 137,970 / 70 p.s.f.
Size: 1,971 s.f.
Bare Shell, Low Floor, City View
Prop.#: 50702","137,970"
Mira Place Tower A (Miramar Tower),TSIM SHA TSUI,"Mira Place Tower A (Miramar Tower)
TSIM SHA TSUI
Rental: HKD 137,906 / 53 p.s.f.
Size: 2,602 s.f.
Bare Shell, High Floor, Open View
Prop.#: 52947","137,906"
Cosco Tower,SHEUNG WAN,"Cosco Tower
SHEUNG WAN
Rental: HKD 137,880 / 45 p.s.f.
Size: 3,064 s.f.
Fully Fitted, Mid Floor, Sea View
Prop.#: 19616","137,880"
Chinachem Tower,CENTRAL,"Chinachem Tower
CENTRAL
Rental: HKD 137,540 / 46 p.s.f.
Size: 2,990 s.f.
Bare Shell, Low Floor, City View
Prop.#: 92182","137,540"
Standard Chartered Bank Building,CENTRAL,"Standard Chartered Bank Building
CENTRAL
Rental: HKD 136,960 / 80 p.s.f.
Size: 1,712 s.f.
Bare Shell, City View
Prop.#: 90176","136,960"
Energy Plaza,TSIM SHA TSUI,"Energy Plaza
TSIM SHA TSUI
Rental: HKD 136,885 / 35 p.s.f.
Size: 3,911 s.f.
Bare Shell
Prop.#: 36581","136,885"
East Town Building,WAN CHAI,"East Town Building
WAN CHAI
Rental: HKD 136,617 / 31 p.s.f.
Size: 4,407 s.f.
Bare Shell, Low Floor, City View
Prop.#: 75561","136,617"
St. George's Building,CENTRAL,"St. George's Building
CENTRAL
Rental: HKD 136,612 / 98 p.s.f.
Size: 1,394 s.f.
Fully Fitted, Low Floor, City View
Prop.#: 87714","136,612"
Genesis,WONG CHUK HANG,"VR TOUR
Genesis
WONG CHUK HANG
Rental: HKD 136,560 / 15 p.s.f.
Size: 9,104 s.f.
Fully Fitted, High Floor, City View
Prop.#: 27102","136,560"
K Wah Centre,NORTH POINT,"K Wah Centre
NORTH POINT
Rental: HKD 136,482 / 23 p.s.f.
Size: 5,934 s.f.
Mid Floor, Sea View
Prop.#: 89831","136,482"
Tung Hip Commercial Building,SHEUNG WAN,"Tung Hip Commercial Building
SHEUNG WAN
Rental: HKD 136,360 / 28 p.s.f.
Size: 4,870 s.f.
Fully Fitted, Low Floor
Prop.#: 91853","136,360"
Energy Plaza,TSIM SHA TSUI,"Energy Plaza
TSIM SHA TSUI
Rental: HKD 136,356 / 22 p.s.f.
Size: 6,198 s.f.
Fully Fitted
Prop.#: 91613","136,356"
The Center,CENTRAL,"The Center
CENTRAL
Rental: HKD 136,188 / 78 p.s.f.
Price: HKD 41.6M / 23,800 p.s.f.
Size: 1,746 s.f.
Bare Shell, High Floor, Open View
Prop.#: 1135","136,188"
Cosco Tower,SHEUNG WAN,"Cosco Tower
SHEUNG WAN
Rental: HKD 136,184 / 58 p.s.f.
Size: 2,348 s.f.
Fully Fitted, High Floor, Partial Seaview
Prop.#: 9715","136,184"
The Center,CENTRAL,"The Center
CENTRAL
Rental: HKD 135,940 / 35 p.s.f.
Size: 3,884 s.f.
Bare Shell, Mid Floor
Prop.#: 91955","135,940"
Entertainment Building,CENTRAL,"Entertainment Building
CENTRAL
Rental: HKD 135,920 / 80 p.s.f.
Size: 1,699 s.f.
Bare Shell, High Floor, City View
Prop.#: 78357","135,920"
Causeway Bay Plaza II,CAUSEWAY BAY,"Causeway Bay Plaza II
CAUSEWAY BAY
Rental: HKD 135,730 / 35 p.s.f.
Size: 3,878 s.f.
Bare Shell, High Floor, City View
Prop.#: 89722","135,730"
Wheelock House,CENTRAL,"Wheelock House
CENTRAL
Rental: HKD 135,447 / 69 p.s.f.
Size: 1,963 s.f.
Bare Shell, Mid Floor, City View
Prop.#: 62357","135,447"
"Chinese Bank Building, The",CENTRAL,"Chinese Bank Building, The
CENTRAL
Rental: HKD 135,415 / 35 p.s.f.
Size: 3,869 s.f.
Bare Shell, High Floor, City View
Prop.#: 951","135,415"
"Chinese Bank Building, The",CENTRAL,"Chinese Bank Building, The
CENTRAL
Rental: HKD 134,928 / 36 p.s.f.
Size: 3,748 s.f.
Bare Shell, High Floor, City View
Prop.#: 63555","134,928"
Siu On Plaza,CAUSEWAY BAY,"Siu On Plaza
CAUSEWAY BAY
Rental: HKD 134,904 / 33 p.s.f.
Size: 4,088 s.f.
Fully Fitted, Mid Floor, City View
Prop.#: 44583","134,904"
Millennium City 1 - Tower 01,KWUN TONG,"Millennium City 1 - Tower 01
KWUN TONG
Rental: HKD 134,720 / 32 p.s.f.
Size: 4,210 s.f.
Fully Fitted, Mid Floor
Prop.#: 66265","134,720"
"King's Road, 1063",QUARRY BAY,"King's Road, 1063
QUARRY BAY
Rental: HKD 134,558 / 38 p.s.f.
Size: 3,541 s.f.
Bare Shell, Mid Floor
Prop.#: 82641","134,558"
H Queen's,CENTRAL,"H Queen's
CENTRAL
Rental: HKD 134,485 / 65 p.s.f.
Size: 2,069 s.f.
Partially Fitted, City View
Prop.#: 92021","134,485"
Shui On Centre,WAN CHAI,"Shui On Centre
WAN CHAI
Rental: HKD 134,480 / 40 p.s.f.
Size: 3,362 s.f.
Furnished, Low Floor, City View
Prop.#: 78325","134,480"
Chubb Tower (Windsor House),CAUSEWAY BAY,"Chubb Tower (Windsor House)
CAUSEWAY BAY
Rental: HKD 134,475 / 25 p.s.f.
Size: 5,379 s.f.
Fully Fitted, Low Floor, Partial Seaview
Prop.#: 88342","134,475"
Lippo Centre - Tower 2,ADMIRALTY,"Lippo Centre - Tower 2
ADMIRALTY
Rental: HKD 134,316 / 36 p.s.f.
Size: 3,731 s.f.
Fully Fitted, High Floor, City View
Prop.#: 40755","134,316"
Millennium City 1 - Tower 01,KWUN TONG,"Millennium City 1 - Tower 01
KWUN TONG
Rental: HKD 134,272 / 32 p.s.f.
Size: 4,196 s.f.
Bare Shell, High Floor
Prop.#: 30855","134,272"
New Mandarin Plaza - Tower B,TSIM SHA TSUI,"New Mandarin Plaza - Tower B
TSIM SHA TSUI
Rental: HKD 134,225 / 35 p.s.f.
Size: 3,835 s.f.
Fully Fitted, High Floor, City View
Prop.#: 23596","134,225"
Central Plaza,WAN CHAI,"Central Plaza
WAN CHAI
Rental: HKD 134,145 / 55 p.s.f.
Size: 2,439 s.f.
Bare Shell, Mid Floor, Open View
Prop.#: 60140","134,145"
Grand Millennium Plaza,SHEUNG WAN,"Grand Millennium Plaza
SHEUNG WAN
Rental: HKD 133,994 / 34 p.s.f.
Size: 3,941 s.f.
Bare Shell, Open View
Prop.#: 90549","133,994"
"Electric Road, 148",NORTH POINT,"Electric Road, 148
NORTH POINT
Rental: HKD 133,868 / 28 p.s.f.
Size: 4,781 s.f.
Fully Fitted, Mid Floor, Open View
Prop.#: 1669","133,868"
Leighton Centre,CAUSEWAY BAY,"Leighton Centre
CAUSEWAY BAY
Rental: HKD 133,856 / 47 p.s.f.
Size: 2,848 s.f.
Furnished
Prop.#: 91873","133,856"
Central Plaza,WAN CHAI,"Central Plaza
WAN CHAI
Rental: HKD 133,588 / 52 p.s.f.
Size: 2,569 s.f.
Bare Shell, Low Floor
Prop.#: 88341","133,588"
Three Garden Road - ICBC Tower,CENTRAL,"Three Garden Road - ICBC Tower
CENTRAL
Rental: HKD 133,548 / 93 p.s.f.
Size: 1,436 s.f.
Mid Floor
Prop.#: 91846","133,548"
Jubilee Centre,WAN CHAI,"Jubilee Centre
WAN CHAI
Rental: HKD 133,420 / 35 p.s.f.
Size: 3,812 s.f.
Fully Fitted, High Floor, Sea View
Prop.#: 274","133,420"
Mira Place Tower A (Miramar Tower),TSIM SHA TSUI,"Mira Place Tower A (Miramar Tower)
TSIM SHA TSUI
Rental: HKD 133,354 / 46 p.s.f.
Size: 2,899 s.f.
Bare Shell, Mid Floor, City View
Prop.#: 83490","133,354"
Central Plaza,WAN CHAI,"Central Plaza
WAN CHAI
Rental: HKD 133,320 / 60 p.s.f.
Size: 2,222 s.f.
Fully Fitted, High Floor, Mountain View
Prop.#: 20104","133,320"
Hopewell Centre,WAN CHAI,"Hopewell Centre
WAN CHAI
Rental: HKD 133,200 / 100 p.s.f.
Size: 1,332 s.f.
Fully Fitted, Low Floor
Prop.#: 92120","133,200"
Citicorp Centre,NORTH POINT,"Citicorp Centre
NORTH POINT
Rental: HKD 133,150 / 25 p.s.f.
Size: 5,326 s.f.
Bare Shell, Sea View
Prop.#: 90251","133,150"
COFCO Tower,CAUSEWAY BAY,"COFCO Tower
CAUSEWAY BAY
Rental: HKD 133,110 / 45 p.s.f.
Size: 2,958 s.f.
Fully Fitted, Low Floor, Sea View
Prop.#: 1007","133,110"
New Henry House,CENTRAL,"New Henry House
CENTRAL
Rental: HKD 133,000 / 70 p.s.f.
Size: 1,900 s.f.
Fully Fitted
Prop.#: 90269","133,000"
New Henry House,CENTRAL,"New Henry House
CENTRAL
Rental: HKD 133,000 / 70 p.s.f.
Size: 1,900 s.f.
Bare Shell, Low Floor, City View
Prop.#: 83156","133,000"
"Johnston Road, 208",WAN CHAI,"Johnston Road, 208
WAN CHAI
Rental: HKD 132,986 / 46 p.s.f.
Size: 2,891 s.f.
Bare Shell, High Floor, Open View
Prop.#: 80881","132,986"
China Insurance Group Building,SHEUNG WAN,"China Insurance Group Building
SHEUNG WAN
Rental: HKD 132,900 / 30 p.s.f.
Size: 4,430 s.f.
Fully Fitted, High Floor, City View
Prop.#: 87862","132,900"
HKHC Tower,JORDAN,"HKHC Tower
JORDAN
Rental: HKD 132,896 / 32 p.s.f.
Size: 4,153 s.f.
Bare Shell, High Floor, City View
Prop.#: 45051","132,896"
Infinitus Plaza,SHEUNG WAN,"Infinitus Plaza
SHEUNG WAN
Rental: HKD 132,869 / 47 p.s.f.
Size: 2,827 s.f.
Bare Shell, Sea View
Prop.#: 91459","132,869"
Guardian House,WAN CHAI,"Guardian House
WAN CHAI
Rental: HKD 132,500 / 25 p.s.f.
Size: 5,300 s.f.
Fully Fitted, Low Floor
Prop.#: 80854","132,500"
Prosperous Building,CENTRAL,"Prosperous Building
CENTRAL
Rental: HKD 132,280 / 40 p.s.f.
Size: 3,307 s.f.
Partially Fitted, High Floor, City View
Prop.#: 3502","132,280"
Goldlion Holdings Centre,SHATIN / FO TAN,"Goldlion Holdings Centre
SHATIN / FO TAN
Rental: HKD 132,000 / 12 p.s.f.
Size: 11,000 s.f.
Bare Shell, High Floor, City View
Prop.#: 47746","132,000"
"Observatory Road, 8",TSIM SHA TSUI,"Observatory Road, 8
TSIM SHA TSUI
Rental: HKD 131,975 / 20 p.s.f.
Size: 6,730 s.f.
Bare Shell, City View
Prop.#: 90856","131,975"
Lippo Centre - Tower 1,ADMIRALTY,"Lippo Centre - Tower 1
ADMIRALTY
Rental: HKD 131,915 / 35 p.s.f.
Size: 3,769 s.f.
Partially Fitted, High Floor, Partial Seaview
Prop.#: 56860","131,915"
Times Square - Tower 1,CAUSEWAY BAY,"Times Square - Tower 1
CAUSEWAY BAY
Rental: HKD 131,850 / 50 p.s.f.
Size: 2,637 s.f.
Bare Shell, Mid Floor, City View
Prop.#: 81955","131,850"
Silvercord - Tower 1,TSIM SHA TSUI,"Silvercord - Tower 1
TSIM SHA TSUI
Rental: HKD 131,307 / 33 p.s.f.
Price: HKD 59.7M / 15,000 p.s.f.
Size: 3,979 s.f.
Fully Fitted, Low Floor, City View
Prop.#: 17973","131,307"
Genesis,WONG CHUK HANG,"Genesis
WONG CHUK HANG
Rental: HKD 131,251 / 13 p.s.f.
Size: 10,254 s.f.
Fully Fitted, Open View
Prop.#: 69357","131,251"
Hang Lung Centre,CAUSEWAY BAY,"Hang Lung Centre
CAUSEWAY BAY
Rental: HKD 131,120 / 55 p.s.f.
Size: 2,384 s.f.
Furnished, Mid Floor
Prop.#: 57809","131,120"
Sun Hung Kai Centre,WAN CHAI,"Sun Hung Kai Centre
WAN CHAI
Rental: HKD 130,955 / 55 p.s.f.
Size: 2,381 s.f.
Bare Shell, Low Floor, City View
Prop.#: 84390","130,955"
China Overseas Building,WAN CHAI,"China Overseas Building
WAN CHAI
Rental: HKD 130,860 / 36 p.s.f.
Size: 3,635 s.f.
Fully Fitted, High Floor
Prop.#: 90461","130,860"
"Heung Yip Road, 41",WONG CHUK HANG,"Heung Yip Road, 41
WONG CHUK HANG
Rental: HKD 130,750 / 25 p.s.f.
Size: 5,230 s.f.
Fully Fitted, Sea View
Prop.#: 88358","130,750"
Two Chinachem Plaza,SHEUNG WAN,"Two Chinachem Plaza
SHEUNG WAN
Rental: HKD 130,606 / 38 p.s.f.
Size: 3,437 s.f.
Bare Shell, Partial Seaview
Prop.#: 91844","130,606"
Two Chinachem Plaza,SHEUNG WAN,"Two Chinachem Plaza
SHEUNG WAN
Rental: HKD 130,606 / 38 p.s.f.
Size: 3,437 s.f.
Bare Shell, Partial Seaview
Prop.#: 91897","130,606"
Grand Centre,TSIM SHA TSUI,"Grand Centre
TSIM SHA TSUI
Rental: HKD 130,500 / 50 p.s.f.
Size: 2,610 s.f.
Fully Fitted, High Floor, City View
Prop.#: 12380","130,500"
Lee Garden Six (111 Leighton Road),CAUSEWAY BAY,"Lee Garden Six (111 Leighton Road)
CAUSEWAY BAY
Rental: HKD 130,365 / 45 p.s.f.
Size: 2,897 s.f.
Bare Shell, Low Floor, Garden View
Prop.#: 57535","130,365"
"Hing Fat Street, 88",NORTH POINT,"Hing Fat Street, 88
NORTH POINT
Rental: HKD 130,200 / 31 p.s.f.
Size: 4,200 s.f.
Fully Fitted, Mid Floor, Sea View
Prop.#: 86855","130,200"
Chinachem Tower,CENTRAL,"Chinachem Tower
CENTRAL
Rental: HKD 130,000 / 65 p.s.f.
Size: 2,000 s.f.
Bare Shell, High Floor, City View
Prop.#: 1029","130,000"
LKF29 (Onfem Tower),CENTRAL,"LKF29 (Onfem Tower)
CENTRAL
Rental: HKD 129,999 / 45 p.s.f.
Size: 2,878 s.f.
Fully Fitted, City View
Prop.#: 90682","129,999"
Oliv,CAUSEWAY BAY,"Oliv
CAUSEWAY BAY
Rental: HKD 129,998 / 62 p.s.f.
Price: HKD 55.0M / 26,315 p.s.f.
Size: 2,090 s.f.
Low Floor
Prop.#: 69135","129,998"
Sun Hung Kai Centre,WAN CHAI,"Sun Hung Kai Centre
WAN CHAI
Rental: HKD 129,978 / 58 p.s.f.
Size: 2,241 s.f.
Bare Shell, Mid Floor, Partial Seaview
Prop.#: 89682","129,978"
Ruttonjee Centre - Dina House,CENTRAL,"Ruttonjee Centre - Dina House
CENTRAL
Rental: HKD 129,960 / 40 p.s.f.
Size: 3,249 s.f.
Fully Fitted, High Floor, City View
Prop.#: 16336","129,960"
China Minmetals Tower,TSIM SHA TSUI,"China Minmetals Tower
TSIM SHA TSUI
Rental: HKD 129,920 / 28 p.s.f.
Size: 4,640 s.f.
Partially Fitted, Mid Floor
Prop.#: 89863","129,920"
The Center,CENTRAL,"The Center
CENTRAL
Rental: HKD 129,402 / 63 p.s.f.
Size: 2,054 s.f.
Bare Shell, Mid Floor, Open View
Prop.#: 79206","129,402"
"Electric Road, 228",NORTH POINT,"Electric Road, 228
NORTH POINT
Rental: HKD 129,210 / 30 p.s.f.
Size: 4,307 s.f.
Bare Shell, Mid Floor, City View
Prop.#: 86267","129,210"
Sino Plaza,CAUSEWAY BAY,"Sino Plaza
CAUSEWAY BAY
Rental: HKD 129,024 / 48 p.s.f.
Size: 2,688 s.f.
Fully Fitted, Mid Floor, Sea View
Prop.#: 21032","129,024"
Tai Tung Building,WAN CHAI,"Tai Tung Building
WAN CHAI
Rental: HKD 129,024 / 36 p.s.f.
Size: 3,584 s.f.
Fully Fitted, Mid Floor, City View
Prop.#: 66557","129,024"
Man Yee Building,CENTRAL,"Man Yee Building
CENTRAL
Rental: HKD 128,970 / 90 p.s.f.
Size: 1,433 s.f.
Bare Shell, High Floor, Open View
Prop.#: 88285","128,970"
Sup Tower,NORTH POINT,"Sup Tower
NORTH POINT
Rental: HKD 128,915 / 23 p.s.f.
Size: 5,605 s.f.
Fully Fitted, High Floor, Open View
Prop.#: 6142","128,915"
Leighton Centre,CAUSEWAY BAY,"VR TOUR
Leighton Centre
CAUSEWAY BAY
Rental: HKD 128,880 / 40 p.s.f.
Size: 3,222 s.f.
Fully Fitted, Low Floor, City View
Prop.#: 75945","128,880"
China Resources Building,WAN CHAI,"China Resources Building
WAN CHAI
Rental: HKD 128,702 / 58 p.s.f.
Size: 2,219 s.f.
Fully Fitted, Mid Floor, Partial Seaview
Prop.#: 38862","128,702"
Admiralty Centre - Tower 1,ADMIRALTY,"Admiralty Centre - Tower 1
ADMIRALTY
Rental: HKD 128,630 / 38 p.s.f.
Price: HKD 60.9M / 18,000 p.s.f.
Size: 3,385 s.f.
Fully Fitted, Low Floor, City View
Prop.#: 87305","128,630"
Man Yee Building,CENTRAL,"Man Yee Building
CENTRAL
Rental: HKD 128,610 / 90 p.s.f.
Size: 1,429 s.f.
Bare Shell, Mid Floor, City View
Prop.#: 25614","128,610"
Infinitus Plaza,SHEUNG WAN,"Infinitus Plaza
SHEUNG WAN
Rental: HKD 128,520 / 42 p.s.f.
Size: 3,060 s.f.
Bare Shell, Partial Seaview
Prop.#: 91461","128,520"
Sands Building,TSIM SHA TSUI,"Sands Building
TSIM SHA TSUI
Rental: HKD 127,314 / 33 p.s.f.
Size: 3,858 s.f.
Bare Shell, High Floor, City View
Prop.#: 27613","127,314"
Strand 50 (Bonham Trade Centre),SHEUNG WAN,"Strand 50 (Bonham Trade Centre)
SHEUNG WAN
Rental: HKD 127,230 / 30 p.s.f.
Size: 4,241 s.f.
Fully Fitted
Prop.#: 89689","127,230"
Nan Fung Tower,SHEUNG WAN,"Nan Fung Tower
SHEUNG WAN
Rental: HKD 127,160 / 55 p.s.f.
Size: 2,312 s.f.
Fully Fitted, Mid Floor, City View
Prop.#: 89517","127,160"
299QRC,SHEUNG WAN,"299QRC
SHEUNG WAN
Rental: HKD 127,020 / 29 p.s.f.
Size: 4,380 s.f.
Fully Fitted, High Floor, City View
Prop.#: 66945","127,020"
Tung Hip Commercial Building,SHEUNG WAN,"Tung Hip Commercial Building
SHEUNG WAN
Rental: HKD 126,620 / 26 p.s.f.
Price: HKD 87.7M / 18,000 p.s.f.
Size: 4,870 s.f.
Fully Fitted, Mid Floor, City View
Prop.#: 54307","126,620"
Millennium City 1 - Tower 01,KWUN TONG,"Millennium City 1 - Tower 01
KWUN TONG
Rental: HKD 126,208 / 29 p.s.f.
Size: 4,352 s.f.
Bare Shell, Low Floor, City View
Prop.#: 32407","126,208"
Manulife Tower (West Tower),KWUN TONG,"Manulife Tower (West Tower)
KWUN TONG
Rental: HKD 125,120 / 20 p.s.f.
Size: 6,256 s.f.
Fully Fitted, Low Floor
Prop.#: 88679","125,120"
"The Chelsea (Jervois Street, 69)",SHEUNG WAN,"The Chelsea (Jervois Street, 69)
SHEUNG WAN
Rental: HKD 124,872 / 33 p.s.f.
Size: 3,784 s.f.
Fully Fitted, Low Floor
Prop.#: 16895","124,872"
"Duddell Street, 1",CENTRAL,"Duddell Street, 1
CENTRAL
Rental: HKD 124,850 / 55 p.s.f.
Size: 2,270 s.f.
Fully Fitted, Mid Floor, City View
Prop.#: 57992","124,850"
Lippo Centre - Tower 2,ADMIRALTY,"Lippo Centre - Tower 2
ADMIRALTY
Rental: HKD 124,678 / 38 p.s.f.
Size: 3,281 s.f.
Fully Fitted, Mid Floor, City View
Prop.#: 25650","124,678"
Times Square - Tower 1,CAUSEWAY BAY,"Times Square - Tower 1
CAUSEWAY BAY
Rental: HKD 124,593 / 51 p.s.f.
Size: 2,443 s.f.
Bare Shell, High Floor, Partial Seaview
Prop.#: 89686","124,593"
Mira Place Tower A (Miramar Tower),TSIM SHA TSUI,"Mira Place Tower A (Miramar Tower)
TSIM SHA TSUI
Rental: HKD 124,560 / 48 p.s.f.
Size: 2,595 s.f.
Bare Shell, Mid Floor, Open View
Prop.#: 17399","124,560"
Times Square - Tower 1,CAUSEWAY BAY,"Times Square - Tower 1
CAUSEWAY BAY
Rental: HKD 124,540 / 52 p.s.f.
Size: 2,395 s.f.
Bare Shell, Race Course View
Prop.#: 89576","124,540"
St. George's Building,CENTRAL,"St. George's Building
CENTRAL
Rental: HKD 124,500 / 100 p.s.f.
Size: 1,245 s.f.
Fully Fitted, Low Floor, City View
Prop.#: 91475","124,500"
Admiralty Centre - Tower 1,ADMIRALTY,"Admiralty Centre - Tower 1
ADMIRALTY
Rental: HKD 124,362 / 42 p.s.f.
Size: 2,961 s.f.
Bare Shell, Mid Floor, Partial Seaview
Prop.#: 22649","124,362"
Hong Kong Diamond Exchange Building,CENTRAL,"Hong Kong Diamond Exchange Building
CENTRAL
Rental: HKD 123,750 / 45 p.s.f.
Size: 2,750 s.f.
Fully Fitted, Mid Floor, Garden View
Prop.#: 3164","123,750"
The Center,CENTRAL,"The Center
CENTRAL
Rental: HKD 123,669 / 63 p.s.f.
Price: HKD 46.7M / 23,800 p.s.f.
Size: 1,963 s.f.
Bare Shell, Mid Floor
Prop.#: 89010","123,669"
Sino Plaza,CAUSEWAY BAY,"Sino Plaza
CAUSEWAY BAY
Rental: HKD 123,648 / 46 p.s.f.
Size: 2,688 s.f.
Bare Shell, Mid Floor, Sea View
Prop.#: 602","123,648"
"Harbourfront, Two",HUNG HOM / TO KWA WAN,"Harbourfront, Two
HUNG HOM / TO KWA WAN
Rental: HKD 123,488 / 34 p.s.f.
Size: 3,632 s.f.
Fully Fitted, Low Floor
Prop.#: 83303","123,488"
New Henry House,CENTRAL,"New Henry House
CENTRAL
Rental: HKD 123,200 / 70 p.s.f.
Size: 1,760 s.f.
Fully Fitted, Mid Floor, City View
Prop.#: 85810","123,200"
Central Plaza,WAN CHAI,"Central Plaza
WAN CHAI
Rental: HKD 123,188 / 52 p.s.f.
Size: 2,369 s.f.
Bare Shell, Low Floor, Mountain View
Prop.#: 26324","123,188"
CNT Tower,WAN CHAI,"CNT Tower
WAN CHAI
Rental: HKD 123,003 / 83 p.s.f.
Size: 1,480 s.f.
Bare Shell, Low Floor
Prop.#: 68327","123,003"
"Hing Fat Street, 88",NORTH POINT,"Hing Fat Street, 88
NORTH POINT
Rental: HKD 123,000 / 30 p.s.f.
Size: 4,100 s.f.
Fully Fitted, Low Floor, Sea View
Prop.#: 758","123,000"
Mira Place Tower A (Miramar Tower),TSIM SHA TSUI,"Mira Place Tower A (Miramar Tower)
TSIM SHA TSUI
Rental: HKD 122,640 / 48 p.s.f.
Size: 2,555 s.f.
Bare Shell, Mid Floor
Prop.#: 89069","122,640"
Nina Tower,TSUEN WAN,"Nina Tower
TSUEN WAN
Rental: HKD 122,314 / 23 p.s.f.
Size: 5,318 s.f.
Fully Fitted, High Floor, City View
Prop.#: 45648","122,314"
On Hing Building,CENTRAL,"On Hing Building
CENTRAL
Rental: HKD 122,220 / 35 p.s.f.
Size: 3,492 s.f.
Fully Fitted, High Floor, Open View
Prop.#: 7573","122,220"
"Grand Plaza Office Tower, Two",MONG KOK / TAI KOK TSUI,"Grand Plaza Office Tower, Two
MONG KOK / TAI KOK TSUI
Rental: HKD 122,150 / 35 p.s.f.
Size: 3,490 s.f.
Bare Shell, Low Floor
Prop.#: 91875","122,150"
Kinwick Centre,CENTRAL,"Kinwick Centre
CENTRAL
Rental: HKD 122,115 / 35 p.s.f.
Size: 3,489 s.f.
Fully Fitted, City View
Prop.#: 44937","122,115"
The HUB,WONG CHUK HANG,"The HUB
WONG CHUK HANG
Rental: HKD 121,704 / 24 p.s.f.
Size: 5,071 s.f.
Bare Shell, Mid Floor, City View
Prop.#: 77283","121,704"
The HUB,WONG CHUK HANG,"The HUB
WONG CHUK HANG
Rental: HKD 121,680 / 24 p.s.f.
Size: 5,070 s.f.
Fully Fitted, Mid Floor, City View
Prop.#: 77282","121,680"
The HUB,WONG CHUK HANG,"The HUB
WONG CHUK HANG
Rental: HKD 121,680 / 24 p.s.f.
Size: 5,070 s.f.
Fully Fitted, Mid Floor
Prop.#: 87067","121,680"
Asia Standard Tower,CENTRAL,"Asia Standard Tower
CENTRAL
Rental: HKD 121,563 / 39 p.s.f.
Size: 3,117 s.f.
Furnished, Mid Floor, City View
Prop.#: 10174","121,563"
Siu On Centre,WAN CHAI,"Siu On Centre
WAN CHAI
Rental: HKD 121,342 / 26 p.s.f.
Size: 4,667 s.f.
Fully Fitted, High Floor, Open View
Prop.#: 599","121,342"
Siu On Centre,WAN CHAI,"Siu On Centre
WAN CHAI
Rental: HKD 121,342 / 26 p.s.f.
Size: 4,667 s.f.
Bare Shell, High Floor, Open View
Prop.#: 3954","121,342"
Wellington Place/M88,CENTRAL,"Wellington Place/M88
CENTRAL
Rental: HKD 121,320 / 40 p.s.f.
Size: 3,033 s.f.
Fully Fitted, Mid Floor, City View
Prop.#: 75971","121,320"
"Gateway, The - Tower 2",TSIM SHA TSUI,"Gateway, The - Tower 2
TSIM SHA TSUI
Rental: HKD 121,138 / 37 p.s.f.
Size: 3,274 s.f.
Bare Shell, Mid Floor, City View
Prop.#: 85451","121,138"
Admiralty Centre - Tower 1,ADMIRALTY,"Admiralty Centre - Tower 1
ADMIRALTY
Rental: HKD 120,575 / 35 p.s.f.
Size: 3,445 s.f.
Bare Shell, Partial Seaview
Prop.#: 90686","120,575"
Central Plaza,WAN CHAI,"Central Plaza
WAN CHAI
Rental: HKD 120,448 / 64 p.s.f.
Size: 1,882 s.f.
Fully Fitted, High Floor, Mountain View
Prop.#: 77661","120,448"
CNT Tower,WAN CHAI,"CNT Tower
WAN CHAI
Rental: HKD 120,018 / 18 p.s.f.
Size: 6,773 s.f.
Fully Fitted, Low Floor, City View
Prop.#: 29456","120,018"
Fortune House,CENTRAL,"Fortune House
CENTRAL
Rental: HKD 120,003 / 31 p.s.f.
Size: 3,900 s.f.
Bare Shell, Low Floor, City View
Prop.#: 19972","120,003"
Kwan Chart Tower,WAN CHAI,"Kwan Chart Tower
WAN CHAI
Rental: HKD 120,000 / 26 p.s.f.
Size: 4,693 s.f.
Partially Fitted, Low Floor
Prop.#: 61808","120,000"
Convention Plaza Office Tower,WAN CHAI,"Convention Plaza Office Tower
WAN CHAI
Rental: HKD 119,808 / 48 p.s.f.
Size: 2,496 s.f.
Fully Fitted, Mid Floor, Partial Seaview
Prop.#: 23490","119,808"
Sands Building,TSIM SHA TSUI,"Sands Building
TSIM SHA TSUI
Rental: HKD 119,598 / 31 p.s.f.
Size: 3,858 s.f.
Bare Shell, City View
Prop.#: 83312","119,598"
"Electric Road, 148",NORTH POINT,"Electric Road, 148
NORTH POINT
Rental: HKD 119,168 / 28 p.s.f.
Size: 4,256 s.f.
Fully Fitted, Mid Floor, Partial Seaview
Prop.#: 1443","119,168"
Great Eagle Centre,WAN CHAI,"Great Eagle Centre
WAN CHAI
Rental: HKD 119,160 / 60 p.s.f.
Size: 1,986 s.f.
Fully Fitted, Low Floor, Sea View
Prop.#: 45733","119,160"
Wilson House,CENTRAL,"Wilson House
CENTRAL
Rental: HKD 118,848 / 32 p.s.f.
Size: 3,714 s.f.
Bare Shell, Low Floor, City View
Prop.#: 48395","118,848"
AIA Tower,NORTH POINT,"AIA Tower
NORTH POINT
Rental: HKD 118,734 / 42 p.s.f.
Size: 2,827 s.f.
Furnished, City View
Prop.#: 90805","118,734"
East Town Building,WAN CHAI,"East Town Building
WAN CHAI
Rental: HKD 118,470 / 33 p.s.f.
Size: 3,590 s.f.
Bare Shell, High Floor, City View
Prop.#: 56178","118,470"
Trade Square,CHEUNG SHA WAN / LAI CHI KOK,"Trade Square
CHEUNG SHA WAN / LAI CHI KOK
Rental: HKD 118,276 / 21 p.s.f.
Size: 5,670 s.f.
Fully Fitted, High Floor, City View
Prop.#: 85951","118,276"
299QRC,SHEUNG WAN,"VR TOUR
299QRC
SHEUNG WAN
Rental: HKD 118,260 / 27 p.s.f.
Size: 4,380 s.f.
Fully Fitted, Low Floor, City View
Prop.#: 63066","118,260"
299QRC,SHEUNG WAN,"299QRC
SHEUNG WAN
Rental: HKD 118,260 / 27 p.s.f.
Size: 4,380 s.f.
Fully Fitted, Low Floor, City View
Prop.#: 89706","118,260"
Trade Square,CHEUNG SHA WAN / LAI CHI KOK,"Trade Square
CHEUNG SHA WAN / LAI CHI KOK
Rental: HKD 118,144 / 21 p.s.f.
Size: 5,680 s.f.
Fully Fitted, City View
Prop.#: 88368","118,144"
Admiralty Centre - Tower 2,ADMIRALTY,"Admiralty Centre - Tower 2
ADMIRALTY
Rental: HKD 118,003 / 38 p.s.f.
Size: 3,116 s.f.
Fully Fitted, Mid Floor, Open View
Prop.#: 66754","118,003"
"King's Road, 1063",QUARRY BAY,"King's Road, 1063
QUARRY BAY
Rental: HKD 117,828 / 36 p.s.f.
Size: 3,273 s.f.
Fully Fitted, Mid Floor
Prop.#: 86615","117,828"
"Electric Road, 148",NORTH POINT,"Electric Road, 148
NORTH POINT
Rental: HKD 117,796 / 28 p.s.f.
Size: 4,207 s.f.
Bare Shell, Mid Floor, Partial Seaview
Prop.#: 80755","117,796"
"Electric Road, 148",NORTH POINT,"Electric Road, 148
NORTH POINT
Rental: HKD 117,796 / 28 p.s.f.
Size: 4,207 s.f.
Fully Fitted, High Floor, Partial Seaview
Prop.#: 62343","117,796"
Hip Shing Hong Centre,CENTRAL,"VR TOUR
Hip Shing Hong Centre
CENTRAL
Rental: HKD 117,648 / 43 p.s.f.
Size: 2,736 s.f.
Fully Fitted, Mid Floor, Partial Seaview
Prop.#: 1222","117,648"
Grand Century Place - Tower II,MONG KOK / TAI KOK TSUI,"Grand Century Place - Tower II
MONG KOK / TAI KOK TSUI
Rental: HKD 117,468 / 36 p.s.f.
Size: 3,263 s.f.
Bare Shell, Mid Floor, City View
Prop.#: 25954","117,468"
Hanford Commercial Centre,JORDAN,"Hanford Commercial Centre
JORDAN
Rental: HKD 117,360 / 30 p.s.f.
Size: 3,912 s.f.
Bare Shell, High Floor
Prop.#: 89409","117,360"
One Island South,WONG CHUK HANG,"One Island South
WONG CHUK HANG
Rental: HKD 117,348 / 22 p.s.f.
Size: 5,334 s.f.
Fully Fitted, Low Floor, City View
Prop.#: 62491","117,348"
Lippo Centre - Tower 2,ADMIRALTY,"Lippo Centre - Tower 2
ADMIRALTY
Rental: HKD 117,315 / 45 p.s.f.
Size: 2,607 s.f.
Bare Shell, High Floor, Open View
Prop.#: 91879","117,315"
Beautiful Group Tower,SHEUNG WAN,"Beautiful Group Tower
SHEUNG WAN
Rental: HKD 117,060 / 30 p.s.f.
Size: 3,902 s.f.
Fully Fitted, Low Floor, City View
Prop.#: 4319","117,060"
"Sea View Estate, Block B",NORTH POINT,"Sea View Estate, Block B
NORTH POINT
Rental: HKD 117,000 / 18 p.s.f.
Price: HKD 35.8M / 5,500 p.s.f.
Size: 6,500 s.f.
Fully Fitted, Low Floor, City View
Prop.#: 90647","117,000"
Nina Tower,TSUEN WAN,"Nina Tower
TSUEN WAN
Rental: HKD 116,732 / 22 p.s.f.
Size: 5,306 s.f.
Fully Fitted, Mid Floor, City View
Prop.#: 38446","116,732"
Chubb Tower (Windsor House),CAUSEWAY BAY,"Chubb Tower (Windsor House)
CAUSEWAY BAY
Rental: HKD 116,532 / 36 p.s.f.
Size: 3,237 s.f.
Bare Shell, Mid Floor, Garden View
Prop.#: 69674","116,532"
Mira Place Tower A (Miramar Tower),TSIM SHA TSUI,"Mira Place Tower A (Miramar Tower)
TSIM SHA TSUI
Rental: HKD 116,160 / 48 p.s.f.
Size: 2,420 s.f.
Fully Fitted, Mid Floor, City View
Prop.#: 56601","116,160"
"Hing Fat Street, 88",NORTH POINT,"Hing Fat Street, 88
NORTH POINT
Rental: HKD 116,000 / 29 p.s.f.
Size: 4,000 s.f.
Bare Shell, Low Floor, Sea View
Prop.#: 48545","116,000"
Kai Seng Commercial Centre,TSIM SHA TSUI,"Kai Seng Commercial Centre
TSIM SHA TSUI
Rental: HKD 115,920 / 28 p.s.f.
Size: 4,140 s.f.
Bare Shell, City View
Prop.#: 69053","115,920"
Bank of East Asia Harbour View Centre,WAN CHAI,"Bank of East Asia Harbour View Centre
WAN CHAI
Rental: HKD 115,880 / 40 p.s.f.
Size: 2,897 s.f.
Fully Fitted, High Floor, Partial Seaview
Prop.#: 64934","115,880"
Hing Wai Building,CENTRAL,"Hing Wai Building
CENTRAL
Rental: HKD 115,700 / 65 p.s.f.
Size: 1,780 s.f.
Bare Shell, Low Floor, City View
Prop.#: 43154","115,700"
Cosco Tower,SHEUNG WAN,"Cosco Tower
SHEUNG WAN
Rental: HKD 115,695 / 45 p.s.f.
Size: 2,571 s.f.
Fully Fitted
Prop.#: 91391","115,695"
Tsim Sha Tsui Centre - East Tower,TSIM SHA TSUI,"Tsim Sha Tsui Centre - East Tower
TSIM SHA TSUI
Rental: HKD 115,599 / 33 p.s.f.
Size: 3,503 s.f.
Bare Shell, Mid Floor, Garden View
Prop.#: 15822","115,599"
China Building,CENTRAL,"China Building
CENTRAL
Rental: HKD 115,500 / 60 p.s.f.
Size: 1,925 s.f.
Bare Shell, Low Floor, City View
Prop.#: 39271","115,500"
Capital Centre,WAN CHAI,"Capital Centre
WAN CHAI
Rental: HKD 115,360 / 28 p.s.f.
Size: 4,120 s.f.
Fully Fitted, Low Floor, Sea View
Prop.#: 73193","115,360"
Yinhe Tower,WAN CHAI,"Yinhe Tower
WAN CHAI
Rental: HKD 115,250 / 25 p.s.f.
Size: 4,610 s.f.
Bare Shell, Low Floor, City View
Prop.#: 81203","115,250"
Energy Plaza,TSIM SHA TSUI,"Energy Plaza
TSIM SHA TSUI
Rental: HKD 114,912 / 27 p.s.f.
Size: 4,256 s.f.
Fully Fitted, Low Floor
Prop.#: 91106","114,912"
Energy Plaza,TSIM SHA TSUI,"Energy Plaza
TSIM SHA TSUI
Rental: HKD 114,912 / 27 p.s.f.
Size: 4,256 s.f.
Fully Fitted, Low Floor
Prop.#: 91107","114,912"
Central Plaza,WAN CHAI,"Central Plaza
WAN CHAI
Rental: HKD 114,642 / 66 p.s.f.
Size: 1,737 s.f.
Fully Fitted, High Floor, Mountain View
Prop.#: 34110","114,642"
Manning House,CENTRAL,"Manning House
CENTRAL
Rental: HKD 114,075 / 75 p.s.f.
Size: 1,521 s.f.
Fully Fitted, Low Floor
Prop.#: 80309","114,075"
World Wide House,CENTRAL,"World Wide House
CENTRAL
Rental: HKD 113,895 / 45 p.s.f.
Price: HKD 53.2M / 21,000 p.s.f.
Size: 2,531 s.f.
Bare Shell, High Floor, City View
Prop.#: 81344","113,895"
Mirror Tower,TSIM SHA TSUI,"Mirror Tower
TSIM SHA TSUI
Rental: HKD 113,858 / 32 p.s.f.
Size: 3,525 s.f.
Bare Shell, Low Floor, City View
Prop.#: 67345","113,858"
China Insurance Group Building,SHEUNG WAN,"China Insurance Group Building
SHEUNG WAN
Rental: HKD 113,750 / 25 p.s.f.
Size: 4,550 s.f.
Low Floor
Prop.#: 91721","113,750"
Allied Kajima Building,WAN CHAI,"Allied Kajima Building
WAN CHAI
Rental: HKD 113,620 / 46 p.s.f.
Size: 2,470 s.f.
Fully Fitted, Mid Floor, Partial Seaview
Prop.#: 8757","113,620"
"Harbourfront, One",HUNG HOM / TO KWA WAN,"Harbourfront, One
HUNG HOM / TO KWA WAN
Rental: HKD 113,256 / 36 p.s.f.
Size: 3,146 s.f.
High Floor, Sea View
Prop.#: 77482","113,256"
Shui On Centre,WAN CHAI,"Shui On Centre
WAN CHAI
Rental: HKD 113,256 / 39 p.s.f.
Size: 2,904 s.f.
Bare Shell, High Floor, City View
Prop.#: 19674","113,256"
One Hysan Avenue,CAUSEWAY BAY,"One Hysan Avenue
CAUSEWAY BAY
Rental: HKD 113,085 / 45 p.s.f.
Size: 2,513 s.f.
Bare Shell, High Floor, City View
Prop.#: 72265","113,085"
World Finance Centre - South,TSIM SHA TSUI,"World Finance Centre - South
TSIM SHA TSUI
Rental: HKD 112,694 / 29 p.s.f.
Size: 3,886 s.f.
Fully Fitted, Low Floor, City View
Prop.#: 5291","112,694"
China Building,CENTRAL,"China Building
CENTRAL
Rental: HKD 112,680 / 60 p.s.f.
Size: 1,878 s.f.
Bare Shell, Low Floor, City View
Prop.#: 59182","112,680"
Entertainment Building,CENTRAL,"Entertainment Building
CENTRAL
Rental: HKD 112,630 / 70 p.s.f.
Size: 1,609 s.f.
Bare Shell, Mid Floor, City View
Prop.#: 1894","112,630"
Lippo Leighton Tower,CAUSEWAY BAY,"Lippo Leighton Tower
CAUSEWAY BAY
Rental: HKD 112,520 / 29 p.s.f.
Price: HKD 46.0M / 11,856 p.s.f.
Size: 3,880 s.f.
Fully Fitted, High Floor, City View
Prop.#: 6119","112,520"
Grand Millennium Plaza,SHEUNG WAN,"Grand Millennium Plaza
SHEUNG WAN
Rental: HKD 112,385 / 35 p.s.f.
Size: 3,211 s.f.
Bare Shell, City View
Prop.#: 91452","112,385"
"Hart Avenue, 8",TSIM SHA TSUI,"Hart Avenue, 8
TSIM SHA TSUI
Rental: HKD 112,372 / 26 p.s.f.
Price: HKD 51.9M / 12,000 p.s.f.
Size: 4,322 s.f.
Fully Fitted, City View
Prop.#: 91315","112,372"
Hip Shing Hong Centre,CENTRAL,"VR TOUR
Hip Shing Hong Centre
CENTRAL
Rental: HKD 112,176 / 41 p.s.f.
Size: 2,736 s.f.
Fully Fitted, Mid Floor, City View
Prop.#: 1211","112,176"
1 Lyndhurst Tower,CENTRAL,"1 Lyndhurst Tower
CENTRAL
Rental: HKD 112,140 / 28 p.s.f.
Size: 4,005 s.f.
Bare Shell, Mid Floor, City View
Prop.#: 55416","112,140"
Siu On Centre,WAN CHAI,"Siu On Centre
WAN CHAI
Rental: HKD 112,008 / 24 p.s.f.
Size: 4,667 s.f.
Fully Fitted, High Floor, Open View
Prop.#: 709","112,008"
Siu On Centre,WAN CHAI,"Siu On Centre
WAN CHAI
Rental: HKD 112,008 / 24 p.s.f.
Size: 4,667 s.f.
Fully Fitted, Low Floor, City View
Prop.#: 44655","112,008"
Siu On Centre,WAN CHAI,"Siu On Centre
WAN CHAI
Rental: HKD 112,008 / 24 p.s.f.
Size: 4,667 s.f.
Fully Fitted, High Floor, Open View
Prop.#: 71237","112,008"
Siu On Centre,WAN CHAI,"Siu On Centre
WAN CHAI
Rental: HKD 112,008 / 24 p.s.f.
Size: 4,667 s.f.
Fully Fitted, Mid Floor, City View
Prop.#: 29778","112,008"
Lippo Centre - Tower 2,ADMIRALTY,"Lippo Centre - Tower 2
ADMIRALTY
Rental: HKD 112,005 / 45 p.s.f.
Size: 2,489 s.f.
Fully Fitted, High Floor, Partial Seaview
Prop.#: 29510","112,005"
The Center,CENTRAL,"The Center
CENTRAL
Rental: HKD 111,915 / 45 p.s.f.
Size: 2,487 s.f.
Bare Shell, Mid Floor, City View
Prop.#: 229","111,915"
The Center,CENTRAL,"The Center
CENTRAL
Rental: HKD 111,915 / 45 p.s.f.
Size: 2,487 s.f.
Fully Fitted, Mid Floor, City View
Prop.#: 1049","111,915"
Ruttonjee Centre - Ruttonjee House,CENTRAL,"Ruttonjee Centre - Ruttonjee House
CENTRAL
Rental: HKD 111,800 / 50 p.s.f.
Size: 2,236 s.f.
Fully Fitted, City View
Prop.#: 83117","111,800"
Kai Seng Commercial Centre,TSIM SHA TSUI,"Kai Seng Commercial Centre
TSIM SHA TSUI
Rental: HKD 111,780 / 27 p.s.f.
Size: 4,140 s.f.
Bare Shell, High Floor, City View
Prop.#: 69013","111,780"
Beautiful Group Tower,SHEUNG WAN,"Beautiful Group Tower
SHEUNG WAN
Rental: HKD 111,720 / 38 p.s.f.
Size: 2,940 s.f.
Fully Fitted, High Floor, Partial Seaview
Prop.#: 326","111,720"
World Finance Centre - North,TSIM SHA TSUI,"World Finance Centre - North
TSIM SHA TSUI
Rental: HKD 111,650 / 29 p.s.f.
Size: 3,850 s.f.
Low Floor
Prop.#: 86402","111,650"
Wharf T & T Centre,TSIM SHA TSUI,"Wharf T & T Centre
TSIM SHA TSUI
Rental: HKD 111,505 / 29 p.s.f.
Size: 3,845 s.f.
Mid Floor
Prop.#: 91700","111,505"
Prosperity Millennia Plaza,NORTH POINT,"Prosperity Millennia Plaza
NORTH POINT
Rental: HKD 111,504 / 24 p.s.f.
Size: 4,646 s.f.
Fully Fitted, High Floor, Sea View
Prop.#: 44709","111,504"
Cubus,CAUSEWAY BAY,"Cubus
CAUSEWAY BAY
Rental: HKD 111,400 / 40 p.s.f.
Size: 2,785 s.f.
Fully Fitted, Mid Floor, City View
Prop.#: 88901","111,400"
"Heung Yip Road, 41",WONG CHUK HANG,"Heung Yip Road, 41
WONG CHUK HANG
Rental: HKD 111,375 / 25 p.s.f.
Size: 4,455 s.f.
Fully Fitted, High Floor, Partial Seaview
Prop.#: 83921","111,375"
Loke Yew Building,CENTRAL,"Loke Yew Building
CENTRAL
Rental: HKD 111,360 / 48 p.s.f.
Size: 2,320 s.f.
Bare Shell, Low Floor, City View
Prop.#: 68708","111,360"
Lee & Man Commercial Center,NORTH POINT,"Lee & Man Commercial Center
NORTH POINT
Rental: HKD 111,300 / 25 p.s.f.
Size: 4,452 s.f.
Fully Fitted, Mid Floor, City View
Prop.#: 91585","111,300"
"Grand Plaza Office Tower, One",MONG KOK / TAI KOK TSUI,"Grand Plaza Office Tower, One
MONG KOK / TAI KOK TSUI
Rental: HKD 111,240 / 45 p.s.f.
Size: 2,472 s.f.
Bare Shell, High Floor
Prop.#: 55114","111,240"
The Centrium,CENTRAL,"The Centrium
CENTRAL
Rental: HKD 111,188 / 38 p.s.f.
Size: 2,926 s.f.
Fully Fitted, Open View
Prop.#: 89448","111,188"
The Centrium,CENTRAL,"The Centrium
CENTRAL
Rental: HKD 111,150 / 38 p.s.f.
Size: 2,925 s.f.
Bare Shell, High Floor, Open View
Prop.#: 2947","111,150"
China Building,CENTRAL,"China Building
CENTRAL
Rental: HKD 111,060 / 60 p.s.f.
Size: 1,851 s.f.
Bare Shell, Low Floor, City View
Prop.#: 65467","111,060"
"Electric Road, 148",NORTH POINT,"Electric Road, 148
NORTH POINT
Rental: HKD 110,376 / 28 p.s.f.
Size: 3,942 s.f.
Fully Fitted, High Floor, Partial Seaview
Prop.#: 71770","110,376"
"Johnston Road, 208",WAN CHAI,"Johnston Road, 208
WAN CHAI
Rental: HKD 110,360 / 40 p.s.f.
Size: 2,759 s.f.
Bare Shell, Low Floor, City View
Prop.#: 80892","110,360"
Beautiful Group Tower,SHEUNG WAN,"Beautiful Group Tower
SHEUNG WAN
Rental: HKD 110,352 / 38 p.s.f.
Size: 2,904 s.f.
Fully Fitted, High Floor, Sea View
Prop.#: 10894","110,352"
AIA Tower,NORTH POINT,"AIA Tower
NORTH POINT
Rental: HKD 110,250 / 42 p.s.f.
Size: 2,625 s.f.
Furnished, City View
Prop.#: 90804","110,250"
"Chinachem Exchange Square, Two",NORTH POINT,"Chinachem Exchange Square, Two
NORTH POINT
Rental: HKD 110,225 / 25 p.s.f.
Size: 4,409 s.f.
Bare Shell, High Floor, Partial Seaview
Prop.#: 87191","110,225"
Kinwick Centre,CENTRAL,"Kinwick Centre
CENTRAL
Rental: HKD 110,040 / 40 p.s.f.
Size: 2,751 s.f.
Fully Fitted, High Floor
Prop.#: 91706","110,040"
Cosmos Building,CENTRAL,"Cosmos Building
CENTRAL
Rental: HKD 109,998 / 41 p.s.f.
Size: 2,700 s.f.
Bare Shell, City View
Prop.#: 91670","109,998"
Marina 8,WONG CHUK HANG,"Marina 8
WONG CHUK HANG
Rental: HKD 109,824 / 24 p.s.f.
Size: 4,576 s.f.
Bare Shell, City View
Prop.#: 83925","109,824"
Marina 8,WONG CHUK HANG,"Marina 8
WONG CHUK HANG
Rental: HKD 109,824 / 24 p.s.f.
Size: 4,576 s.f.
Bare Shell, Mid Floor, City View
Prop.#: 84147","109,824"
Capital Centre,WAN CHAI,"Capital Centre
WAN CHAI
Rental: HKD 109,025 / 25 p.s.f.
Size: 4,361 s.f.
Fully Fitted, Low Floor, City View
Prop.#: 18847","109,025"
"Harbourfront, Two",HUNG HOM / TO KWA WAN,"Harbourfront, Two
HUNG HOM / TO KWA WAN
Rental: HKD 108,990 / 35 p.s.f.
Size: 3,114 s.f.
Low Floor
Prop.#: 38473","108,990"
China Resources Building,WAN CHAI,"China Resources Building
WAN CHAI
Rental: HKD 108,615 / 65 p.s.f.
Size: 1,671 s.f.
Furnished, Mid Floor, Mountain View
Prop.#: 91860","108,615"
Cubus,CAUSEWAY BAY,"Cubus
CAUSEWAY BAY
Rental: HKD 108,360 / 40 p.s.f.
Size: 2,709 s.f.
Fully Fitted, High Floor
Prop.#: 55059","108,360"
Sino Plaza,CAUSEWAY BAY,"Sino Plaza
CAUSEWAY BAY
Rental: HKD 108,045 / 49 p.s.f.
Size: 2,205 s.f.
Fully Fitted, High Floor, Partial Seaview
Prop.#: 597","108,045"
Ho Lee Commercial Building,CENTRAL,"Ho Lee Commercial Building
CENTRAL
Rental: HKD 108,004 / 83 p.s.f.
Size: 1,300 s.f.
Fully Fitted
Prop.#: 42060","108,004"
"Hart Avenue, 4",TSIM SHA TSUI,"Hart Avenue, 4
TSIM SHA TSUI
Rental: HKD 107,996 / 28 p.s.f.
Size: 3,800 s.f.
Fully Fitted, Low Floor
Prop.#: 59975","107,996"
Gold Swan Commercial Buidling,CAUSEWAY BAY,"Gold Swan Commercial Buidling
CAUSEWAY BAY
Rental: HKD 107,985 / 34 p.s.f.
Size: 3,140 s.f.
Fully Fitted, Low Floor, City View
Prop.#: 80907","107,985"
Millennium City 5 - BEA Tower,KWUN TONG,"Millennium City 5 - BEA Tower
KWUN TONG
Rental: HKD 107,926 / 26 p.s.f.
Size: 4,151 s.f.
Fully Fitted, Mid Floor
Prop.#: 91282","107,926"
Park Commercial Centre,CAUSEWAY BAY,"Park Commercial Centre
CAUSEWAY BAY
Rental: HKD 107,460 / 30 p.s.f.
Size: 3,582 s.f.
Bare Shell, Open View
Prop.#: 86432","107,460"
Cubus,CAUSEWAY BAY,"Cubus
CAUSEWAY BAY
Rental: HKD 107,400 / 40 p.s.f.
Size: 2,685 s.f.
Fully Fitted, Mid Floor, City View
Prop.#: 91292","107,400"
Chinachem Tower,CENTRAL,"Chinachem Tower
CENTRAL
Rental: HKD 107,325 / 45 p.s.f.
Size: 2,385 s.f.
Partially Fitted, Low Floor, City View
Prop.#: 12119","107,325"
Cubus,CAUSEWAY BAY,"Cubus
CAUSEWAY BAY
Rental: HKD 107,240 / 40 p.s.f.
Size: 2,681 s.f.
Fully Fitted, Mid Floor, City View
Prop.#: 56513","107,240"
Cubus,CAUSEWAY BAY,"Cubus
CAUSEWAY BAY
Rental: HKD 107,220 / 30 p.s.f.
Size: 3,574 s.f.
Fully Fitted, Low Floor, City View
Prop.#: 78170","107,220"
"Duddell Street, 1",CENTRAL,"Duddell Street, 1
CENTRAL
Rental: HKD 107,195 / 55 p.s.f.
Size: 1,949 s.f.
Bare Shell, Low Floor, City View
Prop.#: 57174","107,195"
Valiant Commercial Building,TSIM SHA TSUI,"Valiant Commercial Building
TSIM SHA TSUI
Rental: HKD 107,001 / 27 p.s.f.
Size: 3,963 s.f.
Fully Fitted, Low Floor
Prop.#: 74937","107,001"
Cubus,CAUSEWAY BAY,"Cubus
CAUSEWAY BAY
Rental: HKD 106,680 / 40 p.s.f.
Size: 2,667 s.f.
Fully Fitted, City View
Prop.#: 91868","106,680"
Century Square,CENTRAL,"Century Square
CENTRAL
Rental: HKD 106,600 / 52 p.s.f.
Size: 2,050 s.f.
Bare Shell, Mid Floor
Prop.#: 80976","106,600"
"Johnston Road, 208",WAN CHAI,"Johnston Road, 208
WAN CHAI
Rental: HKD 106,590 / 38 p.s.f.
Size: 2,805 s.f.
Bare Shell, Low Floor, City View
Prop.#: 80891","106,590"
Cubus,CAUSEWAY BAY,"Cubus
CAUSEWAY BAY
Rental: HKD 106,520 / 40 p.s.f.
Size: 2,663 s.f.
Fully Fitted, City View
Prop.#: 91867","106,520"
YF Life Tower,WAN CHAI,"YF Life Tower
WAN CHAI
Rental: HKD 106,509 / 39 p.s.f.
Size: 2,731 s.f.
Bare Shell, High Floor
Prop.#: 90432","106,509"
Cubus,CAUSEWAY BAY,"Cubus
CAUSEWAY BAY
Rental: HKD 106,320 / 40 p.s.f.
Size: 2,658 s.f.
Fully Fitted, High Floor, City View
Prop.#: 55060","106,320"
China Insurance Building,TSIM SHA TSUI,"China Insurance Building
TSIM SHA TSUI
Rental: HKD 106,288 / 28 p.s.f.
Size: 3,796 s.f.
Fully Fitted, High Floor, City View
Prop.#: 46972","106,288"
Grand Millennium Plaza,SHEUNG WAN,"Grand Millennium Plaza
SHEUNG WAN
Rental: HKD 106,148 / 34 p.s.f.
Size: 3,122 s.f.
Bare Shell, Open View
Prop.#: 90550","106,148"
Trade Square,CHEUNG SHA WAN / LAI CHI KOK,"Trade Square
CHEUNG SHA WAN / LAI CHI KOK
Rental: HKD 105,975 / 23 p.s.f.
Size: 4,710 s.f.
Fully Fitted, High Floor
Prop.#: 78363","105,975"
Chung Nam Building,WAN CHAI,"Chung Nam Building
WAN CHAI
Rental: HKD 105,754 / 22 p.s.f.
Size: 4,807 s.f.
Fully Fitted, Low Floor, City View
Prop.#: 13669","105,754"
Queen's Road Centre,CENTRAL,"Queen's Road Centre
CENTRAL
Rental: HKD 105,630 / 35 p.s.f.
Size: 3,018 s.f.
Bare Shell, Low Floor, City View
Prop.#: 91168","105,630"
Queen's Road Centre,CENTRAL,"Queen's Road Centre
CENTRAL
Rental: HKD 105,630 / 35 p.s.f.
Size: 3,018 s.f.
Bare Shell, Low Floor, City View
Prop.#: 91169","105,630"
Queen's Road Centre,CENTRAL,"Queen's Road Centre
CENTRAL
Rental: HKD 105,630 / 35 p.s.f.
Size: 3,018 s.f.
Bare Shell, Mid Floor, City View
Prop.#: 81712","105,630"
Queen's Road Centre,CENTRAL,"Queen's Road Centre
CENTRAL
Rental: HKD 105,630 / 35 p.s.f.
Size: 3,018 s.f.
Fully Fitted, Mid Floor, City View
Prop.#: 81713","105,630"
China Building,CENTRAL,"China Building
CENTRAL
Rental: HKD 105,360 / 60 p.s.f.
Size: 1,756 s.f.
Bare Shell, Mid Floor, City View
Prop.#: 65658","105,360"
Lippo Sun Plaza,TSIM SHA TSUI,"Lippo Sun Plaza
TSIM SHA TSUI
Rental: HKD 104,800 / 32 p.s.f.
Size: 3,275 s.f.
Prop.#: 92079","104,800"
Chuang's Tower,CENTRAL,"Chuang's Tower
CENTRAL
Rental: HKD 104,445 / 45 p.s.f.
Size: 2,321 s.f.
Fully Fitted, Mid Floor
Prop.#: 11753","104,445"
Chuang's Tower,CENTRAL,"Chuang's Tower
CENTRAL
Rental: HKD 104,445 / 45 p.s.f.
Size: 2,321 s.f.
Bare Shell, Mid Floor, Partial Seaview
Prop.#: 634","104,445"
Chuang's Tower,CENTRAL,"Chuang's Tower
CENTRAL
Rental: HKD 104,445 / 45 p.s.f.
Size: 2,321 s.f.
Bare Shell, High Floor, Partial Seaview
Prop.#: 635","104,445"
Central Plaza,WAN CHAI,"Central Plaza
WAN CHAI
Rental: HKD 104,390 / 55 p.s.f.
Size: 1,898 s.f.
Bare Shell, Mid Floor, Open View
Prop.#: 20103","104,390"
Beautiful Group Tower,SHEUNG WAN,"Beautiful Group Tower
SHEUNG WAN
Rental: HKD 104,386 / 41 p.s.f.
Size: 2,546 s.f.
Fully Fitted, Mid Floor
Prop.#: 65844","104,386"
Sun Hung Kai Centre,WAN CHAI,"Sun Hung Kai Centre
WAN CHAI
Rental: HKD 104,284 / 62 p.s.f.
Size: 1,682 s.f.
Bare Shell, Low Floor, Partial Seaview
Prop.#: 44795","104,284"
Pedder Building,CENTRAL,"Pedder Building
CENTRAL
Rental: HKD 104,260 / 130 p.s.f.
Size: 802 s.f.
Bare Shell, Low Floor, City View
Prop.#: 80457","104,260"
World Trade Centre,CAUSEWAY BAY,"World Trade Centre
CAUSEWAY BAY
Rental: HKD 104,160 / 48 p.s.f.
Size: 2,170 s.f.
Bare Shell, High Floor, Partial Seaview
Prop.#: 29469","104,160"
Ruttonjee Centre - Ruttonjee House,CENTRAL,"Ruttonjee Centre - Ruttonjee House
CENTRAL
Rental: HKD 104,100 / 50 p.s.f.
Size: 2,082 s.f.
Fully Fitted, City View
Prop.#: 77610","104,100"
One Hysan Avenue,CAUSEWAY BAY,"One Hysan Avenue
CAUSEWAY BAY
Rental: HKD 103,815 / 45 p.s.f.
Size: 2,307 s.f.
Furnished, Low Floor, City View
Prop.#: 63563","103,815"
Queen's Road Centre,CENTRAL,"Queen's Road Centre
CENTRAL
Rental: HKD 103,495 / 35 p.s.f.
Size: 2,957 s.f.
Fully Fitted, High Floor, Open View
Prop.#: 77085","103,495"
Queen's Road Centre,CENTRAL,"Queen's Road Centre
CENTRAL
Rental: HKD 103,495 / 35 p.s.f.
Size: 2,957 s.f.
Bare Shell, High Floor, City View
Prop.#: 77087","103,495"
Queen's Road Centre,CENTRAL,"Queen's Road Centre
CENTRAL
Rental: HKD 103,495 / 35 p.s.f.
Size: 2,957 s.f.
Fully Fitted, High Floor, City View
Prop.#: 77089","103,495"
KT336 / (Far East Factory Building),KWUN TONG,"KT336 / (Far East Factory Building)
KWUN TONG
Rental: HKD 103,350 / 13 p.s.f.
Size: 7,950 s.f.
Bare Shell, High Floor, City View
Prop.#: 69842","103,350"
Lippo Centre - Tower 2,ADMIRALTY,"Lippo Centre - Tower 2
ADMIRALTY
Rental: HKD 103,329 / 43 p.s.f.
Size: 2,403 s.f.
Fully Fitted, Mid Floor, Partial Seaview
Prop.#: 16640","103,329"
Sun Hung Kai Centre,WAN CHAI,"Sun Hung Kai Centre
WAN CHAI
Rental: HKD 103,235 / 55 p.s.f.
Size: 1,877 s.f.
Bare Shell, Low Floor, City View
Prop.#: 4089","103,235"
Cubus,CAUSEWAY BAY,"Cubus
CAUSEWAY BAY
Rental: HKD 103,110 / 30 p.s.f.
Size: 3,437 s.f.
Fully Fitted, Low Floor, City View
Prop.#: 62024","103,110"
Hang Lung Centre,CAUSEWAY BAY,"Hang Lung Centre
CAUSEWAY BAY
Rental: HKD 102,450 / 50 p.s.f.
Size: 2,049 s.f.
Bare Shell, High Floor
Prop.#: 86100","102,450"
The Quayside Tower 2,KWUN TONG,"The Quayside Tower 2
KWUN TONG
Rental: HKD 102,304 / 23 p.s.f.
Size: 4,448 s.f.
Bare Shell, Low Floor, City View
Prop.#: 78928","102,304"
"Central Des Voeux, 308",SHEUNG WAN,"Central Des Voeux, 308
SHEUNG WAN
Rental: HKD 102,220 / 38 p.s.f.
Size: 2,690 s.f.
Partially Fitted, Low Floor
Prop.#: 91716","102,220"
"Gloucester Road, 80",WAN CHAI,"Gloucester Road, 80
WAN CHAI
Rental: HKD 102,000 / 41 p.s.f.
Size: 2,500 s.f.
Bare Shell, Mid Floor, City View
Prop.#: 58613","102,000"
Trade Square,CHEUNG SHA WAN / LAI CHI KOK,"Trade Square
CHEUNG SHA WAN / LAI CHI KOK
Rental: HKD 101,926 / 23 p.s.f.
Size: 4,510 s.f.
Fully Fitted, Low Floor
Prop.#: 91935","101,926"
YF Life Tower,WAN CHAI,"YF Life Tower
WAN CHAI
Rental: HKD 101,907 / 39 p.s.f.
Size: 2,613 s.f.
Bare Shell, Mid Floor, City View
Prop.#: 84260","101,907"
Bank of East Asia Harbour View Centre,WAN CHAI,"Bank of East Asia Harbour View Centre
WAN CHAI
Rental: HKD 101,440 / 40 p.s.f.
Price: HKD 35.0M / 13,801 p.s.f.
Size: 2,536 s.f.
Fully Fitted, Mid Floor, Partial Seaview
Prop.#: 15694","101,440"
Great Eagle Centre,WAN CHAI,"Great Eagle Centre
WAN CHAI
Rental: HKD 101,424 / 48 p.s.f.
Size: 2,113 s.f.
Fully Fitted, Mid Floor
Prop.#: 12986","101,424"
Nathan Hill,TSIM SHA TSUI,"Nathan Hill
TSIM SHA TSUI
Rental: HKD 101,395 / 35 p.s.f.
Size: 2,897 s.f.
Mid Floor
Prop.#: 84784","101,395"
"Gateway, The - Tower 1",TSIM SHA TSUI,"Gateway, The - Tower 1
TSIM SHA TSUI
Rental: HKD 101,376 / 48 p.s.f.
Size: 2,112 s.f.
Bare Shell, High Floor, Partial Seaview
Prop.#: 15036","101,376"
The Center,CENTRAL,"The Center
CENTRAL
Rental: HKD 101,283 / 49 p.s.f.
Price: HKD 45.1M / 21,800 p.s.f.
Size: 2,067 s.f.
Bare Shell, Low Floor, Open View
Prop.#: 12537","101,283"
Jubilee Centre,WAN CHAI,"Jubilee Centre
WAN CHAI
Rental: HKD 101,255 / 35 p.s.f.
Size: 2,893 s.f.
Fully Fitted, High Floor, City View
Prop.#: 61236","101,255"
Hing Wai Building,CENTRAL,"Hing Wai Building
CENTRAL
Rental: HKD 101,075 / 65 p.s.f.
Size: 1,555 s.f.
Bare Shell, Mid Floor, City View
Prop.#: 29990","101,075"
Nathan Hill,TSIM SHA TSUI,"Nathan Hill
TSIM SHA TSUI
Rental: HKD 101,010 / 35 p.s.f.
Size: 2,886 s.f.
Bare Shell, Low Floor
Prop.#: 80683","101,010"
The Centrium,CENTRAL,"The Centrium
CENTRAL
Rental: HKD 100,960 / 40 p.s.f.
Size: 2,524 s.f.
Furnished, Mid Floor, Open View
Prop.#: 2915","100,960"
K Wah Centre,NORTH POINT,"K Wah Centre
NORTH POINT
Rental: HKD 100,863 / 21 p.s.f.
Size: 4,803 s.f.
Bare Shell, Mid Floor, Partial Seaview
Prop.#: 65639","100,863"
Admiralty Centre - Tower 1,ADMIRALTY,"Admiralty Centre - Tower 1
ADMIRALTY
Rental: HKD 100,320 / 38 p.s.f.
Price: HKD 38.3M / 14,500 p.s.f.
Size: 2,640 s.f.
Partially Fitted, Low Floor, Open View
Prop.#: 161","100,320"
Lippo Centre - Tower 2,ADMIRALTY,"Lippo Centre - Tower 2
ADMIRALTY
Rental: HKD 100,303 / 49 p.s.f.
Size: 2,047 s.f.
Fully Fitted, High Floor, Partial Seaview
Prop.#: 12004","100,303"
Lippo Centre - Tower 2,ADMIRALTY,"Lippo Centre - Tower 2
ADMIRALTY
Rental: HKD 100,296 / 42 p.s.f.
Size: 2,388 s.f.
Fully Fitted, High Floor, Mountain View
Prop.#: 26549","100,296"
Bank of Dongguan Tower (BOC Group Life Assurance Tower),SHEUNG WAN,"Bank of Dongguan Tower (BOC Group Life Assurance Tower)
SHEUNG WAN
Rental: HKD 100,285 / 31 p.s.f.
Size: 3,235 s.f.
Fully Fitted, Mid Floor, City View
Prop.#: 68526","100,285"
Bank of Dongguan Tower (BOC Group Life Assurance Tower),SHEUNG WAN,"Bank of Dongguan Tower (BOC Group Life Assurance Tower)
SHEUNG WAN
Rental: HKD 100,285 / 31 p.s.f.
Size: 3,235 s.f.
Bare Shell, Mid Floor, City View
Prop.#: 41367","100,285"
Bank of Dongguan Tower (BOC Group Life Assurance Tower),SHEUNG WAN,"Bank of Dongguan Tower (BOC Group Life Assurance Tower)
SHEUNG WAN
Rental: HKD 100,285 / 31 p.s.f.
Size: 3,235 s.f.
Fully Fitted, High Floor, City View
Prop.#: 68525","100,285"
Bank of Dongguan Tower (BOC Group Life Assurance Tower),SHEUNG WAN,"Bank of Dongguan Tower (BOC Group Life Assurance Tower)
SHEUNG WAN
Rental: HKD 100,285 / 31 p.s.f.
Size: 3,235 s.f.
Fully Fitted, Mid Floor, City View
Prop.#: 68527","100,285"
Bank of Dongguan Tower (BOC Group Life Assurance Tower),SHEUNG WAN,"Bank of Dongguan Tower (BOC Group Life Assurance Tower)
SHEUNG WAN
Rental: HKD 100,285 / 31 p.s.f.
Size: 3,235 s.f.
Fully Fitted, High Floor, City View
Prop.#: 68529","100,285"
Lippo Sun Plaza,TSIM SHA TSUI,"Lippo Sun Plaza
TSIM SHA TSUI
Rental: HKD 100,110 / 30 p.s.f.
Size: 3,337 s.f.
Fully Fitted, Low Floor, City View
Prop.#: 57525","100,110"
Genesis,WONG CHUK HANG,"VR TOUR
Genesis
WONG CHUK HANG
Rental: HKD 100,080 / 18 p.s.f.
Size: 5,560 s.f.
Fully Fitted, Low Floor, City View
Prop.#: 87870","100,080"
Dominion Centre,WAN CHAI,"Dominion Centre
WAN CHAI
Rental: HKD 100,072 / 28 p.s.f.
Size: 3,574 s.f.
Bare Shell, Low Floor, City View
Prop.#: 65599","100,072"
Wyndham Place,CENTRAL,"Wyndham Place
CENTRAL
Rental: HKD 100,015 / 29 p.s.f.
Size: 3,480 s.f.
Fully Fitted, High Floor, City View
Prop.#: 91648","100,015"
Wyndham Place,CENTRAL,"Wyndham Place
CENTRAL
Rental: HKD 100,015 / 29 p.s.f.
Price: HKD 35.0M / 10,057 p.s.f.
Size: 3,480 s.f.
Low Floor, City View
Prop.#: 91653","100,015"
Bartlock Centre,CAUSEWAY BAY,"Bartlock Centre
CAUSEWAY BAY
Rental: HKD 100,008 / 42 p.s.f.
Size: 2,380 s.f.
Fully Fitted, Low Floor
Prop.#: 33681","100,008"
Chinese Club Building,CENTRAL,"Chinese Club Building
CENTRAL
Rental: HKD 100,001 / 36 p.s.f.
Size: 2,798 s.f.
Bare Shell, Low Floor, Open View
Prop.#: 2813","100,001"
Citicorp Centre,NORTH POINT,"Citicorp Centre
NORTH POINT
Rental: HKD 100,000 / 25 p.s.f.
Size: 4,000 s.f.
Fully Fitted, High Floor, Partial Seaview
Prop.#: 72917","100,000"
"Gloucester Road, 80",WAN CHAI,"Gloucester Road, 80
WAN CHAI
Rental: HKD 100,000 / 40 p.s.f.
Size: 2,500 s.f.
Fully Fitted, Low Floor, City View
Prop.#: 30392","100,000"
Vincent Commercial Centre,TSIM SHA TSUI,"Vincent Commercial Centre
TSIM SHA TSUI
Rental: HKD 99,996 / 83 p.s.f.
Size: 1,200 s.f.
Fully Fitted, Low Floor
Prop.#: 30753","99,996"
Mirror Tower,TSIM SHA TSUI,"Mirror Tower
TSIM SHA TSUI
Rental: HKD 99,847 / 32 p.s.f.
Size: 3,130 s.f.
Prop.#: 91922","99,847"
Bank of Dongguan Tower (BOC Group Life Assurance Tower),SHEUNG WAN,"Bank of Dongguan Tower (BOC Group Life Assurance Tower)
SHEUNG WAN
Rental: HKD 99,789 / 31 p.s.f.
Size: 3,219 s.f.
Fully Fitted, Low Floor, City View
Prop.#: 18180","99,789"
Henan Building,WAN CHAI,"Henan Building
WAN CHAI
Rental: HKD 99,760 / 20 p.s.f.
Price: HKD 34.9M / 7,000 p.s.f.
Size: 4,988 s.f.
Fully Fitted, City View
Prop.#: 43045","99,760"
Henan Building,WAN CHAI,"Henan Building
WAN CHAI
Rental: HKD 99,600 / 20 p.s.f.
Price: HKD 47.3M / 9,500 p.s.f.
Size: 4,980 s.f.
Fully Fitted, Low Floor
Prop.#: 41654","99,600"
Aura On Pennington,CAUSEWAY BAY,"Aura On Pennington
CAUSEWAY BAY
Rental: HKD 99,480 / 60 p.s.f.
Size: 1,658 s.f.
Fully Fitted, High Floor
Prop.#: 71830","99,480"
The Center,CENTRAL,"The Center
CENTRAL
Rental: HKD 99,477 / 63 p.s.f.
Size: 1,579 s.f.
Bare Shell, Mid Floor, Partial Seaview
Prop.#: 23265","99,477"
Millennium City 5 - BEA Tower,KWUN TONG,"Millennium City 5 - BEA Tower
KWUN TONG
Rental: HKD 99,416 / 34 p.s.f.
Size: 2,924 s.f.
Fully Fitted, Mid Floor
Prop.#: 92058","99,416"
COFCO Tower,CAUSEWAY BAY,"COFCO Tower
CAUSEWAY BAY
Rental: HKD 99,120 / 48 p.s.f.
Size: 2,065 s.f.
Bare Shell, Mid Floor, Sea View
Prop.#: 9411","99,120"
35 QRC,CENTRAL,"VR TOUR
35 QRC
CENTRAL
Rental: HKD 99,100 / 50 p.s.f.
Size: 1,982 s.f.
Fully Fitted, Mid Floor, City View
Prop.#: 76884","99,100"
35 QRC,CENTRAL,"VR TOUR
35 QRC
CENTRAL
Rental: HKD 99,100 / 50 p.s.f.
Size: 1,982 s.f.
Fully Fitted, High Floor, City View
Prop.#: 76885","99,100"
35 QRC,CENTRAL,"VR TOUR
35 QRC
CENTRAL
Rental: HKD 99,100 / 50 p.s.f.
Size: 1,982 s.f.
Fully Fitted, High Floor, City View
Prop.#: 76886","99,100"
35 QRC,CENTRAL,"35 QRC
CENTRAL
Rental: HKD 99,100 / 50 p.s.f.
Size: 1,982 s.f.
Fully Fitted, High Floor, City View
Prop.#: 76887","99,100"
Wai Lan House - Res,CENTRAL,"Wai Lan House - Res
CENTRAL
Rental: HKD 98,987 / 67 p.s.f.
Size: 1,468 s.f.
Fully Fitted, Low Floor
Prop.#: 82475","98,987"
World Finance Centre - North,TSIM SHA TSUI,"World Finance Centre - North
TSIM SHA TSUI
Rental: HKD 98,970 / 30 p.s.f.
Size: 3,299 s.f.
Bare Shell, Mid Floor, City View
Prop.#: 77680","98,970"
Printing House,CENTRAL,"Printing House
CENTRAL
Rental: HKD 98,890 / 55 p.s.f.
Size: 1,798 s.f.
Bare Shell, Mid Floor, City View
Prop.#: 73329","98,890"
"Harbourfront, One",HUNG HOM / TO KWA WAN,"Harbourfront, One
HUNG HOM / TO KWA WAN
Rental: HKD 98,856 / 36 p.s.f.
Size: 2,746 s.f.
High Floor, Sea View
Prop.#: 72213","98,856"
Tai Tung Building,WAN CHAI,"Tai Tung Building
WAN CHAI
Rental: HKD 98,600 / 34 p.s.f.
Size: 2,900 s.f.
Fully Fitted, City View
Prop.#: 90277","98,600"
Shun Tak Centre - West Tower,SHEUNG WAN,"Shun Tak Centre - West Tower
SHEUNG WAN
Rental: HKD 98,560 / 35 p.s.f.
Size: 2,816 s.f.
Fully Fitted, Mid Floor, City View
Prop.#: 24258","98,560"
Cubus,CAUSEWAY BAY,"Cubus
CAUSEWAY BAY
Rental: HKD 98,430 / 30 p.s.f.
Size: 3,281 s.f.
Fully Fitted, Low Floor, City View
Prop.#: 78169","98,430"
Tern Centre - Block 2,SHEUNG WAN,"Tern Centre - Block 2
SHEUNG WAN
Rental: HKD 98,007 / 33 p.s.f.
Size: 2,969 s.f.
Bare Shell, Low Floor
Prop.#: 87221","98,007"
Wing On House,CENTRAL,"Wing On House
CENTRAL
Rental: HKD 98,000 / 35 p.s.f.
Size: 2,800 s.f.
Bare Shell, Low Floor, City View
Prop.#: 18226","98,000"
Lippo Centre - Tower 2,ADMIRALTY,"Lippo Centre - Tower 2
ADMIRALTY
Rental: HKD 97,996 / 43 p.s.f.
Price: HKD 78.0M / 34,361 p.s.f.
Size: 2,270 s.f.
Fully Fitted, City View
Prop.#: 47142","97,996"
China Hong Kong City - Tower 5,TSIM SHA TSUI,"China Hong Kong City - Tower 5
TSIM SHA TSUI
Rental: HKD 97,907 / 19 p.s.f.
Size: 5,153 s.f.
Fully Fitted, Garden View
Prop.#: 92073","97,907"
United Asia Finance Centre,WAN CHAI,"United Asia Finance Centre
WAN CHAI
Rental: HKD 97,680 / 33 p.s.f.
Size: 2,960 s.f.
Bare Shell, High Floor, Partial Seaview
Prop.#: 45115","97,680"
China Hong Kong City - Tower 2,TSIM SHA TSUI,"China Hong Kong City - Tower 2
TSIM SHA TSUI
Rental: HKD 97,636 / 28 p.s.f.
Size: 3,487 s.f.
Fully Fitted, Mid Floor, City View
Prop.#: 75253","97,636"
Aura On Pennington,CAUSEWAY BAY,"Aura On Pennington
CAUSEWAY BAY
Rental: HKD 97,400 / 50 p.s.f.
Size: 1,948 s.f.
Bare Shell, Mid Floor
Prop.#: 71825","97,400"
Aura On Pennington,CAUSEWAY BAY,"Aura On Pennington
CAUSEWAY BAY
Rental: HKD 97,400 / 50 p.s.f.
Size: 1,948 s.f.
Fully Fitted, High Floor
Prop.#: 71828","97,400"
"Gateway, The - Tower 1",TSIM SHA TSUI,"Gateway, The - Tower 1
TSIM SHA TSUI
Rental: HKD 97,200 / 36 p.s.f.
Size: 2,700 s.f.
Bare Shell, Low Floor, City View
Prop.#: 11082","97,200"
Shun Tak Centre - West Tower,SHEUNG WAN,"Shun Tak Centre - West Tower
SHEUNG WAN
Rental: HKD 96,862 / 38 p.s.f.
Price: HKD 71.4M / 28,000 p.s.f.
Size: 2,549 s.f.
Fully Fitted, Mid Floor, Sea View
Prop.#: 49109","96,862"
Lippo Centre - Tower 2,ADMIRALTY,"Lippo Centre - Tower 2
ADMIRALTY
Rental: HKD 96,840 / 45 p.s.f.
Size: 2,152 s.f.
Bare Shell, High Floor, Partial Seaview
Prop.#: 29509","96,840"
Shun Tak Centre - West Tower,SHEUNG WAN,"Shun Tak Centre - West Tower
SHEUNG WAN
Rental: HKD 96,624 / 48 p.s.f.
Price: HKD 79.7M / 39,600 p.s.f.
Size: 2,013 s.f.
Fully Fitted, Mid Floor, Sea View
Prop.#: 65758","96,624"
299QRC,SHEUNG WAN,"299QRC
SHEUNG WAN
Rental: HKD 96,570 / 29 p.s.f.
Size: 3,330 s.f.
Fully Fitted, High Floor, City View
Prop.#: 71637","96,570"
Shun Tak Centre - West Tower,SHEUNG WAN,"Shun Tak Centre - West Tower
SHEUNG WAN
Rental: HKD 96,492 / 51 p.s.f.
Size: 1,892 s.f.
Fully Fitted, High Floor, Partial Seaview
Prop.#: 50663","96,492"
Genesis,WONG CHUK HANG,"Genesis
WONG CHUK HANG
Rental: HKD 96,424 / 16 p.s.f.
Size: 6,019 s.f.
Fully Fitted, City View
Prop.#: 91335","96,424"
Henry House,CAUSEWAY BAY,"Henry House
CAUSEWAY BAY
Rental: HKD 96,001 / 51 p.s.f.
Size: 1,901 s.f.
Bare Shell, Low Floor
Prop.#: 90869","96,001"
Henry House,CAUSEWAY BAY,"Henry House
CAUSEWAY BAY
Rental: HKD 96,001 / 51 p.s.f.
Size: 1,901 s.f.
Mid Floor
Prop.#: 87562","96,001"
Henry House,CAUSEWAY BAY,"Henry House
CAUSEWAY BAY
Rental: HKD 96,001 / 51 p.s.f.
Size: 1,901 s.f.
High Floor
Prop.#: 75588","96,001"
Henry House,CAUSEWAY BAY,"Henry House
CAUSEWAY BAY
Rental: HKD 96,001 / 51 p.s.f.
Size: 1,901 s.f.
Fully Fitted, Low Floor
Prop.#: 88355","96,001"
The Center,CENTRAL,"The Center
CENTRAL
Rental: HKD 95,795 / 49 p.s.f.
Price: HKD 44.6M / 22,800 p.s.f.
Size: 1,955 s.f.
Fully Fitted, Mid Floor, City View
Prop.#: 87755","95,795"
World Trade Centre,CAUSEWAY BAY,"World Trade Centre
CAUSEWAY BAY
Rental: HKD 95,400 / 40 p.s.f.
Size: 2,385 s.f.
Bare Shell, Mid Floor, City View
Prop.#: 70315","95,400"
New Mandarin Plaza - Tower B,TSIM SHA TSUI,"New Mandarin Plaza - Tower B
TSIM SHA TSUI
Rental: HKD 95,200 / 32 p.s.f.
Price: HKD 28.3M / 9,499 p.s.f.
Size: 2,975 s.f.
Fully Fitted
Prop.#: 91470","95,200"
China Hong Kong City - Tower 5,TSIM SHA TSUI,"China Hong Kong City - Tower 5
TSIM SHA TSUI
Rental: HKD 95,172 / 28 p.s.f.
Size: 3,399 s.f.
Bare Shell, High Floor, Park View
Prop.#: 85402","95,172"
K11 Atelier King's Road,QUARRY BAY,"K11 Atelier King's Road
QUARRY BAY
Rental: HKD 95,040 / 45 p.s.f.
Size: 2,112 s.f.
Bare Shell, Low Floor, City View
Prop.#: 90673","95,040"
Overseas Trust Bank Building,WAN CHAI,"Overseas Trust Bank Building
WAN CHAI
Rental: HKD 95,000 / 25 p.s.f.
Size: 3,800 s.f.
Fully Fitted, Mid Floor, City View
Prop.#: 29258","95,000"
Dah Sing Financial Centre,WAN CHAI,"Dah Sing Financial Centre
WAN CHAI
Rental: HKD 94,760 / 40 p.s.f.
Size: 2,369 s.f.
Fully Fitted, High Floor
Prop.#: 91166","94,760"
Lippo Centre - Tower 1,ADMIRALTY,"Lippo Centre - Tower 1
ADMIRALTY
Rental: HKD 94,731 / 39 p.s.f.
Size: 2,429 s.f.
Fully Fitted, Mid Floor, Partial Seaview
Prop.#: 36903","94,731"
Tsim Sha Tsui Centre - West Tower,TSIM SHA TSUI,"Tsim Sha Tsui Centre - West Tower
TSIM SHA TSUI
Rental: HKD 94,550 / 31 p.s.f.
Size: 3,050 s.f.
Bare Shell, Garden View
Prop.#: 66034","94,550"
Plaza 2000,CAUSEWAY BAY,"Plaza 2000
CAUSEWAY BAY
Rental: HKD 94,360 / 40 p.s.f.
Size: 2,359 s.f.
Bare Shell, Mid Floor
Prop.#: 1265","94,360"
OfficePlus@Wan Chai (CRE Building),WAN CHAI,"OfficePlus@Wan Chai (CRE Building)
WAN CHAI
Rental: HKD 94,133 / 28 p.s.f.
Size: 3,423 s.f.
Bare Shell, Low Floor, City View
Prop.#: 22391","94,133"
Island Place Tower,NORTH POINT,"Island Place Tower
NORTH POINT
Rental: HKD 93,800 / 25 p.s.f.
Size: 3,752 s.f.
Bare Shell, High Floor, Open View
Prop.#: 7981","93,800"
K Wah Centre,NORTH POINT,"K Wah Centre
NORTH POINT
Rental: HKD 93,618 / 18 p.s.f.
Size: 5,201 s.f.
Bare Shell, Low Floor, Partial Seaview
Prop.#: 49083","93,618"
Fortis Tower,WAN CHAI,"Fortis Tower
WAN CHAI
Rental: HKD 93,600 / 30 p.s.f.
Size: 3,120 s.f.
Fully Fitted, High Floor, City View
Prop.#: 84074","93,600"
Gravity,KWUN TONG,"Gravity
KWUN TONG
Rental: HKD 93,600 / 20 p.s.f.
Size: 4,680 s.f.
High Floor
Prop.#: 91936","93,600"
Nan Fung Tower,SHEUNG WAN,"Nan Fung Tower
SHEUNG WAN
Rental: HKD 93,375 / 45 p.s.f.
Size: 2,075 s.f.
Bare Shell, Mid Floor
Prop.#: 84560","93,375"
Prosperity Millennia Plaza,NORTH POINT,"Prosperity Millennia Plaza
NORTH POINT
Rental: HKD 93,280 / 20 p.s.f.
Size: 4,664 s.f.
Low Floor
Prop.#: 91832","93,280"
Far East Finance Centre,ADMIRALTY,"Far East Finance Centre
ADMIRALTY
Rental: HKD 93,062 / 38 p.s.f.
Price: HKD 60.0M / 24,499 p.s.f.
Size: 2,449 s.f.
Fully Fitted, Mid Floor, Partial Seaview
Prop.#: 64347","93,062"
Oliv,CAUSEWAY BAY,"Oliv
CAUSEWAY BAY
Rental: HKD 92,997 / 45 p.s.f.
Size: 2,087 s.f.
Fully Fitted, Low Floor, City View
Prop.#: 66960","92,997"
China Hong Kong Tower,WAN CHAI,"China Hong Kong Tower
WAN CHAI
Rental: HKD 92,934 / 27 p.s.f.
Size: 3,442 s.f.
Partially Fitted, Low Floor, City View
Prop.#: 693","92,934"
"Chinachem Exchange Square, Two",NORTH POINT,"Chinachem Exchange Square, Two
NORTH POINT
Rental: HKD 92,818 / 22 p.s.f.
Size: 4,219 s.f.
Fully Fitted, Mid Floor, City View
Prop.#: 19007","92,818"
Tai Yau Building,WAN CHAI,"Tai Yau Building
WAN CHAI
Rental: HKD 92,580 / 30 p.s.f.
Size: 3,086 s.f.
Partially Fitted, High Floor, City View
Prop.#: 1735","92,580"
The Center,CENTRAL,"The Center
CENTRAL
Rental: HKD 92,500 / 50 p.s.f.
Size: 1,850 s.f.
Bare Shell, Low Floor
Prop.#: 84324","92,500"
The Centrium,CENTRAL,"The Centrium
CENTRAL
Rental: HKD 92,454 / 38 p.s.f.
Size: 2,433 s.f.
Fully Fitted, High Floor
Prop.#: 16783","92,454"
Emperor Group Centre,WAN CHAI,"Emperor Group Centre
WAN CHAI
Rental: HKD 92,428 / 28 p.s.f.
Size: 3,301 s.f.
Fully Fitted, City View
Prop.#: 87811","92,428"
New Henry House,CENTRAL,"New Henry House
CENTRAL
Rental: HKD 92,260 / 70 p.s.f.
Size: 1,318 s.f.
Bare Shell, Low Floor
Prop.#: 90270","92,260"
Sun Hung Kai Centre,WAN CHAI,"Sun Hung Kai Centre
WAN CHAI
Rental: HKD 92,232 / 56 p.s.f.
Size: 1,647 s.f.
Fully Fitted, Mid Floor, Partial Seaview
Prop.#: 88332","92,232"
Admiralty Centre - Tower 1,ADMIRALTY,"Admiralty Centre - Tower 1
ADMIRALTY
Rental: HKD 91,960 / 38 p.s.f.
Price: HKD 35.1M / 14,500 p.s.f.
Size: 2,420 s.f.
Partially Fitted, City View
Prop.#: 89964","91,960"
Golden Centre,SHEUNG WAN,"Golden Centre
SHEUNG WAN
Rental: HKD 91,812 / 42 p.s.f.
Size: 2,186 s.f.
Fully Fitted, City View
Prop.#: 86321","91,812"
Nan Fung Tower,SHEUNG WAN,"Nan Fung Tower
SHEUNG WAN
Rental: HKD 91,808 / 38 p.s.f.
Size: 2,416 s.f.
Bare Shell, Low Floor, City View
Prop.#: 87809","91,808"
New Henry House,CENTRAL,"New Henry House
CENTRAL
Rental: HKD 91,700 / 70 p.s.f.
Size: 1,310 s.f.
Bare Shell, Low Floor, City View
Prop.#: 84236","91,700"
"King's Road, 383",NORTH POINT,"King's Road, 383
NORTH POINT
Rental: HKD 91,582 / 29 p.s.f.
Size: 3,158 s.f.
Bare Shell, Low Floor, City View
Prop.#: 87409","91,582"
Sands Building,TSIM SHA TSUI,"Sands Building
TSIM SHA TSUI
Rental: HKD 91,456 / 32 p.s.f.
Size: 2,858 s.f.
High Floor, City View
Prop.#: 34286","91,456"
Technology Plaza,NORTH POINT,"Technology Plaza
NORTH POINT
Rental: HKD 91,397 / 20 p.s.f.
Size: 4,687 s.f.
Fully Fitted, Sea View
Prop.#: 89668","91,397"
Wheelock House,CENTRAL,"Wheelock House
CENTRAL
Rental: HKD 91,256 / 68 p.s.f.
Size: 1,342 s.f.
Bare Shell, Mid Floor, City View
Prop.#: 23736","91,256"
Tern Commercial Building,TSIM SHA TSUI,"Tern Commercial Building
TSIM SHA TSUI
Rental: HKD 91,080 / 44 p.s.f.
Size: 2,070 s.f.
Fully Fitted, Low Floor, City View
Prop.#: 21442","91,080"
Tern Commercial Building,TSIM SHA TSUI,"Tern Commercial Building
TSIM SHA TSUI
Rental: HKD 91,080 / 44 p.s.f.
Size: 2,070 s.f.
Fully Fitted, Low Floor, Open View
Prop.#: 77050","91,080"
Koho,KWUN TONG,"Koho
KWUN TONG
Rental: HKD 90,593 / 17 p.s.f.
Size: 5,329 s.f.
Bare Shell, Low Floor
Prop.#: 80979","90,593"
C C Wu Building,WAN CHAI,"C C Wu Building
WAN CHAI
Rental: HKD 90,580 / 28 p.s.f.
Size: 3,235 s.f.
High Floor
Prop.#: 91535","90,580"
New Henry House,CENTRAL,"New Henry House
CENTRAL
Rental: HKD 90,580 / 70 p.s.f.
Size: 1,294 s.f.
Fully Fitted, High Floor, City View
Prop.#: 85812","90,580"
"Gateway, The - Tower 6",TSIM SHA TSUI,"Gateway, The - Tower 6
TSIM SHA TSUI
Rental: HKD 90,520 / 40 p.s.f.
Size: 2,263 s.f.
Mid Floor
Prop.#: 91701","90,520"
New Henry House,CENTRAL,"New Henry House
CENTRAL
Rental: HKD 90,370 / 70 p.s.f.
Size: 1,291 s.f.
Fully Fitted, Mid Floor, City View
Prop.#: 85813","90,370"
Central Plaza,WAN CHAI,"Central Plaza
WAN CHAI
Rental: HKD 90,255 / 55 p.s.f.
Size: 1,641 s.f.
Fully Fitted, Low Floor, City View
Prop.#: 57713","90,255"
Lippo Sun Plaza,TSIM SHA TSUI,"Lippo Sun Plaza
TSIM SHA TSUI
Rental: HKD 90,210 / 31 p.s.f.
Size: 2,910 s.f.
Fully Fitted, Low Floor, Partial Seaview
Prop.#: 21173","90,210"
United Centre,ADMIRALTY,"United Centre
ADMIRALTY
Rental: HKD 90,055 / 35 p.s.f.
Size: 2,573 s.f.
Mid Floor, City View
Prop.#: 45923","90,055"
Bowa House,TSIM SHA TSUI,"Bowa House
TSIM SHA TSUI
Rental: HKD 90,008 / 34 p.s.f.
Size: 2,682 s.f.
Fully Fitted, Low Floor, City View
Prop.#: 9529","90,008"
New Mandarin Plaza - Tower A,TSIM SHA TSUI,"New Mandarin Plaza - Tower A
TSIM SHA TSUI
Rental: HKD 90,000 / 20 p.s.f.
Size: 4,500 s.f.
Bare Shell, Low Floor
Prop.#: 59213","90,000"
Morrison Plaza,WAN CHAI,"Morrison Plaza
WAN CHAI
Rental: HKD 89,987 / 26 p.s.f.
Price: HKD 33.0M / 9,439 p.s.f.
Size: 3,496 s.f.
Fully Fitted, High Floor, City View
Prop.#: 60977","89,987"
Ocean Centre,TSIM SHA TSUI,"Ocean Centre
TSIM SHA TSUI
Rental: HKD 89,856 / 48 p.s.f.
Size: 1,872 s.f.
Prop.#: 92139","89,856"
"Des Voeux Road West, 9",SHEUNG WAN,"Des Voeux Road West, 9
SHEUNG WAN
Rental: HKD 89,824 / 28 p.s.f.
Size: 3,208 s.f.
Fully Fitted, Low Floor, Sea View
Prop.#: 44581","89,824"
Fortis Tower,WAN CHAI,"Fortis Tower
WAN CHAI
Rental: HKD 89,700 / 30 p.s.f.
Size: 2,990 s.f.
Fully Fitted, Mid Floor, City View
Prop.#: 82033","89,700"
Harbour Centre,WAN CHAI,"Harbour Centre
WAN CHAI
Rental: HKD 89,552 / 58 p.s.f.
Size: 1,544 s.f.
Fully Fitted, Mid Floor, Partial Seaview
Prop.#: 16414","89,552"
35 QRC,CENTRAL,"VR TOUR
35 QRC
CENTRAL
Rental: HKD 89,190 / 45 p.s.f.
Size: 1,982 s.f.
Fully Fitted, Mid Floor, City View
Prop.#: 76880","89,190"
35 QRC,CENTRAL,"VR TOUR
35 QRC
CENTRAL
Rental: HKD 89,190 / 45 p.s.f.
Size: 1,982 s.f.
Fully Fitted, Mid Floor, City View
Prop.#: 76881","89,190"
35 QRC,CENTRAL,"VR TOUR
35 QRC
CENTRAL
Rental: HKD 89,190 / 45 p.s.f.
Size: 1,982 s.f.
Fully Fitted, Mid Floor, City View
Prop.#: 76882","89,190"
35 QRC,CENTRAL,"35 QRC
CENTRAL
Rental: HKD 89,190 / 45 p.s.f.
Size: 1,982 s.f.
Fully Fitted, Mid Floor, City View
Prop.#: 76883","89,190"
"Hing Fat Street, 88",NORTH POINT,"Hing Fat Street, 88
NORTH POINT
Rental: HKD 89,100 / 33 p.s.f.
Size: 2,700 s.f.
Fully Fitted, High Floor, Partial Seaview
Prop.#: 87111","89,100"
"King's Road, 383",NORTH POINT,"King's Road, 383
NORTH POINT
Rental: HKD 89,088 / 29 p.s.f.
Size: 3,072 s.f.
Bare Shell, Low Floor, City View
Prop.#: 87407","89,088"
Macau Yat Yuen Centre,CAUSEWAY BAY,"Macau Yat Yuen Centre
CAUSEWAY BAY
Rental: HKD 88,995 / 54 p.s.f.
Size: 1,645 s.f.
Fully Fitted, High Floor, Partial Seaview
Prop.#: 16541","88,995"
Macau Yat Yuen Centre,CAUSEWAY BAY,"Macau Yat Yuen Centre
CAUSEWAY BAY
Rental: HKD 88,995 / 54 p.s.f.
Size: 1,645 s.f.
Fully Fitted, Mid Floor, City View
Prop.#: 57853","88,995"
Macau Yat Yuen Centre,CAUSEWAY BAY,"Macau Yat Yuen Centre
CAUSEWAY BAY
Rental: HKD 88,995 / 54 p.s.f.
Size: 1,645 s.f.
Fully Fitted, Mid Floor, City View
Prop.#: 57932","88,995"
Macau Yat Yuen Centre,CAUSEWAY BAY,"Macau Yat Yuen Centre
CAUSEWAY BAY
Rental: HKD 88,995 / 54 p.s.f.
Size: 1,645 s.f.
Bare Shell, High Floor, City View
Prop.#: 60159","88,995"
Macau Yat Yuen Centre,CAUSEWAY BAY,"Macau Yat Yuen Centre
CAUSEWAY BAY
Rental: HKD 88,995 / 54 p.s.f.
Size: 1,645 s.f.
Fully Fitted, City View
Prop.#: 90644","88,995"
Infinitus Plaza,SHEUNG WAN,"Infinitus Plaza
SHEUNG WAN
Rental: HKD 88,971 / 47 p.s.f.
Size: 1,893 s.f.
Bare Shell, Partial Seaview
Prop.#: 91458","88,971"
Millennium City 1 - Tower 01,KWUN TONG,"Millennium City 1 - Tower 01
KWUN TONG
Rental: HKD 88,827 / 29 p.s.f.
Size: 3,063 s.f.
Bare Shell, Mid Floor
Prop.#: 19029","88,827"
Three Garden Road - ICBC Tower,CENTRAL,"Three Garden Road - ICBC Tower
CENTRAL
Rental: HKD 88,815 / 93 p.s.f.
Size: 955 s.f.
Furnished, Low Floor, City View
Prop.#: 88552","88,815"
Beautiful Group Tower,SHEUNG WAN,"Beautiful Group Tower
SHEUNG WAN
Rental: HKD 88,396 / 41 p.s.f.
Size: 2,156 s.f.
Fully Fitted
Prop.#: 92144","88,396"
World Wide House,CENTRAL,"World Wide House
CENTRAL
Rental: HKD 88,284 / 42 p.s.f.
Size: 2,102 s.f.
Mid Floor
Prop.#: 91726","88,284"
Inter-Continental Plaza,TSIM SHA TSUI,"Inter-Continental Plaza
TSIM SHA TSUI
Rental: HKD 88,250 / 25 p.s.f.
Size: 3,530 s.f.
Fully Fitted, High Floor, City View
Prop.#: 18524","88,250"
299QRC,SHEUNG WAN,"299QRC
SHEUNG WAN
Rental: HKD 88,196 / 68 p.s.f.
Size: 1,297 s.f.
Fully Fitted
Prop.#: 91894","88,196"
Centre Point,WAN CHAI,"Centre Point
WAN CHAI
Rental: HKD 88,128 / 24 p.s.f.
Size: 3,672 s.f.
Bare Shell
Prop.#: 88700","88,128"
Metroplaza - Tower 01,KWAI CHUNG,"Metroplaza - Tower 01
KWAI CHUNG
Rental: HKD 88,020 / 27 p.s.f.
Size: 3,260 s.f.
High Floor
Prop.#: 58148","88,020"
Overseas Trust Bank Building,WESTERN / KENNEDY TOWN,"Overseas Trust Bank Building
WESTERN / KENNEDY TOWN
Rental: HKD 88,011 / 23 p.s.f.
Size: 3,850 s.f.
Bare Shell
Prop.#: 91063","88,011"
H8,TSIM SHA TSUI,"H8
TSIM SHA TSUI
Rental: HKD 88,001 / 40 p.s.f.
Size: 2,188 s.f.
Fully Fitted, High Floor, City View
Prop.#: 61284","88,001"
Unicorn Trade Centre,CENTRAL,"Unicorn Trade Centre
CENTRAL
Rental: HKD 88,000 / 40 p.s.f.
Size: 2,200 s.f.
Bare Shell, Low Floor, City View
Prop.#: 53118","88,000"
Hart House,TSIM SHA TSUI,"Hart House
TSIM SHA TSUI
Rental: HKD 87,999 / 27 p.s.f.
Price: HKD 40.0M / 12,172 p.s.f.
Size: 3,286 s.f.
Bare Shell, Low Floor, City View
Prop.#: 81498","87,999"
Hang Lung House,SHEUNG WAN,"Hang Lung House
SHEUNG WAN
Rental: HKD 87,989 / 34 p.s.f.
Price: HKD 29.3M / 11,254 p.s.f.
Size: 2,604 s.f.
Bare Shell, Low Floor, City View
Prop.#: 70706","87,989"
So Hong Commercial Building,SHEUNG WAN,"So Hong Commercial Building
SHEUNG WAN
Rental: HKD 87,977 / 18 p.s.f.
Size: 4,818 s.f.
Fully Fitted, Low Floor
Prop.#: 76183","87,977"
Hopewell Centre,WAN CHAI,"Hopewell Centre
WAN CHAI
Rental: HKD 87,975 / 45 p.s.f.
Size: 1,955 s.f.
Fully Fitted, Partial Seaview
Prop.#: 91261","87,975"
Shui On Centre,WAN CHAI,"Shui On Centre
WAN CHAI
Rental: HKD 87,975 / 45 p.s.f.
Size: 1,955 s.f.
Fully Fitted, Mid Floor, Sea View
Prop.#: 52721","87,975"
Beverly House,WAN CHAI,"Beverly House
WAN CHAI
Rental: HKD 87,900 / 25 p.s.f.
Size: 3,516 s.f.
Fully Fitted, City View
Prop.#: 90518","87,900"
Prosperous Building,CENTRAL,"Prosperous Building
CENTRAL
Rental: HKD 87,760 / 40 p.s.f.
Size: 2,194 s.f.
Fully Fitted, High Floor, City View
Prop.#: 3501","87,760"
Cosco Tower,SHEUNG WAN,"Cosco Tower
SHEUNG WAN
Rental: HKD 87,666 / 38 p.s.f.
Size: 2,307 s.f.
Fully Fitted, Low Floor, Open View
Prop.#: 5492","87,666"
Aura On Pennington,CAUSEWAY BAY,"Aura On Pennington
CAUSEWAY BAY
Rental: HKD 87,660 / 45 p.s.f.
Size: 1,948 s.f.
Fully Fitted, Mid Floor
Prop.#: 71820","87,660"
Wing On House,CENTRAL,"Wing On House
CENTRAL
Rental: HKD 87,648 / 32 p.s.f.
Size: 2,739 s.f.
Bare Shell, Low Floor, City View
Prop.#: 70437","87,648"
Cheong K. Building,CENTRAL,"Cheong K. Building
CENTRAL
Rental: HKD 87,500 / 35 p.s.f.
Size: 2,500 s.f.
Fully Fitted, Mid Floor, City View
Prop.#: 77393","87,500"
One Harbour Square,KWUN TONG,"One Harbour Square
KWUN TONG
Rental: HKD 87,500 / 25 p.s.f.
Size: 3,500 s.f.
Partially Fitted, High Floor, Sea View
Prop.#: 82371","87,500"
Ocean Building,JORDAN,"Ocean Building
JORDAN
Rental: HKD 87,300 / 25 p.s.f.
Size: 3,492 s.f.
Partially Fitted, Low Floor, City View
Prop.#: 88574","87,300"
Cosco Tower,SHEUNG WAN,"Cosco Tower
SHEUNG WAN
Rental: HKD 86,900 / 55 p.s.f.
Size: 1,580 s.f.
Bare Shell, High Floor, Partial Seaview
Prop.#: 89267","86,900"
Hopewell Centre,WAN CHAI,"Hopewell Centre
WAN CHAI
Rental: HKD 86,895 / 45 p.s.f.
Size: 1,931 s.f.
Fully Fitted, High Floor, Mountain View
Prop.#: 19299","86,895"
World Finance Centre - North,TSIM SHA TSUI,"World Finance Centre - North
TSIM SHA TSUI
Rental: HKD 86,797 / 29 p.s.f.
Size: 2,993 s.f.
Fully Fitted, Low Floor
Prop.#: 5257","86,797"
Bartlock Centre,CAUSEWAY BAY,"Bartlock Centre
CAUSEWAY BAY
Rental: HKD 86,604 / 42 p.s.f.
Size: 2,062 s.f.
Fully Fitted, Low Floor
Prop.#: 26783","86,604"
Allied Kajima Building,WAN CHAI,"Allied Kajima Building
WAN CHAI
Rental: HKD 86,480 / 46 p.s.f.
Size: 1,880 s.f.
Fully Fitted, Mid Floor, Partial Seaview
Prop.#: 22711","86,480"
"King's Road, 383",NORTH POINT,"King's Road, 383
NORTH POINT
Rental: HKD 86,478 / 29 p.s.f.
Size: 2,982 s.f.
Bare Shell, Low Floor, City View
Prop.#: 87413","86,478"
"Hing Fat Street, 88",NORTH POINT,"Hing Fat Street, 88
NORTH POINT
Rental: HKD 86,400 / 32 p.s.f.
Size: 2,700 s.f.
Fully Fitted, High Floor, Sea View
Prop.#: 90210","86,400"
Millennium City 1 - Tower 01,KWUN TONG,"Millennium City 1 - Tower 01
KWUN TONG
Rental: HKD 86,232 / 24 p.s.f.
Size: 3,593 s.f.
Bare Shell, High Floor, Sea View
Prop.#: 53196","86,232"
Millennium City 1 - Tower 01,KWUN TONG,"Millennium City 1 - Tower 01
KWUN TONG
Rental: HKD 86,232 / 24 p.s.f.
Size: 3,593 s.f.
Fully Fitted, High Floor, Partial Seaview
Prop.#: 55329","86,232"
Tai Yau Building,WAN CHAI,"Tai Yau Building
WAN CHAI
Rental: HKD 86,160 / 30 p.s.f.
Size: 2,872 s.f.
Bare Shell, Mid Floor, City View
Prop.#: 63355","86,160"
Bank of America Tower,CENTRAL,"Bank of America Tower
CENTRAL
Rental: HKD 85,992 / 48 p.s.f.
Price: HKD 81.0M / 45,000 p.s.f.
Size: 1,799 s.f.
Fully Fitted, High Floor, Open View
Prop.#: 43566","85,992"
"Observatory Road, 8",TSIM SHA TSUI,"Observatory Road, 8
TSIM SHA TSUI
Rental: HKD 85,985 / 20 p.s.f.
Size: 4,310 s.f.
Fully Fitted, Low Floor, City View
Prop.#: 89182","85,985"
Great Eagle Centre,WAN CHAI,"Great Eagle Centre
WAN CHAI
Rental: HKD 85,968 / 48 p.s.f.
Size: 1,791 s.f.
Fully Fitted, Low Floor, City View
Prop.#: 1130","85,968"
Lippo Centre - Tower 1,ADMIRALTY,"Lippo Centre - Tower 1
ADMIRALTY
Rental: HKD 85,950 / 45 p.s.f.
Size: 1,910 s.f.
Fully Fitted, High Floor, Sea View
Prop.#: 5881","85,950"
Tung Hip Commercial Building,SHEUNG WAN,"Tung Hip Commercial Building
SHEUNG WAN
Rental: HKD 85,920 / 24 p.s.f.
Size: 3,580 s.f.
Partially Fitted, Low Floor
Prop.#: 91537","85,920"
Two Chinachem Plaza,SHEUNG WAN,"Two Chinachem Plaza
SHEUNG WAN
Rental: HKD 85,890 / 42 p.s.f.
Size: 2,045 s.f.
Fully Fitted, Mid Floor, Partial Seaview
Prop.#: 50673","85,890"
Cosco Tower,SHEUNG WAN,"Cosco Tower
SHEUNG WAN
Rental: HKD 85,842 / 38 p.s.f.
Size: 2,259 s.f.
Fully Fitted, Mid Floor, Partial Seaview
Prop.#: 19604","85,842"
Chinachem Tower,CENTRAL,"Chinachem Tower
CENTRAL
Rental: HKD 85,725 / 45 p.s.f.
Size: 1,905 s.f.
Partially Fitted, Low Floor, City View
Prop.#: 90837","85,725"
Grand Century Place - Tower II,MONG KOK / TAI KOK TSUI,"Grand Century Place - Tower II
MONG KOK / TAI KOK TSUI
Rental: HKD 85,356 / 36 p.s.f.
Size: 2,371 s.f.
Fully Fitted, High Floor
Prop.#: 24995","85,356"
Hollywood Centre,SHEUNG WAN,"Hollywood Centre
SHEUNG WAN
Rental: HKD 85,289 / 29 p.s.f.
Size: 2,941 s.f.
Bare Shell, City View
Prop.#: 86665","85,289"
Tai Tung Building,WAN CHAI,"Tai Tung Building
WAN CHAI
Rental: HKD 85,238 / 34 p.s.f.
Size: 2,507 s.f.
Bare Shell, Low Floor, City View
Prop.#: 48979","85,238"
Beautiful Group Tower,SHEUNG WAN,"Beautiful Group Tower
SHEUNG WAN
Rental: HKD 85,140 / 33 p.s.f.
Size: 2,580 s.f.
Fully Fitted, Low Floor, Partial Seaview
Prop.#: 4337","85,140"
The Centrium,CENTRAL,"The Centrium
CENTRAL
Rental: HKD 85,044 / 38 p.s.f.
Size: 2,238 s.f.
Fully Fitted, Mid Floor, City View
Prop.#: 719","85,044"
Neich Tower,WAN CHAI,"Neich Tower
WAN CHAI
Rental: HKD 84,997 / 28 p.s.f.
Size: 3,013 s.f.
Partially Fitted, Low Floor, City View
Prop.#: 77354","84,997"
Lippo Sun Plaza,TSIM SHA TSUI,"Lippo Sun Plaza
TSIM SHA TSUI
Rental: HKD 84,975 / 33 p.s.f.
Size: 2,575 s.f.
Fully Fitted, High Floor, Garden View
Prop.#: 21457","84,975"
LHT Tower,CENTRAL,"LHT Tower
CENTRAL
Rental: HKD 84,830 / 85 p.s.f.
Size: 998 s.f.
Bare Shell, City View
Prop.#: 91099","84,830"
LKF29 (Onfem Tower),CENTRAL,"LKF29 (Onfem Tower)
CENTRAL
Rental: HKD 84,512 / 38 p.s.f.
Size: 2,224 s.f.
Fully Fitted, High Floor, Open View
Prop.#: 14681","84,512"
New World Tower 1,CENTRAL,"New World Tower 1
CENTRAL
Rental: HKD 84,450 / 75 p.s.f.
Size: 1,126 s.f.
Fully Fitted, Mid Floor
Prop.#: 91862","84,450"
"Gateway, The - Tower 1",TSIM SHA TSUI,"Gateway, The - Tower 1
TSIM SHA TSUI
Rental: HKD 84,284 / 38 p.s.f.
Size: 2,218 s.f.
Fully Fitted, Park View
Prop.#: 92142","84,284"
Omega Plaza,MONG KOK / TAI KOK TSUI,"Omega Plaza
MONG KOK / TAI KOK TSUI
Rental: HKD 84,240 / 26 p.s.f.
Size: 3,240 s.f.
High Floor, City View
Prop.#: 86458","84,240"
Shun Tak Centre - China Merchants Tower,SHEUNG WAN,"Shun Tak Centre - China Merchants Tower
SHEUNG WAN
Rental: HKD 84,040 / 55 p.s.f.
Size: 1,528 s.f.
Bare Shell, Mid Floor, Partial Seaview
Prop.#: 12696","84,040"
"Hing Fat Street, 88",NORTH POINT,"Hing Fat Street, 88
NORTH POINT
Rental: HKD 84,000 / 30 p.s.f.
Size: 2,800 s.f.
Bare Shell, Mid Floor, Partial Seaview
Prop.#: 9320","84,000"
Shun On Commercial Building,CENTRAL,"Shun On Commercial Building
CENTRAL
Rental: HKD 84,000 / 28 p.s.f.
Size: 3,000 s.f.
Fully Fitted, Low Floor, City View
Prop.#: 91554","84,000"
The Centrium,CENTRAL,"The Centrium
CENTRAL
Rental: HKD 84,000 / 40 p.s.f.
Size: 2,100 s.f.
Fully Fitted, Mid Floor, City View
Prop.#: 995","84,000"
"Harbourfront, One",HUNG HOM / TO KWA WAN,"Harbourfront, One
HUNG HOM / TO KWA WAN
Rental: HKD 83,988 / 36 p.s.f.
Size: 2,333 s.f.
Bare Shell, Low Floor
Prop.#: 57185","83,988"
Shun Tak Centre - China Merchants Tower,SHEUNG WAN,"Shun Tak Centre - China Merchants Tower
SHEUNG WAN
Rental: HKD 83,820 / 55 p.s.f.
Size: 1,524 s.f.
Bare Shell, Mid Floor, Partial Seaview
Prop.#: 1468","83,820"
Dah Sing Financial Centre,WAN CHAI,"Dah Sing Financial Centre
WAN CHAI
Rental: HKD 83,808 / 36 p.s.f.
Size: 2,328 s.f.
Bare Shell, High Floor
Prop.#: 89249","83,808"
Guangdong Finance Building,SHEUNG WAN,"Guangdong Finance Building
SHEUNG WAN
Rental: HKD 83,720 / 23 p.s.f.
Size: 3,640 s.f.
Fully Fitted, High Floor, Sea View
Prop.#: 86061","83,720"
The Centrium,CENTRAL,"The Centrium
CENTRAL
Rental: HKD 83,676 / 38 p.s.f.
Size: 2,202 s.f.
Bare Shell, Mid Floor, Open View
Prop.#: 31957","83,676"
One Capital Place,WAN CHAI,"One Capital Place
WAN CHAI
Rental: HKD 83,433 / 29 p.s.f.
Size: 2,877 s.f.
Bare Shell, High Floor, City View
Prop.#: 52863","83,433"
"Cheung Sha Wan Road, 909",CHEUNG SHA WAN / LAI CHI KOK,"Cheung Sha Wan Road, 909
CHEUNG SHA WAN / LAI CHI KOK
Rental: HKD 83,408 / 26 p.s.f.
Size: 3,208 s.f.
Fully Fitted, Mid Floor
Prop.#: 73456","83,408"
Ocean Centre,TSIM SHA TSUI,"Ocean Centre
TSIM SHA TSUI
Rental: HKD 83,280 / 30 p.s.f.
Size: 2,776 s.f.
Bare Shell, Mid Floor, City View
Prop.#: 84456","83,280"
Harcourt House,WAN CHAI,"Harcourt House
WAN CHAI
Rental: HKD 83,118 / 42 p.s.f.
Size: 1,979 s.f.
Fully Fitted, Mid Floor, Sea View
Prop.#: 92114","83,118"
Woon Lee Commercial Building,TSIM SHA TSUI,"Woon Lee Commercial Building
TSIM SHA TSUI
Rental: HKD 83,030 / 23 p.s.f.
Price: HKD 30.0M / 8,300 p.s.f.
Size: 3,610 s.f.
Fully Fitted, Mid Floor, City View
Prop.#: 78114","83,030"
"Ashley Road, 17-19",TSIM SHA TSUI,"Ashley Road, 17-19
TSIM SHA TSUI
Rental: HKD 83,000 / 46 p.s.f.
Size: 1,815 s.f.
Bare Shell, Low Floor, City View
Prop.#: 72945","83,000"
Admiralty Centre - Tower 1,ADMIRALTY,"Admiralty Centre - Tower 1
ADMIRALTY
Rental: HKD 82,950 / 35 p.s.f.
Size: 2,370 s.f.
Fully Fitted, High Floor, Open View
Prop.#: 16132","82,950"
COFCO Tower,CAUSEWAY BAY,"COFCO Tower
CAUSEWAY BAY
Rental: HKD 82,944 / 48 p.s.f.
Size: 1,728 s.f.
High Floor
Prop.#: 91912","82,944"
Harcourt House,WAN CHAI,"Harcourt House
WAN CHAI
Rental: HKD 82,866 / 42 p.s.f.
Size: 1,973 s.f.
Fully Fitted, Mid Floor, Sea View
Prop.#: 38887","82,866"
Island Place Tower,NORTH POINT,"Island Place Tower
NORTH POINT
Rental: HKD 82,575 / 25 p.s.f.
Price: HKD 33.0M / 10,000 p.s.f.
Size: 3,303 s.f.
Fully Fitted, Low Floor, City View
Prop.#: 76604","82,575"
Infinitus Plaza,SHEUNG WAN,"Infinitus Plaza
SHEUNG WAN
Rental: HKD 82,530 / 42 p.s.f.
Size: 1,965 s.f.
Bare Shell, Low Floor, Partial Seaview
Prop.#: 17171","82,530"
"Hoi Bun Road, 163",KWUN TONG,"Hoi Bun Road, 163
KWUN TONG
Rental: HKD 82,480 / 15 p.s.f.
Size: 5,573 s.f.
Fully Fitted, Sea View
Prop.#: 91930","82,480"
Tesbury Centre,WAN CHAI,"Tesbury Centre
WAN CHAI
Rental: HKD 82,180 / 20 p.s.f.
Size: 4,109 s.f.
Bare Shell, High Floor, City View
Prop.#: 415","82,180"
OfficePlus@Wan Chai (CRE Building),WAN CHAI,"OfficePlus@Wan Chai (CRE Building)
WAN CHAI
Rental: HKD 82,152 / 24 p.s.f.
Size: 3,423 s.f.
Bare Shell, Mid Floor, City View
Prop.#: 85629","82,152"
Shui On Centre,WAN CHAI,"Shui On Centre
WAN CHAI
Rental: HKD 82,095 / 39 p.s.f.
Size: 2,105 s.f.
Fully Fitted, High Floor, City View
Prop.#: 24814","82,095"
Health Aura,CAUSEWAY BAY,"Health Aura
CAUSEWAY BAY
Rental: HKD 82,035 / 45 p.s.f.
Size: 1,823 s.f.
Bare Shell, Low Floor, City View
Prop.#: 85349","82,035"
Wilson House,CENTRAL,"Wilson House
CENTRAL
Rental: HKD 82,005 / 33 p.s.f.
Size: 2,485 s.f.
Bare Shell, High Floor, Open View
Prop.#: 1603","82,005"
Bangkok Bank Building,SHEUNG WAN,"Bangkok Bank Building
SHEUNG WAN
Rental: HKD 81,995 / 23 p.s.f.
Size: 3,565 s.f.
Fully Fitted, Mid Floor, City View
Prop.#: 67114","81,995"
Bangkok Bank Building,SHEUNG WAN,"Bangkok Bank Building
SHEUNG WAN
Rental: HKD 81,995 / 23 p.s.f.
Size: 3,565 s.f.
Fully Fitted, Mid Floor, City View
Prop.#: 43099","81,995"
Health Aura,CAUSEWAY BAY,"Health Aura
CAUSEWAY BAY
Rental: HKD 81,900 / 45 p.s.f.
Size: 1,820 s.f.
Bare Shell, Low Floor, City View
Prop.#: 85350","81,900"
Lippo Centre - Tower 1,ADMIRALTY,"Lippo Centre - Tower 1
ADMIRALTY
Rental: HKD 81,900 / 39 p.s.f.
Size: 2,100 s.f.
Fully Fitted, Mid Floor, Partial Seaview
Prop.#: 16712","81,900"
Cosco Tower,SHEUNG WAN,"Cosco Tower
SHEUNG WAN
Rental: HKD 81,895 / 55 p.s.f.
Size: 1,489 s.f.
Bare Shell, High Floor, Mountain View
Prop.#: 11886","81,895"
One Capital Place,WAN CHAI,"One Capital Place
WAN CHAI
Rental: HKD 81,864 / 27 p.s.f.
Size: 3,032 s.f.
Bare Shell, High Floor, City View
Prop.#: 62543","81,864"
Kai Tak Commercial Building,SHEUNG WAN,"Kai Tak Commercial Building
SHEUNG WAN
Rental: HKD 81,822 / 26 p.s.f.
Size: 3,147 s.f.
Bare Shell, Low Floor
Prop.#: 86909","81,822"
Two Chinachem Plaza,SHEUNG WAN,"Two Chinachem Plaza
SHEUNG WAN
Rental: HKD 81,800 / 40 p.s.f.
Size: 2,045 s.f.
Bare Shell, Mid Floor, Partial Seaview
Prop.#: 1229","81,800"
Loke Yew Building,CENTRAL,"Loke Yew Building
CENTRAL
Rental: HKD 81,792 / 48 p.s.f.
Size: 1,704 s.f.
Bare Shell, High Floor
Prop.#: 56819","81,792"
New Mandarin Plaza - Tower B,TSIM SHA TSUI,"New Mandarin Plaza - Tower B
TSIM SHA TSUI
Rental: HKD 81,510 / 30 p.s.f.
Size: 2,717 s.f.
Fully Fitted, High Floor, City View
Prop.#: 11092","81,510"
Bangkok Bank Building,SHEUNG WAN,"Bangkok Bank Building
SHEUNG WAN
Rental: HKD 81,420 / 23 p.s.f.
Size: 3,540 s.f.
Bare Shell, Low Floor, City View
Prop.#: 12336","81,420"
Bangkok Bank Building,SHEUNG WAN,"Bangkok Bank Building
SHEUNG WAN
Rental: HKD 81,420 / 23 p.s.f.
Size: 3,540 s.f.
Bare Shell, City View
Prop.#: 89642","81,420"
Island Place Tower,NORTH POINT,"Island Place Tower
NORTH POINT
Rental: HKD 81,356 / 22 p.s.f.
Size: 3,698 s.f.
Fully Fitted, Low Floor, City View
Prop.#: 6102","81,356"
The Centrium,CENTRAL,"The Centrium
CENTRAL
Rental: HKD 81,130 / 38 p.s.f.
Size: 2,135 s.f.
Fully Fitted, Mid Floor, City View
Prop.#: 720","81,130"
Wing On House,CENTRAL,"Wing On House
CENTRAL
Rental: HKD 80,919 / 27 p.s.f.
Price: HKD 48.0M / 16,000 p.s.f.
Size: 2,997 s.f.
Partially Fitted, Mid Floor, City View
Prop.#: 89844","80,919"
Prosperity Tower,CENTRAL,"Prosperity Tower
CENTRAL
Rental: HKD 80,840 / 47 p.s.f.
Size: 1,720 s.f.
Bare Shell, Low Floor
Prop.#: 87815","80,840"
Kundamal House,TSIM SHA TSUI,"Kundamal House
TSIM SHA TSUI
Rental: HKD 80,668 / 28 p.s.f.
Price: HKD 29.5M / 10,239 p.s.f.
Size: 2,881 s.f.
Bare Shell, Low Floor, City View
Prop.#: 24730","80,668"
Chao's Building,SHEUNG WAN,"Chao's Building
SHEUNG WAN
Rental: HKD 80,640 / 24 p.s.f.
Size: 3,360 s.f.
Bare Shell, Low Floor, City View
Prop.#: 49935","80,640"
Leighton Centre,CAUSEWAY BAY,"Leighton Centre
CAUSEWAY BAY
Rental: HKD 80,640 / 48 p.s.f.
Size: 1,680 s.f.
Furnished, High Floor, City View
Prop.#: 2441","80,640"
Chinachem Golden Plaza,TSIM SHA TSUI,"Chinachem Golden Plaza
TSIM SHA TSUI
Rental: HKD 80,620 / 29 p.s.f.
Size: 2,780 s.f.
Fully Fitted, High Floor, City View
Prop.#: 45928","80,620"
Island Place Tower,NORTH POINT,"Island Place Tower
NORTH POINT
Rental: HKD 80,460 / 30 p.s.f.
Size: 2,682 s.f.
Fully Fitted, City View
Prop.#: 45847","80,460"
Parker House,CENTRAL,"Parker House
CENTRAL
Rental: HKD 80,400 / 60 p.s.f.
Size: 1,340 s.f.
Fully Fitted, City View
Prop.#: 66790","80,400"
Nan Fung Tower,SHEUNG WAN,"Nan Fung Tower
SHEUNG WAN
Rental: HKD 80,218 / 38 p.s.f.
Size: 2,111 s.f.
Furnished, City View
Prop.#: 90306","80,218"
Grand Millennium Plaza,SHEUNG WAN,"Grand Millennium Plaza
SHEUNG WAN
Rental: HKD 80,010 / 35 p.s.f.
Size: 2,286 s.f.
Bare Shell, City View
Prop.#: 91446","80,010"
Beautiful Group Tower,SHEUNG WAN,"Beautiful Group Tower
SHEUNG WAN
Rental: HKD 80,003 / 70 p.s.f.
Size: 1,147 s.f.
Bare Shell, Low Floor
Prop.#: 92049","80,003"
Lamma Tower,TSIM SHA TSUI,"Lamma Tower
TSIM SHA TSUI
Rental: HKD 79,998 / 41 p.s.f.
Size: 1,937 s.f.
Fully Fitted, Low Floor
Prop.#: 74463","79,998"
Blissful Building,SHEUNG WAN,"Blissful Building
SHEUNG WAN
Rental: HKD 79,996 / 26 p.s.f.
Size: 3,021 s.f.
Bare Shell, Low Floor, City View
Prop.#: 71953","79,996"
Star House,TSIM SHA TSUI,"Star House
TSIM SHA TSUI
Rental: HKD 79,995 / 59 p.s.f.
Size: 1,360 s.f.
Bare Shell, Low Floor
Prop.#: 71646","79,995"
COFCO Tower,CAUSEWAY BAY,"COFCO Tower
CAUSEWAY BAY
Rental: HKD 79,968 / 48 p.s.f.
Size: 1,666 s.f.
Fully Fitted, Mid Floor, Sea View
Prop.#: 1768","79,968"
Winsome House,CENTRAL,"VR TOUR
Winsome House
CENTRAL
Rental: HKD 79,905 / 35 p.s.f.
Size: 2,283 s.f.
Fully Fitted, High Floor, Open View
Prop.#: 86945","79,905"
Lee & Man Commercial Center,NORTH POINT,"Lee & Man Commercial Center
NORTH POINT
Rental: HKD 79,872 / 24 p.s.f.
Size: 3,328 s.f.
Fully Fitted, Mid Floor, City View
Prop.#: 1510","79,872"
East Ocean Centre,TSIM SHA TSUI,"East Ocean Centre
TSIM SHA TSUI
Rental: HKD 79,820 / 26 p.s.f.
Size: 3,070 s.f.
Fully Fitted, High Floor, City View
Prop.#: 14011","79,820"
China Resources Building,WAN CHAI,"China Resources Building
WAN CHAI
Rental: HKD 79,800 / 60 p.s.f.
Size: 1,330 s.f.
Fully Fitted, High Floor, Partial Seaview
Prop.#: 873","79,800"
"Pacific Place, Five (Hennessy Road, 28)",WAN CHAI,"Pacific Place, Five (Hennessy Road, 28)
WAN CHAI
Rental: HKD 79,800 / 60 p.s.f.
Size: 1,330 s.f.
Fully Fitted, Low Floor, City View
Prop.#: 73212","79,800"
Millennium City 6,KWUN TONG,"Millennium City 6
KWUN TONG
Rental: HKD 79,407 / 27 p.s.f.
Size: 2,941 s.f.
Bare Shell, High Floor, City View
Prop.#: 77479","79,407"
East Ocean Centre,TSIM SHA TSUI,"East Ocean Centre
TSIM SHA TSUI
Rental: HKD 79,320 / 30 p.s.f.
Size: 2,644 s.f.
Partially Fitted, City View
Prop.#: 90788","79,320"
35 QRC,CENTRAL,"VR TOUR
35 QRC
CENTRAL
Rental: HKD 79,280 / 40 p.s.f.
Size: 1,982 s.f.
Fully Fitted, Mid Floor, City View
Prop.#: 76878","79,280"
35 QRC,CENTRAL,"VR TOUR
35 QRC
CENTRAL
Rental: HKD 79,280 / 40 p.s.f.
Size: 1,982 s.f.
Fully Fitted, Mid Floor, City View
Prop.#: 76879","79,280"
"Metropolis Tower, The",HUNG HOM / TO KWA WAN,"Metropolis Tower, The
HUNG HOM / TO KWA WAN
Rental: HKD 79,068 / 33 p.s.f.
Size: 2,396 s.f.
Fully Fitted, High Floor, Open View
Prop.#: 9487","79,068"
LL Tower,CENTRAL,"LL Tower
CENTRAL
Rental: HKD 79,002 / 34 p.s.f.
Price: HKD 97.7M / 42,000 p.s.f.
Size: 2,327 s.f.
Furnished, High Floor, City View
Prop.#: 76957","79,002"
Mirror Tower,TSIM SHA TSUI,"Mirror Tower
TSIM SHA TSUI
Rental: HKD 78,802 / 33 p.s.f.
Size: 2,380 s.f.
Bare Shell, High Floor, Open View
Prop.#: 14113","78,802"
Hollywood Centre,SHEUNG WAN,"Hollywood Centre
SHEUNG WAN
Rental: HKD 78,793 / 29 p.s.f.
Size: 2,717 s.f.
Bare Shell, City View
Prop.#: 90636","78,793"
Millennium City 2,KWUN TONG,"Millennium City 2
KWUN TONG
Rental: HKD 78,759 / 27 p.s.f.
Size: 2,917 s.f.
Fully Fitted, Mid Floor, City View
Prop.#: 25147","78,759"
Carnarvon Plaza,TSIM SHA TSUI,"Carnarvon Plaza
TSIM SHA TSUI
Rental: HKD 78,501 / 40 p.s.f.
Size: 1,964 s.f.
Fully Fitted, Mid Floor, City View
Prop.#: 77262","78,501"
"Hing Fat Street, 88",NORTH POINT,"Hing Fat Street, 88
NORTH POINT
Rental: HKD 78,300 / 29 p.s.f.
Size: 2,700 s.f.
Bare Shell, Low Floor, Partial Seaview
Prop.#: 1579","78,300"
"Queen's Road Central, 9",CENTRAL,"Queen's Road Central, 9
CENTRAL
Rental: HKD 78,280 / 40 p.s.f.
Size: 1,957 s.f.
Partially Fitted, Low Floor, City View
Prop.#: 89548","78,280"
Century Square,CENTRAL,"Century Square
CENTRAL
Rental: HKD 78,208 / 52 p.s.f.
Size: 1,504 s.f.
Fully Fitted, Mid Floor, City View
Prop.#: 23141","78,208"
Millennium City 1 - Tower 01,KWUN TONG,"Millennium City 1 - Tower 01
KWUN TONG
Rental: HKD 78,126 / 29 p.s.f.
Size: 2,694 s.f.
Bare Shell, Mid Floor, Open View
Prop.#: 27962","78,126"
YF Life Centre,WAN CHAI,"YF Life Centre
WAN CHAI
Rental: HKD 78,080 / 40 p.s.f.
Size: 1,952 s.f.
Bare Shell, High Floor, Sea View
Prop.#: 83327","78,080"
Golden Star Building,WAN CHAI,"Golden Star Building
WAN CHAI
Rental: HKD 78,000 / 78 p.s.f.
Size: 1,000 s.f.
Fully Fitted, Low Floor
Prop.#: 91217","78,000"
China Insurance Building,TSIM SHA TSUI,"China Insurance Building
TSIM SHA TSUI
Rental: HKD 77,980 / 28 p.s.f.
Size: 2,785 s.f.
Bare Shell, Low Floor, City View
Prop.#: 68865","77,980"
Health Aura,CAUSEWAY BAY,"Health Aura
CAUSEWAY BAY
Rental: HKD 77,960 / 40 p.s.f.
Size: 1,949 s.f.
Bare Shell, Low Floor
Prop.#: 85353","77,960"
Cosco Tower,SHEUNG WAN,"Cosco Tower
SHEUNG WAN
Rental: HKD 77,935 / 55 p.s.f.
Size: 1,417 s.f.
Fully Fitted, High Floor, Mountain View
Prop.#: 19637","77,935"
Shui On Centre,WAN CHAI,"Shui On Centre
WAN CHAI
Rental: HKD 77,922 / 39 p.s.f.
Size: 1,998 s.f.
Fully Fitted, Mid Floor, City View
Prop.#: 73147","77,922"
St. George's Building,CENTRAL,"St. George's Building
CENTRAL
Rental: HKD 77,900 / 100 p.s.f.
Size: 779 s.f.
Bare Shell, Low Floor, City View
Prop.#: 91177","77,900"
Health Aura,CAUSEWAY BAY,"Health Aura
CAUSEWAY BAY
Rental: HKD 77,880 / 40 p.s.f.
Size: 1,947 s.f.
Bare Shell, Low Floor
Prop.#: 85352","77,880"
"Hart Avenue, 8",TSIM SHA TSUI,"Hart Avenue, 8
TSIM SHA TSUI
Rental: HKD 77,796 / 36 p.s.f.
Price: HKD 35.0M / 16,196 p.s.f.
Size: 2,161 s.f.
Fully Fitted
Prop.#: 82921","77,796"
Prosperity Millennia Plaza,NORTH POINT,"Prosperity Millennia Plaza
NORTH POINT
Rental: HKD 77,688 / 24 p.s.f.
Size: 3,237 s.f.
Bare Shell, High Floor
Prop.#: 56061","77,688"
Printing House,CENTRAL,"Printing House
CENTRAL
Rental: HKD 77,660 / 55 p.s.f.
Size: 1,412 s.f.
Bare Shell, Low Floor
Prop.#: 59006","77,660"
Casey Building,SHEUNG WAN,"Casey Building
SHEUNG WAN
Rental: HKD 77,464 / 23 p.s.f.
Size: 3,368 s.f.
Fully Fitted, Mid Floor
Prop.#: 91615","77,464"
Hang Lung Centre,CAUSEWAY BAY,"Hang Lung Centre
CAUSEWAY BAY
Rental: HKD 77,440 / 55 p.s.f.
Size: 1,408 s.f.
Fully Fitted, Mid Floor
Prop.#: 91666","77,440"
New East Ocean Centre,TSIM SHA TSUI,"New East Ocean Centre
TSIM SHA TSUI
Rental: HKD 77,280 / 28 p.s.f.
Size: 2,760 s.f.
Fully Fitted, High Floor, Open View
Prop.#: 82315","77,280"
Jubilee Centre,WAN CHAI,"Jubilee Centre
WAN CHAI
Rental: HKD 77,070 / 35 p.s.f.
Size: 2,202 s.f.
Fully Fitted, Mid Floor, Partial Seaview
Prop.#: 1093","77,070"
Casey Building,SHEUNG WAN,"Casey Building
SHEUNG WAN
Rental: HKD 77,028 / 21 p.s.f.
Size: 3,668 s.f.
Bare Shell, Mid Floor, City View
Prop.#: 83370","77,028"
New Henry House,CENTRAL,"New Henry House
CENTRAL
Rental: HKD 77,000 / 70 p.s.f.
Size: 1,100 s.f.
Bare Shell, Low Floor, City View
Prop.#: 59675","77,000"
Overseas Trust Bank Building,WAN CHAI,"Overseas Trust Bank Building
WAN CHAI
Rental: HKD 77,000 / 25 p.s.f.
Size: 3,080 s.f.
Fully Fitted, High Floor, City View
Prop.#: 91501","77,000"
Lippo Centre - Tower 1,ADMIRALTY,"Lippo Centre - Tower 1
ADMIRALTY
Rental: HKD 76,991 / 42 p.s.f.
Size: 1,834 s.f.
Fully Fitted, Low Floor, Partial Seaview
Prop.#: 16543","76,991"
Trade Square,CHEUNG SHA WAN / LAI CHI KOK,"Trade Square
CHEUNG SHA WAN / LAI CHI KOK
Rental: HKD 76,813 / 21 p.s.f.
Size: 3,670 s.f.
Bare Shell, High Floor, City View
Prop.#: 89504","76,813"
Loke Yew Building,CENTRAL,"Loke Yew Building
CENTRAL
Rental: HKD 76,800 / 48 p.s.f.
Size: 1,600 s.f.
Bare Shell, Low Floor, City View
Prop.#: 15110","76,800"
Wai Fung Plaza,MONG KOK / TAI KOK TSUI,"Wai Fung Plaza
MONG KOK / TAI KOK TSUI
Rental: HKD 76,740 / 30 p.s.f.
Size: 2,558 s.f.
Low Floor
Prop.#: 92124","76,740"
China Insurance Group Building,SHEUNG WAN,"China Insurance Group Building
SHEUNG WAN
Rental: HKD 76,734 / 27 p.s.f.
Size: 2,842 s.f.
Fully Fitted, High Floor, Sea View
Prop.#: 88476","76,734"
Easey Commercial Building,WAN CHAI,"Easey Commercial Building
WAN CHAI
Rental: HKD 76,653 / 27 p.s.f.
Size: 2,839 s.f.
Fully Fitted, City View
Prop.#: 85543","76,653"
Chinachem Golden Plaza,TSIM SHA TSUI,"Chinachem Golden Plaza
TSIM SHA TSUI
Rental: HKD 76,636 / 23 p.s.f.
Size: 3,332 s.f.
Bare Shell, Low Floor, City View
Prop.#: 91838","76,636"
Central 88,CENTRAL,"Central 88
CENTRAL
Rental: HKD 76,480 / 40 p.s.f.
Size: 1,912 s.f.
Fully Fitted, Mid Floor, City View
Prop.#: 91680","76,480"
C C Wu Building,WAN CHAI,"C C Wu Building
WAN CHAI
Rental: HKD 76,412 / 28 p.s.f.
Size: 2,729 s.f.
Bare Shell, City View
Prop.#: 86176","76,412"
Tung Chiu Commercial Centre,WAN CHAI,"Tung Chiu Commercial Centre
WAN CHAI
Rental: HKD 76,311 / 28 p.s.f.
Size: 2,744 s.f.
Bare Shell, High Floor, Partial Seaview
Prop.#: 11369","76,311"
Times Tower,WAN CHAI,"Times Tower
WAN CHAI
Rental: HKD 76,291 / 23 p.s.f.
Price: HKD 21.0M / 6,331 p.s.f.
Size: 3,317 s.f.
Fully Fitted, Mid Floor
Prop.#: 5411","76,291"
TG Place,KWUN TONG,"TG Place
KWUN TONG
Rental: HKD 76,260 / 20 p.s.f.
Size: 3,813 s.f.
Fully Fitted, City View
Prop.#: 69027","76,260"
Times Square - Tower 2,CAUSEWAY BAY,"Times Square - Tower 2
CAUSEWAY BAY
Rental: HKD 76,250 / 50 p.s.f.
Size: 1,525 s.f.
Bare Shell, Partial Seaview
Prop.#: 92072","76,250"
Star House,TSIM SHA TSUI,"Star House
TSIM SHA TSUI
Rental: HKD 76,160 / 35 p.s.f.
Size: 2,176 s.f.
Partially Fitted, High Floor, Sea View
Prop.#: 9390","76,160"
Island Place Tower,NORTH POINT,"Island Place Tower
NORTH POINT
Rental: HKD 76,130 / 23 p.s.f.
Price: HKD 67.9M / 20,500 p.s.f.
Size: 3,310 s.f.
Bare Shell, Partial Seaview
Prop.#: 87504","76,130"
Li Dong Building,CENTRAL,"Li Dong Building
CENTRAL
Rental: HKD 75,768 / 33 p.s.f.
Size: 2,296 s.f.
Fully Fitted, Low Floor, City View
Prop.#: 74498","75,768"
Li Dong Building,CENTRAL,"Li Dong Building
CENTRAL
Rental: HKD 75,768 / 33 p.s.f.
Size: 2,296 s.f.
Bare Shell, Mid Floor, City View
Prop.#: 84475","75,768"
"Gateway, The - Tower 2",TSIM SHA TSUI,"Gateway, The - Tower 2
TSIM SHA TSUI
Rental: HKD 75,628 / 37 p.s.f.
Size: 2,044 s.f.
Bare Shell, Low Floor
Prop.#: 74627","75,628"
Lippo Centre - Tower 1,ADMIRALTY,"Lippo Centre - Tower 1
ADMIRALTY
Rental: HKD 75,600 / 35 p.s.f.
Size: 2,160 s.f.
Partially Fitted, Open View
Prop.#: 92149","75,600"
Methodist House,WAN CHAI,"Methodist House
WAN CHAI
Rental: HKD 75,600 / 24 p.s.f.
Size: 3,150 s.f.
Bare Shell, High Floor, City View
Prop.#: 10569","75,600"
Causeway Bay Plaza II,CAUSEWAY BAY,"Causeway Bay Plaza II
CAUSEWAY BAY
Rental: HKD 75,565 / 35 p.s.f.
Size: 2,159 s.f.
Fully Fitted, Mid Floor, City View
Prop.#: 29583","75,565"
The Centrium,CENTRAL,"The Centrium
CENTRAL
Rental: HKD 75,354 / 38 p.s.f.
Size: 1,983 s.f.
Fully Fitted, Mid Floor, City View
Prop.#: 2856","75,354"
AT Tower,NORTH POINT,"AT Tower
NORTH POINT
Rental: HKD 75,200 / 32 p.s.f.
Size: 2,350 s.f.
Fully Fitted, Mid Floor, Partial Seaview
Prop.#: 3435","75,200"
"The Chelsea (Jervois Street, 69)",SHEUNG WAN,"The Chelsea (Jervois Street, 69)
SHEUNG WAN
Rental: HKD 75,200 / 40 p.s.f.
Size: 1,880 s.f.
Partially Fitted, High Floor, City View
Prop.#: 55238","75,200"
Peninsula Centre,TSIM SHA TSUI,"Peninsula Centre
TSIM SHA TSUI
Rental: HKD 75,174 / 22 p.s.f.
Size: 3,417 s.f.
Fully Fitted, Mid Floor, Garden View
Prop.#: 24102","75,174"
Chinachem Cameron Centre,TSIM SHA TSUI,"Chinachem Cameron Centre
TSIM SHA TSUI
Rental: HKD 75,082 / 31 p.s.f.
Size: 2,422 s.f.
Fully Fitted, High Floor, City View
Prop.#: 46657","75,082"
The L Place,CENTRAL,"The L Place
CENTRAL
Rental: HKD 75,078 / 43 p.s.f.
Size: 1,746 s.f.
Fully Fitted, Mid Floor, City View
Prop.#: 84258","75,078"
Hong Kong Trade Centre,SHEUNG WAN,"Hong Kong Trade Centre
SHEUNG WAN
Rental: HKD 75,000 / 25 p.s.f.
Size: 3,000 s.f.
Bare Shell
Prop.#: 65673","75,000"
Ho Lee Commercial Building,CENTRAL,"Ho Lee Commercial Building
CENTRAL
Rental: HKD 74,994 / 52 p.s.f.
Price: HKD 35.0M / 24,137 p.s.f.
Size: 1,450 s.f.
Fully Fitted, Low Floor
Prop.#: 66723","74,994"
Baskerville House,CENTRAL,"Baskerville House
CENTRAL
Rental: HKD 74,910 / 55 p.s.f.
Size: 1,362 s.f.
Bare Shell, Low Floor, Garden View
Prop.#: 33089","74,910"
"Heung Yip Road, 41",WONG CHUK HANG,"Heung Yip Road, 41
WONG CHUK HANG
Rental: HKD 74,844 / 27 p.s.f.
Size: 2,772 s.f.
Fully Fitted, High Floor, Open View
Prop.#: 86671","74,844"
Global Commerce City 3 -Orient International Tower,CHEUNG SHA WAN / LAI CHI KOK,"Global Commerce City 3 -Orient International Tower
CHEUNG SHA WAN / LAI CHI KOK
Rental: HKD 74,750 / 25 p.s.f.
Size: 2,990 s.f.
Fully Fitted, Open View
Prop.#: 92192","74,750"
Energy Plaza,TSIM SHA TSUI,"Energy Plaza
TSIM SHA TSUI
Rental: HKD 74,730 / 30 p.s.f.
Size: 2,491 s.f.
Fully Fitted, High Floor, City View
Prop.#: 67023","74,730"
"Yee Wo Street, 68",CAUSEWAY BAY,"Yee Wo Street, 68
CAUSEWAY BAY
Rental: HKD 74,704 / 28 p.s.f.
Size: 2,668 s.f.
Bare Shell, Mid Floor
Prop.#: 17884","74,704"
Lippo Centre - Tower 2,ADMIRALTY,"Lippo Centre - Tower 2
ADMIRALTY
Rental: HKD 74,655 / 35 p.s.f.
Size: 2,133 s.f.
Fully Fitted, Low Floor, Garden View
Prop.#: 79038","74,655"
Nan Dao Commercial Building,SHEUNG WAN,"Nan Dao Commercial Building
SHEUNG WAN
Rental: HKD 74,640 / 24 p.s.f.
Price: HKD 21.1M / 6,800 p.s.f.
Size: 3,110 s.f.
Partially Fitted, Low Floor
Prop.#: 8057","74,640"
K Wah Centre,NORTH POINT,"K Wah Centre
NORTH POINT
Rental: HKD 74,592 / 21 p.s.f.
Size: 3,552 s.f.
Fully Fitted, Mid Floor, City View
Prop.#: 31407","74,592"
Convention Plaza Office Tower,WAN CHAI,"Convention Plaza Office Tower
WAN CHAI
Rental: HKD 74,578 / 49 p.s.f.
Size: 1,522 s.f.
Fully Fitted, High Floor, Open View
Prop.#: 1180","74,578"
The Centrium,CENTRAL,"The Centrium
CENTRAL
Rental: HKD 74,404 / 38 p.s.f.
Size: 1,958 s.f.
Fully Fitted, Mid Floor, City View
Prop.#: 10976","74,404"
Southgate Commercial Centre,TSIM SHA TSUI,"Southgate Commercial Centre
TSIM SHA TSUI
Rental: HKD 74,300 / 25 p.s.f.
Size: 2,972 s.f.
Bare Shell, Low Floor, City View
Prop.#: 22721","74,300"
Times Square - Tower 1,CAUSEWAY BAY,"Times Square - Tower 1
CAUSEWAY BAY
Rental: HKD 74,195 / 55 p.s.f.
Size: 1,349 s.f.
Fully Fitted, High Floor, Race Course View
Prop.#: 48624","74,195"
Kolling Centre,TSIM SHA TSUI,"Kolling Centre
TSIM SHA TSUI
Rental: HKD 74,175 / 75 p.s.f.
Size: 989 s.f.
Bare Shell, Low Floor
Prop.#: 81341","74,175"
Chinachem Johnston Plaza,WAN CHAI,"Chinachem Johnston Plaza
WAN CHAI
Rental: HKD 74,160 / 30 p.s.f.
Size: 2,472 s.f.
Fully Fitted, Low Floor, City View
Prop.#: 13814","74,160"
"Chinachem Exchange Square, Two",NORTH POINT,"Chinachem Exchange Square, Two
NORTH POINT
Rental: HKD 74,046 / 21 p.s.f.
Size: 3,526 s.f.
Fully Fitted, Mid Floor, City View
Prop.#: 58168","74,046"
"Chinachem Exchange Square, Two",NORTH POINT,"Chinachem Exchange Square, Two
NORTH POINT
Rental: HKD 73,825 / 25 p.s.f.
Size: 2,953 s.f.
Fully Fitted, High Floor, City View
Prop.#: 18147","73,825"
Hon Kwok Jordan Centre,TSIM SHA TSUI,"Hon Kwok Jordan Centre
TSIM SHA TSUI
Rental: HKD 73,752 / 28 p.s.f.
Size: 2,634 s.f.
Fully Fitted, Mid Floor
Prop.#: 25851","73,752"
Millennium City 3,KWUN TONG,"Millennium City 3
KWUN TONG
Rental: HKD 73,656 / 18 p.s.f.
Size: 4,092 s.f.
Fully Fitted, Low Floor, City View
Prop.#: 76011","73,656"
Two Chinachem Plaza,SHEUNG WAN,"Two Chinachem Plaza
SHEUNG WAN
Rental: HKD 73,620 / 36 p.s.f.
Size: 2,045 s.f.
Low Floor, Partial Seaview
Prop.#: 92184","73,620"
Unicorn Trade Centre,CENTRAL,"Unicorn Trade Centre
CENTRAL
Rental: HKD 73,600 / 40 p.s.f.
Size: 1,840 s.f.
Bare Shell, Low Floor, City View
Prop.#: 77553","73,600"
New Henry House,CENTRAL,"New Henry House
CENTRAL
Rental: HKD 73,500 / 70 p.s.f.
Size: 1,050 s.f.
Fully Fitted, Mid Floor, City View
Prop.#: 85815","73,500"
New Henry House,CENTRAL,"New Henry House
CENTRAL
Rental: HKD 73,500 / 70 p.s.f.
Size: 1,050 s.f.
Bare Shell, Low Floor, City View
Prop.#: 85818","73,500"
Times Square - Tower 2,CAUSEWAY BAY,"Times Square - Tower 2
CAUSEWAY BAY
Rental: HKD 73,488 / 48 p.s.f.
Size: 1,531 s.f.
Bare Shell, High Floor, Race Course View
Prop.#: 39185","73,488"
LKF29 (Onfem Tower),CENTRAL,"LKF29 (Onfem Tower)
CENTRAL
Rental: HKD 73,392 / 33 p.s.f.
Size: 2,224 s.f.
Fully Fitted, Mid Floor, Open View
Prop.#: 18499","73,392"
"Yee Wo Street, 68",CAUSEWAY BAY,"Yee Wo Street, 68
CAUSEWAY BAY
Rental: HKD 73,304 / 28 p.s.f.
Size: 2,618 s.f.
Fully Fitted, Mid Floor, City View
Prop.#: 52000","73,304"
Concordia Plaza,TSIM SHA TSUI,"Concordia Plaza
TSIM SHA TSUI
Rental: HKD 73,280 / 32 p.s.f.
Price: HKD 36.2M / 15,800 p.s.f.
Size: 2,290 s.f.
Mid Floor, Open View
Prop.#: 43839","73,280"
Convention Plaza Office Tower,WAN CHAI,"Convention Plaza Office Tower
WAN CHAI
Rental: HKD 73,157 / 49 p.s.f.
Size: 1,493 s.f.
Fully Fitted, High Floor, Open View
Prop.#: 19381","73,157"
First Commercial Building,CAUSEWAY BAY,"First Commercial Building
CAUSEWAY BAY
Rental: HKD 73,120 / 32 p.s.f.
Price: HKD 52.6M / 23,000 p.s.f.
Size: 2,285 s.f.
Furnished, High Floor, Race Course View
Prop.#: 22254","73,120"
New Henry House,CENTRAL,"New Henry House
CENTRAL
Rental: HKD 73,010 / 70 p.s.f.
Size: 1,043 s.f.
Bare Shell, Low Floor, City View
Prop.#: 65687","73,010"
Concordia Plaza,TSIM SHA TSUI,"Concordia Plaza
TSIM SHA TSUI
Rental: HKD 72,930 / 30 p.s.f.
Price: HKD 24.3M / 10,000 p.s.f.
Size: 2,431 s.f.
Fully Fitted, Mid Floor
Prop.#: 81221","72,930"
Guangdong Finance Building,SHEUNG WAN,"Guangdong Finance Building
SHEUNG WAN
Rental: HKD 72,800 / 20 p.s.f.
Size: 3,640 s.f.
Fully Fitted, Low Floor, Sea View
Prop.#: 50648","72,800"
Shui On Centre,WAN CHAI,"Shui On Centre
WAN CHAI
Rental: HKD 72,792 / 36 p.s.f.
Size: 2,022 s.f.
High Floor
Prop.#: 91945","72,792"
Chuang's Tower,CENTRAL,"Chuang's Tower
CENTRAL
Rental: HKD 72,675 / 45 p.s.f.
Size: 1,615 s.f.
Bare Shell, Low Floor
Prop.#: 28486","72,675"
Leighton Centre,CAUSEWAY BAY,"Leighton Centre
CAUSEWAY BAY
Rental: HKD 72,662 / 47 p.s.f.
Size: 1,546 s.f.
Fully Fitted, Mid Floor, City View
Prop.#: 33992","72,662"
C C Wu Building,WAN CHAI,"C C Wu Building
WAN CHAI
Rental: HKD 72,604 / 28 p.s.f.
Size: 2,593 s.f.
Bare Shell, Mid Floor, City View
Prop.#: 85984","72,604"
China Resources Building,WAN CHAI,"China Resources Building
WAN CHAI
Rental: HKD 72,540 / 52 p.s.f.
Size: 1,395 s.f.
Bare Shell, Mid Floor
Prop.#: 91151","72,540"
"Electric Road, 228",NORTH POINT,"Electric Road, 228
NORTH POINT
Rental: HKD 72,520 / 35 p.s.f.
Size: 2,072 s.f.
Bare Shell, Mid Floor
Prop.#: 91466","72,520"
"Electric Road, 228",NORTH POINT,"Electric Road, 228
NORTH POINT
Rental: HKD 72,520 / 35 p.s.f.
Size: 2,072 s.f.
Bare Shell, High Floor, Partial Seaview
Prop.#: 90540","72,520"
"Electric Road, 148",NORTH POINT,"Electric Road, 148
NORTH POINT
Rental: HKD 72,380 / 28 p.s.f.
Size: 2,585 s.f.
Bare Shell, Low Floor, City View
Prop.#: 756","72,380"
Health Aura,CAUSEWAY BAY,"Health Aura
CAUSEWAY BAY
Rental: HKD 72,320 / 40 p.s.f.
Size: 1,808 s.f.
Bare Shell, Mid Floor
Prop.#: 85356","72,320"
Health Aura,CAUSEWAY BAY,"Health Aura
CAUSEWAY BAY
Rental: HKD 72,320 / 40 p.s.f.
Size: 1,808 s.f.
Bare Shell, Mid Floor
Prop.#: 85357","72,320"
Health Aura,CAUSEWAY BAY,"Health Aura
CAUSEWAY BAY
Rental: HKD 72,320 / 40 p.s.f.
Size: 1,808 s.f.
Bare Shell, Mid Floor
Prop.#: 85358","72,320"
Chinachem Leighton Plaza,CAUSEWAY BAY,"Chinachem Leighton Plaza
CAUSEWAY BAY
Rental: HKD 72,216 / 36 p.s.f.
Size: 2,006 s.f.
Fully Fitted, Mid Floor, Race Course View
Prop.#: 9438","72,216"
"Electric Road, 148",NORTH POINT,"Electric Road, 148
NORTH POINT
Rental: HKD 72,184 / 28 p.s.f.
Size: 2,578 s.f.
Fully Fitted, High Floor, Partial Seaview
Prop.#: 1446","72,184"
"Johnston Road, 208",WAN CHAI,"Johnston Road, 208
WAN CHAI
Rental: HKD 72,150 / 39 p.s.f.
Size: 1,850 s.f.
Bare Shell, Low Floor
Prop.#: 89641","72,150"
Capital Centre,WAN CHAI,"Capital Centre
WAN CHAI
Rental: HKD 72,050 / 25 p.s.f.
Size: 2,882 s.f.
Bare Shell, Low Floor, City View
Prop.#: 680","72,050"
Admiralty Centre - Tower 1,ADMIRALTY,"Admiralty Centre - Tower 1
ADMIRALTY
Rental: HKD 72,009 / 27 p.s.f.
Price: HKD 93.3M / 35,000 p.s.f.
Size: 2,667 s.f.
Fully Fitted, Mid Floor, City View
Prop.#: 43256","72,009"
North Point Industrial Building,NORTH POINT,"North Point Industrial Building
NORTH POINT
Rental: HKD 72,000 / 16 p.s.f.
Size: 4,500 s.f.
Bare Shell, Mid Floor, Partial Seaview
Prop.#: 83915","72,000"
North Point Industrial Building,NORTH POINT,"North Point Industrial Building
NORTH POINT
Rental: HKD 72,000 / 16 p.s.f.
Size: 4,500 s.f.
Bare Shell, Mid Floor, City View
Prop.#: 83916","72,000"
Neich Tower,WAN CHAI,"Neich Tower
WAN CHAI
Rental: HKD 71,994 / 30 p.s.f.
Size: 2,399 s.f.
Fully Fitted, Mid Floor, City View
Prop.#: 12663","71,994"
Tai Yau Building,WAN CHAI,"Tai Yau Building
WAN CHAI
Rental: HKD 71,764 / 44 p.s.f.
Size: 1,631 s.f.
Fully Fitted, Mid Floor, City View
Prop.#: 14821","71,764"
World Finance Centre - South,TSIM SHA TSUI,"World Finance Centre - South
TSIM SHA TSUI
Rental: HKD 71,717 / 29 p.s.f.
Size: 2,473 s.f.
Bare Shell, Mid Floor
Prop.#: 86401","71,717"
Wilson House,CENTRAL,"Wilson House
CENTRAL
Rental: HKD 71,709 / 33 p.s.f.
Size: 2,173 s.f.
Bare Shell, Mid Floor, City View
Prop.#: 15310","71,709"
World Trade Centre,CAUSEWAY BAY,"World Trade Centre
CAUSEWAY BAY
Rental: HKD 71,668 / 41 p.s.f.
Size: 1,748 s.f.
Bare Shell, High Floor, City View
Prop.#: 86773","71,668"
Plaza 2000,CAUSEWAY BAY,"Plaza 2000
CAUSEWAY BAY
Rental: HKD 71,610 / 35 p.s.f.
Size: 2,046 s.f.
Fully Fitted, High Floor, Partial Seaview
Prop.#: 18033","71,610"
Plaza 2000,CAUSEWAY BAY,"Plaza 2000
CAUSEWAY BAY
Rental: HKD 71,610 / 35 p.s.f.
Size: 2,046 s.f.
Fully Fitted, City View
Prop.#: 27609","71,610"
Central Plaza,WAN CHAI,"Central Plaza
WAN CHAI
Rental: HKD 71,500 / 52 p.s.f.
Size: 1,375 s.f.
Bare Shell, Low Floor, City View
Prop.#: 2711","71,500"
The Wave,TSIM SHA TSUI,"The Wave
TSIM SHA TSUI
Rental: HKD 71,460 / 30 p.s.f.
Size: 2,382 s.f.
Low Floor
Prop.#: 83247","71,460"
Taurus Building,TSIM SHA TSUI,"Taurus Building
TSIM SHA TSUI
Rental: HKD 71,400 / 34 p.s.f.
Size: 2,100 s.f.
Bare Shell, High Floor, City View
Prop.#: 57697","71,400"
Park Commercial Centre,CAUSEWAY BAY,"Park Commercial Centre
CAUSEWAY BAY
Rental: HKD 71,370 / 30 p.s.f.
Size: 2,379 s.f.
Fully Fitted, Mid Floor, Open View
Prop.#: 79942","71,370"
Landmark South,WONG CHUK HANG,"Landmark South
WONG CHUK HANG
Rental: HKD 71,334 / 27 p.s.f.
Size: 2,642 s.f.
Bare Shell, High Floor, Mountain View
Prop.#: 83548","71,334"
Strand 50 (Bonham Trade Centre),SHEUNG WAN,"Strand 50 (Bonham Trade Centre)
SHEUNG WAN
Rental: HKD 71,190 / 30 p.s.f.
Size: 2,373 s.f.
Bare Shell
Prop.#: 91343","71,190"
Chinachem Exchange Square,QUARRY BAY,"Chinachem Exchange Square
QUARRY BAY
Rental: HKD 71,139 / 23 p.s.f.
Size: 3,093 s.f.
Bare Shell, Mid Floor
Prop.#: 90280","71,139"
Lippo Sun Plaza,TSIM SHA TSUI,"Lippo Sun Plaza
TSIM SHA TSUI
Rental: HKD 70,989 / 27 p.s.f.
Price: HKD 36.9M / 14,000 p.s.f.
Size: 2,639 s.f.
Fully Fitted, Mid Floor, City View
Prop.#: 56854","70,989"
Southland Building,CENTRAL,"Southland Building
CENTRAL
Rental: HKD 70,875 / 45 p.s.f.
Size: 1,575 s.f.
Bare Shell, Mid Floor, Partial Seaview
Prop.#: 68816","70,875"
Lucky Building,CENTRAL,"Lucky Building
CENTRAL
Rental: HKD 70,848 / 32 p.s.f.
Size: 2,214 s.f.
Partially Fitted, Mid Floor, City View
Prop.#: 16792","70,848"
"Sea View Estate, Block B",NORTH POINT,"Sea View Estate, Block B
NORTH POINT
Rental: HKD 70,836 / 12 p.s.f.
Size: 5,903 s.f.
Bare Shell, Open View
Prop.#: 91895","70,836"
New World Tower 1,CENTRAL,"New World Tower 1
CENTRAL
Rental: HKD 70,800 / 75 p.s.f.
Size: 944 s.f.
Bare Shell, City View
Prop.#: 90753","70,800"
Asia Standard Tower,CENTRAL,"Asia Standard Tower
CENTRAL
Rental: HKD 70,785 / 39 p.s.f.
Size: 1,815 s.f.
Bare Shell, Mid Floor, City View
Prop.#: 38856","70,785"
Bartlock Centre,CAUSEWAY BAY,"Bartlock Centre
CAUSEWAY BAY
Rental: HKD 70,595 / 35 p.s.f.
Size: 2,017 s.f.
Bare Shell, High Floor, City View
Prop.#: 41926","70,595"
Bartlock Centre,CAUSEWAY BAY,"Bartlock Centre
CAUSEWAY BAY
Rental: HKD 70,595 / 35 p.s.f.
Size: 2,017 s.f.
High Floor
Prop.#: 91293","70,595"
Bartlock Centre,CAUSEWAY BAY,"Bartlock Centre
CAUSEWAY BAY
Rental: HKD 70,595 / 35 p.s.f.
Size: 2,017 s.f.
Bare Shell, High Floor, City View
Prop.#: 63839","70,595"
The Centrium,CENTRAL,"The Centrium
CENTRAL
Rental: HKD 70,528 / 38 p.s.f.
Size: 1,856 s.f.
Bare Shell, Mid Floor, City View
Prop.#: 1150","70,528"
"Chinese Bank Building, The",CENTRAL,"Chinese Bank Building, The
CENTRAL
Rental: HKD 70,524 / 36 p.s.f.
Size: 1,959 s.f.
Fully Fitted, High Floor, City View
Prop.#: 46548","70,524"
Harcourt House,WAN CHAI,"Harcourt House
WAN CHAI
Rental: HKD 70,362 / 27 p.s.f.
Size: 2,606 s.f.
Partially Fitted, Low Floor, City View
Prop.#: 76521","70,362"
China Hong Kong Tower,WAN CHAI,"China Hong Kong Tower
WAN CHAI
Rental: HKD 70,035 / 29 p.s.f.
Size: 2,415 s.f.
Bare Shell, Mid Floor, City View
Prop.#: 74003","70,035"
Wings Building,CENTRAL,"Wings Building
CENTRAL
Rental: HKD 70,002 / 34 p.s.f.
Price: HKD 39.7M / 19,000 p.s.f.
Size: 2,089 s.f.
Fully Fitted, High Floor, City View
Prop.#: 61522","70,002"
Sang Woo Building,WAN CHAI,"Sang Woo Building
WAN CHAI
Rental: HKD 70,001 / 41 p.s.f.
Size: 1,728 s.f.
Low Floor
Prop.#: 65521","70,001"
Abdoolally House,CENTRAL,"Abdoolally House
CENTRAL
Rental: HKD 70,000 / 40 p.s.f.
Size: 1,750 s.f.
Fully Fitted, Mid Floor
Prop.#: 52141","70,000"
Bonham Centre,SHEUNG WAN,"Bonham Centre
SHEUNG WAN
Rental: HKD 70,000 / 25 p.s.f.
Size: 2,800 s.f.
Fully Fitted, Low Floor, City View
Prop.#: 16834","70,000"
Sea Bird House,CENTRAL,"Sea Bird House
CENTRAL
Rental: HKD 69,998 / 93 p.s.f.
Size: 750 s.f.
Fully Fitted, Low Floor
Prop.#: 31090","69,998"
Coasia Building,CAUSEWAY BAY,"Coasia Building
CAUSEWAY BAY
Rental: HKD 69,997 / 45 p.s.f.
Size: 1,560 s.f.
Fully Fitted, City View
Prop.#: 32691","69,997"
Coasia Building,CAUSEWAY BAY,"Coasia Building
CAUSEWAY BAY
Rental: HKD 69,997 / 45 p.s.f.
Size: 1,560 s.f.
Fully Fitted, Low Floor, City View
Prop.#: 19395","69,997"
"Lyndhurst Terrace, 46",CENTRAL,"Lyndhurst Terrace, 46
CENTRAL
Rental: HKD 69,995 / 32 p.s.f.
Size: 2,161 s.f.
Fully Fitted, Mid Floor, City View
Prop.#: 84424","69,995"
Bangkok Bank Building,SHEUNG WAN,"Bangkok Bank Building
SHEUNG WAN
Rental: HKD 69,805 / 23 p.s.f.
Size: 3,035 s.f.
Fully Fitted, Low Floor
Prop.#: 66018","69,805"
Shui On Centre,WAN CHAI,"Shui On Centre
WAN CHAI
Rental: HKD 69,804 / 42 p.s.f.
Size: 1,662 s.f.
Bare Shell, High Floor, Partial Seaview
Prop.#: 68742","69,804"
World Wide House,CENTRAL,"World Wide House
CENTRAL
Rental: HKD 69,799 / 351 p.s.f.
Size: 199 s.f.
Prop.#: 91111","69,799"
Harbour Centre,WAN CHAI,"Harbour Centre
WAN CHAI
Rental: HKD 69,784 / 52 p.s.f.
Size: 1,342 s.f.
Bare Shell, Mid Floor, City View
Prop.#: 24171","69,784"
Harbour Centre,WAN CHAI,"Harbour Centre
WAN CHAI
Rental: HKD 69,784 / 52 p.s.f.
Size: 1,342 s.f.
Bare Shell, Mid Floor, City View
Prop.#: 13399","69,784"
"Chinese Bank Building, The",CENTRAL,"Chinese Bank Building, The
CENTRAL
Rental: HKD 69,720 / 35 p.s.f.
Size: 1,992 s.f.
Fully Fitted, Low Floor, City View
Prop.#: 49923","69,720"
Tai Yip Building,WAN CHAI,"Tai Yip Building
WAN CHAI
Rental: HKD 69,471 / 31 p.s.f.
Size: 2,241 s.f.
Fully Fitted, High Floor, Open View
Prop.#: 15916","69,471"
Tai Yip Building,WAN CHAI,"Tai Yip Building
WAN CHAI
Rental: HKD 69,471 / 31 p.s.f.
Size: 2,241 s.f.
Fully Fitted, High Floor, Mountain View
Prop.#: 14893","69,471"
Tai Yip Building,WAN CHAI,"Tai Yip Building
WAN CHAI
Rental: HKD 69,471 / 31 p.s.f.
Size: 2,241 s.f.
Fully Fitted, High Floor, City View
Prop.#: 33555","69,471"
"Cheung Sha Wan Road, 909",CHEUNG SHA WAN / LAI CHI KOK,"Cheung Sha Wan Road, 909
CHEUNG SHA WAN / LAI CHI KOK
Rental: HKD 69,390 / 30 p.s.f.
Size: 2,313 s.f.
Bare Shell, High Floor
Prop.#: 89953","69,390"
China Hong Kong City - Tower 2,TSIM SHA TSUI,"China Hong Kong City - Tower 2
TSIM SHA TSUI
Rental: HKD 69,384 / 28 p.s.f.
Size: 2,478 s.f.
Bare Shell, City View
Prop.#: 89062","69,384"
Plaza 228,WAN CHAI,"Plaza 228
WAN CHAI
Rental: HKD 69,328 / 28 p.s.f.
Size: 2,476 s.f.
Fully Fitted, Low Floor, City View
Prop.#: 86435","69,328"
New Henry House,CENTRAL,"New Henry House
CENTRAL
Rental: HKD 69,300 / 70 p.s.f.
Size: 990 s.f.
Bare Shell, Low Floor, City View
Prop.#: 87863","69,300"
"Yee Wo Street, 68",CAUSEWAY BAY,"Yee Wo Street, 68
CAUSEWAY BAY
Rental: HKD 69,216 / 28 p.s.f.
Size: 2,472 s.f.
Bare Shell, City View
Prop.#: 89820","69,216"
"Chinese Bank Building, The",CENTRAL,"Chinese Bank Building, The
CENTRAL
Rental: HKD 69,084 / 36 p.s.f.
Size: 1,919 s.f.
Fully Fitted, High Floor, City View
Prop.#: 32655","69,084"
The Wave,TSIM SHA TSUI,"The Wave
TSIM SHA TSUI
Rental: HKD 69,078 / 29 p.s.f.
Size: 2,382 s.f.
Bare Shell, Low Floor
Prop.#: 63832","69,078"
Park Commercial Centre,CAUSEWAY BAY,"Park Commercial Centre
CAUSEWAY BAY
Rental: HKD 68,610 / 30 p.s.f.
Size: 2,287 s.f.
Bare Shell, Mid Floor, Park View
Prop.#: 1283","68,610"
China Insurance Group Building,SHEUNG WAN,"China Insurance Group Building
SHEUNG WAN
Rental: HKD 68,450 / 25 p.s.f.
Size: 2,738 s.f.
Bare Shell, Low Floor, City View
Prop.#: 75562","68,450"
Wilson House,CENTRAL,"Wilson House
CENTRAL
Rental: HKD 68,416 / 32 p.s.f.
Size: 2,138 s.f.
Partially Fitted, Low Floor
Prop.#: 89442","68,416"
K Wah Centre,NORTH POINT,"K Wah Centre
NORTH POINT
Rental: HKD 68,400 / 19 p.s.f.
Size: 3,600 s.f.
Fully Fitted, High Floor, Partial Seaview
Prop.#: 23724","68,400"
Houston Centre,TSIM SHA TSUI,"Houston Centre
TSIM SHA TSUI
Rental: HKD 68,302 / 26 p.s.f.
Size: 2,627 s.f.
Fully Fitted, Low Floor
Prop.#: 89733","68,302"
Millennium City 1 - Tower 01,KWUN TONG,"Millennium City 1 - Tower 01
KWUN TONG
Rental: HKD 68,288 / 32 p.s.f.
Size: 2,134 s.f.
Bare Shell, High Floor
Prop.#: 84830","68,288"
Chun Wo Commercial Centre,SHEUNG WAN,"Chun Wo Commercial Centre
SHEUNG WAN
Rental: HKD 68,125 / 25 p.s.f.
Size: 2,725 s.f.
Fully Fitted, Mid Floor, City View
Prop.#: 45203","68,125"
Coasia Building,CAUSEWAY BAY,"Coasia Building
CAUSEWAY BAY
Rental: HKD 68,008 / 43 p.s.f.
Size: 1,586 s.f.
Fully Fitted, Low Floor, City View
Prop.#: 82939","68,008"
Tung Ming Building,CENTRAL,"Tung Ming Building
CENTRAL
Rental: HKD 68,002 / 62 p.s.f.
Size: 1,100 s.f.
Bare Shell, High Floor
Prop.#: 85336","68,002"
Humphrey's Building,TSIM SHA TSUI,"Humphrey's Building
TSIM SHA TSUI
Rental: HKD 68,001 / 31 p.s.f.
Size: 2,195 s.f.
Fully Fitted
Prop.#: 86974","68,001"
Perfect Commercial Building,TSIM SHA TSUI,"Perfect Commercial Building
TSIM SHA TSUI
Rental: HKD 68,000 / 27 p.s.f.
Price: HKD 23.0M / 9,200 p.s.f.
Size: 2,500 s.f.
Fully Fitted, Mid Floor, City View
Prop.#: 72675","68,000"
Tung Ning Building,SHEUNG WAN,"Tung Ning Building
SHEUNG WAN
Rental: HKD 67,998 / 79 p.s.f.
Size: 859 s.f.
Low Floor
Prop.#: 90275","67,998"
Katherine House,TSIM SHA TSUI,"Katherine House
TSIM SHA TSUI
Rental: HKD 67,996 / 24 p.s.f.
Price: HKD 21.8M / 7,697 p.s.f.
Size: 2,832 s.f.
Bare Shell, Mid Floor, Garden View
Prop.#: 54885","67,996"
Bartlock Centre,CAUSEWAY BAY,"Bartlock Centre
CAUSEWAY BAY
Rental: HKD 67,993 / 34 p.s.f.
Size: 2,017 s.f.
Fully Fitted, High Floor, City View
Prop.#: 79934","67,993"
Hong Kong Trade Centre,SHEUNG WAN,"Hong Kong Trade Centre
SHEUNG WAN
Rental: HKD 67,985 / 19 p.s.f.
Size: 3,490 s.f.
Fully Fitted, Low Floor, City View
Prop.#: 36056","67,985"
"Grand Plaza Office Tower, One",MONG KOK / TAI KOK TSUI,"Grand Plaza Office Tower, One
MONG KOK / TAI KOK TSUI
Rental: HKD 67,950 / 45 p.s.f.
Size: 1,510 s.f.
Bare Shell, Mid Floor, City View
Prop.#: 53611","67,950"
"Chinachem Exchange Square, Two",NORTH POINT,"Chinachem Exchange Square, Two
NORTH POINT
Rental: HKD 67,919 / 23 p.s.f.
Size: 2,953 s.f.
Fully Fitted, High Floor, Open View
Prop.#: 22147","67,919"
Jubilee Centre,WAN CHAI,"Jubilee Centre
WAN CHAI
Rental: HKD 67,904 / 35 p.s.f.
Size: 1,939 s.f.
Fully Fitted, High Floor, Partial Seaview
Prop.#: 55439","67,904"
"Chinese Bank Building, The",CENTRAL,"Chinese Bank Building, The
CENTRAL
Rental: HKD 67,900 / 35 p.s.f.
Size: 1,940 s.f.
Bare Shell, High Floor, City View
Prop.#: 32654","67,900"
Hong Kong Pacific Centre,TSIM SHA TSUI,"Hong Kong Pacific Centre
TSIM SHA TSUI
Rental: HKD 67,890 / 62 p.s.f.
Size: 1,095 s.f.
Bare Shell, Mid Floor, City View
Prop.#: 19362","67,890"
"Chinese Bank Building, The",CENTRAL,"Chinese Bank Building, The
CENTRAL
Rental: HKD 67,728 / 34 p.s.f.
Size: 1,992 s.f.
Fully Fitted, Mid Floor, Partial Seaview
Prop.#: 14875","67,728"
The Phoenix,WAN CHAI,"The Phoenix
WAN CHAI
Rental: HKD 67,680 / 30 p.s.f.
Size: 2,256 s.f.
Fully Fitted, Mid Floor, City View
Prop.#: 25978","67,680"
The Phoenix,WAN CHAI,"The Phoenix
WAN CHAI
Rental: HKD 67,680 / 30 p.s.f.
Size: 2,256 s.f.
Bare Shell, High Floor, City View
Prop.#: 88429","67,680"
China Hong Kong Tower,WAN CHAI,"China Hong Kong Tower
WAN CHAI
Rental: HKD 67,620 / 28 p.s.f.
Size: 2,415 s.f.
Fully Fitted, Mid Floor, Partial Seaview
Prop.#: 7442","67,620"
Bupa Centre,SHEUNG WAN,"Bupa Centre
SHEUNG WAN
Rental: HKD 67,600 / 26 p.s.f.
Size: 2,600 s.f.
Furnished, Low Floor, Partial Seaview
Prop.#: 23980","67,600"
Grand Central Plaza - Tower 01,SHATIN / FO TAN,"Grand Central Plaza - Tower 01
SHATIN / FO TAN
Rental: HKD 67,550 / 35 p.s.f.
Size: 1,930 s.f.
Mid Floor
Prop.#: 42235","67,550"
H Code,CENTRAL,"H Code
CENTRAL
Rental: HKD 67,500 / 75 p.s.f.
Size: 900 s.f.
Fully Fitted, Low Floor
Prop.#: 89047","67,500"
China Minmetals Tower,TSIM SHA TSUI,"China Minmetals Tower
TSIM SHA TSUI
Rental: HKD 67,396 / 29 p.s.f.
Size: 2,324 s.f.
High Floor, City View
Prop.#: 80705","67,396"
New Mandarin Plaza - Tower A,TSIM SHA TSUI,"New Mandarin Plaza - Tower A
TSIM SHA TSUI
Rental: HKD 67,340 / 26 p.s.f.
Size: 2,590 s.f.
Fully Fitted, High Floor, City View
Prop.#: 61410","67,340"
Kingston International Centre,KOWLOON BAY,"Kingston International Centre
KOWLOON BAY
Rental: HKD 67,188 / 22 p.s.f.
Size: 3,054 s.f.
Fully Fitted, Low Floor, City View
Prop.#: 84771","67,188"
Hang Lung Centre,CAUSEWAY BAY,"Hang Lung Centre
CAUSEWAY BAY
Rental: HKD 66,990 / 55 p.s.f.
Size: 1,218 s.f.
Bare Shell, Mid Floor
Prop.#: 90818","66,990"
Jubilee Centre,WAN CHAI,"Jubilee Centre
WAN CHAI
Rental: HKD 66,990 / 35 p.s.f.
Size: 1,914 s.f.
Bare Shell, Mid Floor, Partial Seaview
Prop.#: 13262","66,990"
Haleson Building,SHEUNG WAN,"Haleson Building
SHEUNG WAN
Rental: HKD 66,960 / 31 p.s.f.
Size: 2,160 s.f.
Prop.#: 90745","66,960"
Richmond Plaza,CAUSEWAY BAY,"Richmond Plaza
CAUSEWAY BAY
Rental: HKD 66,846 / 26 p.s.f.
Size: 2,571 s.f.
Bare Shell, Low Floor, City View
Prop.#: 89875","66,846"
Shun Tak Centre - West Tower,SHEUNG WAN,"Shun Tak Centre - West Tower
SHEUNG WAN
Rental: HKD 66,825 / 45 p.s.f.
Size: 1,485 s.f.
Fully Fitted, High Floor, Sea View
Prop.#: 77028","66,825"
China Overseas Building,WAN CHAI,"China Overseas Building
WAN CHAI
Rental: HKD 66,815 / 35 p.s.f.
Size: 1,909 s.f.
Fully Fitted, Low Floor, City View
Prop.#: 12269","66,815"
Trade Square,CHEUNG SHA WAN / LAI CHI KOK,"Trade Square
CHEUNG SHA WAN / LAI CHI KOK
Rental: HKD 66,810 / 23 p.s.f.
Size: 2,920 s.f.
Bare Shell, High Floor
Prop.#: 56250","66,810"
Hip Shing Hong Kowloon Centre,JORDAN,"Hip Shing Hong Kowloon Centre
JORDAN
Rental: HKD 66,794 / 30 p.s.f.
Size: 2,211 s.f.
Mid Floor
Prop.#: 65209","66,794"
Honest Building,CAUSEWAY BAY,"Honest Building
CAUSEWAY BAY
Rental: HKD 66,776 / 34 p.s.f.
Size: 1,964 s.f.
Fully Fitted, High Floor, Open View
Prop.#: 49284","66,776"
Exchange Tower,KOWLOON BAY,"Exchange Tower
KOWLOON BAY
Rental: HKD 66,766 / 19 p.s.f.
Size: 3,514 s.f.
Bare Shell, Low Floor
Prop.#: 44558","66,766"
China Hong Kong Tower,WAN CHAI,"China Hong Kong Tower
WAN CHAI
Rental: HKD 66,712 / 31 p.s.f.
Size: 2,152 s.f.
Furnished, High Floor, Partial Seaview
Prop.#: 53332","66,712"
China Hong Kong Tower,WAN CHAI,"China Hong Kong Tower
WAN CHAI
Rental: HKD 66,712 / 31 p.s.f.
Size: 2,152 s.f.
Fully Fitted, High Floor, City View
Prop.#: 56709","66,712"
Millennium City 2,KWUN TONG,"Millennium City 2
KWUN TONG
Rental: HKD 66,696 / 28 p.s.f.
Size: 2,382 s.f.
Fully Fitted, High Floor, Open View
Prop.#: 48851","66,696"
"Kodak House, Block 2",NORTH POINT,"Kodak House, Block 2
NORTH POINT
Rental: HKD 66,672 / 16 p.s.f.
Size: 4,167 s.f.
Bare Shell, High Floor, Sea View
Prop.#: 43003","66,672"
Chinachem Golden Plaza,TSIM SHA TSUI,"Chinachem Golden Plaza
TSIM SHA TSUI
Rental: HKD 66,640 / 28 p.s.f.
Size: 2,380 s.f.
Fully Fitted, Mid Floor, City View
Prop.#: 87640","66,640"
Casey Building,SHEUNG WAN,"Casey Building
SHEUNG WAN
Rental: HKD 66,591 / 21 p.s.f.
Size: 3,171 s.f.
Bare Shell, Low Floor, City View
Prop.#: 75046","66,591"
China Insurance Building,TSIM SHA TSUI,"China Insurance Building
TSIM SHA TSUI
Rental: HKD 66,584 / 28 p.s.f.
Size: 2,378 s.f.
Fully Fitted, Low Floor, City View
Prop.#: 36613","66,584"
China Insurance Building,TSIM SHA TSUI,"China Insurance Building
TSIM SHA TSUI
Rental: HKD 66,584 / 28 p.s.f.
Size: 2,378 s.f.
Bare Shell, Low Floor, City View
Prop.#: 52302","66,584"
Li Dong Building,CENTRAL,"Li Dong Building
CENTRAL
Rental: HKD 66,584 / 29 p.s.f.
Size: 2,296 s.f.
Bare Shell, Low Floor, City View
Prop.#: 86204","66,584"
"Heung Yip Road, 41",WONG CHUK HANG,"Heung Yip Road, 41
WONG CHUK HANG
Rental: HKD 66,528 / 24 p.s.f.
Size: 2,772 s.f.
Fully Fitted, Open View
Prop.#: 88357","66,528"
Chuang's Tower,CENTRAL,"Chuang's Tower
CENTRAL
Rental: HKD 66,510 / 45 p.s.f.
Size: 1,478 s.f.
Bare Shell, Low Floor, City View
Prop.#: 11731","66,510"
New Henry House,CENTRAL,"New Henry House
CENTRAL
Rental: HKD 66,500 / 70 p.s.f.
Size: 950 s.f.
Fully Fitted, Low Floor, City View
Prop.#: 62115","66,500"
New Henry House,CENTRAL,"New Henry House
CENTRAL
Rental: HKD 66,500 / 70 p.s.f.
Size: 950 s.f.
Fully Fitted, Low Floor
Prop.#: 85819","66,500"
China Insurance Group Building,SHEUNG WAN,"China Insurance Group Building
SHEUNG WAN
Rental: HKD 66,480 / 20 p.s.f.
Size: 3,324 s.f.
Fully Fitted, Low Floor, City View
Prop.#: 61848","66,480"
Emperor Group Centre,WAN CHAI,"Emperor Group Centre
WAN CHAI
Rental: HKD 66,416 / 28 p.s.f.
Size: 2,372 s.f.
Fully Fitted
Prop.#: 91806","66,416"
The Centrium,CENTRAL,"The Centrium
CENTRAL
Rental: HKD 66,325 / 35 p.s.f.
Size: 1,895 s.f.
Fully Fitted, Mid Floor, City View
Prop.#: 13888","66,325"
Hang Lung Centre,CAUSEWAY BAY,"Hang Lung Centre
CAUSEWAY BAY
Rental: HKD 66,300 / 50 p.s.f.
Size: 1,326 s.f.
Bare Shell, Mid Floor
Prop.#: 90727","66,300"
Hollywood Commercial House,CENTRAL,"Hollywood Commercial House
CENTRAL
Rental: HKD 66,300 / 26 p.s.f.
Size: 2,550 s.f.
Fully Fitted, Low Floor, City View
Prop.#: 91313","66,300"
Genesis,WONG CHUK HANG,"VR TOUR
Genesis
WONG CHUK HANG
Rental: HKD 66,272 / 16 p.s.f.
Size: 4,142 s.f.
Fully Fitted, Low Floor, City View
Prop.#: 77521","66,272"
World Wide House,CENTRAL,"World Wide House
CENTRAL
Rental: HKD 66,240 / 45 p.s.f.
Size: 1,472 s.f.
Prop.#: 92175","66,240"
Convention Plaza Office Tower,WAN CHAI,"Convention Plaza Office Tower
WAN CHAI
Rental: HKD 66,220 / 55 p.s.f.
Size: 1,204 s.f.
Fully Fitted, High Floor, Partial Seaview
Prop.#: 38743","66,220"
Hollywood Commercial House,CENTRAL,"Hollywood Commercial House
CENTRAL
Rental: HKD 66,150 / 27 p.s.f.
Size: 2,450 s.f.
Bare Shell, Low Floor, City View
Prop.#: 8020","66,150"
YF Life Centre,WAN CHAI,"YF Life Centre
WAN CHAI
Rental: HKD 66,080 / 40 p.s.f.
Size: 1,652 s.f.
Bare Shell, Mid Floor, Sea View
Prop.#: 11534","66,080"
Ovest,SHEUNG WAN,"Ovest
SHEUNG WAN
Rental: HKD 66,062 / 34 p.s.f.
Size: 1,943 s.f.
Fully Fitted, High Floor, City View
Prop.#: 19906","66,062"
Ovest,SHEUNG WAN,"Ovest
SHEUNG WAN
Rental: HKD 66,062 / 34 p.s.f.
Size: 1,943 s.f.
Fully Fitted, High Floor, Partial Seaview
Prop.#: 2478","66,062"
Wing On House,CENTRAL,"Wing On House
CENTRAL
Rental: HKD 65,988 / 27 p.s.f.
Size: 2,444 s.f.
Fully Fitted, High Floor, City View
Prop.#: 44077","65,988"
Chubb Tower (Windsor House),CAUSEWAY BAY,"Chubb Tower (Windsor House)
CAUSEWAY BAY
Rental: HKD 65,880 / 36 p.s.f.
Size: 1,830 s.f.
Fully Fitted, High Floor, City View
Prop.#: 30124","65,880"
Lee Garden Six (111 Leighton Road),CAUSEWAY BAY,"Lee Garden Six (111 Leighton Road)
CAUSEWAY BAY
Rental: HKD 65,880 / 45 p.s.f.
Size: 1,464 s.f.
Fully Fitted, Mid Floor, Garden View
Prop.#: 52997","65,880"
Exchange Tower,KOWLOON BAY,"Exchange Tower
KOWLOON BAY
Rental: HKD 65,875 / 17 p.s.f.
Size: 3,875 s.f.
Low Floor, City View
Prop.#: 44557","65,875"
Empire Centre,TSIM SHA TSUI,"Empire Centre
TSIM SHA TSUI
Rental: HKD 65,835 / 35 p.s.f.
Size: 1,881 s.f.
Fully Fitted
Prop.#: 90614","65,835"
Landmark South,WONG CHUK HANG,"Landmark South
WONG CHUK HANG
Rental: HKD 65,832 / 26 p.s.f.
Size: 2,532 s.f.
Bare Shell, High Floor, City View
Prop.#: 83604","65,832"
Millennium City 2,KWUN TONG,"Millennium City 2
KWUN TONG
Rental: HKD 65,772 / 27 p.s.f.
Size: 2,436 s.f.
High Floor
Prop.#: 89019","65,772"
New Henry House,CENTRAL,"New Henry House
CENTRAL
Rental: HKD 65,450 / 70 p.s.f.
Size: 935 s.f.
Fully Fitted, Low Floor, City View
Prop.#: 71645","65,450"
Tern Centre - Block 1,SHEUNG WAN,"Tern Centre - Block 1
SHEUNG WAN
Rental: HKD 65,400 / 30 p.s.f.
Price: HKD 18.5M / 8,500 p.s.f.
Size: 2,180 s.f.
Fully Fitted, Mid Floor, City View
Prop.#: 80013","65,400"
Tern Centre - Block 1,SHEUNG WAN,"Tern Centre - Block 1
SHEUNG WAN
Rental: HKD 65,400 / 30 p.s.f.
Price: HKD 18.5M / 8,500 p.s.f.
Size: 2,180 s.f.
Fully Fitted, Mid Floor, City View
Prop.#: 17284","65,400"
Universal Commercial Building,TSIM SHA TSUI,"Universal Commercial Building
TSIM SHA TSUI
Rental: HKD 65,178 / 34 p.s.f.
Size: 1,917 s.f.
Fully Fitted, Low Floor
Prop.#: 85292","65,178"
Concordia Plaza,TSIM SHA TSUI,"Concordia Plaza
TSIM SHA TSUI
Rental: HKD 65,109 / 33 p.s.f.
Price: HKD 35.5M / 18,000 p.s.f.
Size: 1,973 s.f.
Bare Shell, High Floor, Partial Seaview
Prop.#: 79463","65,109"
Concordia Plaza,TSIM SHA TSUI,"Concordia Plaza
TSIM SHA TSUI
Rental: HKD 65,007 / 34 p.s.f.
Size: 1,921 s.f.
Fully Fitted, Mid Floor
Prop.#: 59125","65,007"
CNT Commercial Building,SHEUNG WAN,"CNT Commercial Building
SHEUNG WAN
Rental: HKD 64,999 / 27 p.s.f.
Size: 2,450 s.f.
Furnished, Low Floor, City View
Prop.#: 25022","64,999"
CNT Commercial Building,SHEUNG WAN,"CNT Commercial Building
SHEUNG WAN
Rental: HKD 64,999 / 27 p.s.f.
Size: 2,450 s.f.
Bare Shell, Low Floor, City View
Prop.#: 48453","64,999"
CNT Commercial Building,SHEUNG WAN,"CNT Commercial Building
SHEUNG WAN
Rental: HKD 64,999 / 27 p.s.f.
Size: 2,450 s.f.
Fully Fitted, Low Floor
Prop.#: 51492","64,999"
LL Tower,CENTRAL,"LL Tower
CENTRAL
Rental: HKD 64,993 / 28 p.s.f.
Price: HKD 73.0M / 31,370 p.s.f.
Size: 2,327 s.f.
Bare Shell, Mid Floor, City View
Prop.#: 76956","64,993"
Tai Yip Building,WAN CHAI,"Tai Yip Building
WAN CHAI
Rental: HKD 64,989 / 29 p.s.f.
Size: 2,241 s.f.
Bare Shell, Low Floor, City View
Prop.#: 44478","64,989"
"Chinachem Exchange Square, Two",NORTH POINT,"Chinachem Exchange Square, Two
NORTH POINT
Rental: HKD 64,966 / 22 p.s.f.
Size: 2,953 s.f.
Fully Fitted, Mid Floor, City View
Prop.#: 17599","64,966"
"Kodak House, Block 2",NORTH POINT,"Kodak House, Block 2
NORTH POINT
Rental: HKD 64,896 / 16 p.s.f.
Size: 4,056 s.f.
Fully Fitted, Sea View
Prop.#: 91564","64,896"
"Grand Plaza Office Tower, One",MONG KOK / TAI KOK TSUI,"Grand Plaza Office Tower, One
MONG KOK / TAI KOK TSUI
Rental: HKD 64,800 / 45 p.s.f.
Size: 1,440 s.f.
Bare Shell, Mid Floor
Prop.#: 38562","64,800"
"Electric Road, 228",NORTH POINT,"Electric Road, 228
NORTH POINT
Rental: HKD 64,600 / 25 p.s.f.
Size: 2,584 s.f.
Bare Shell, Low Floor, City View
Prop.#: 87990","64,600"
Millennium City 2,KWUN TONG,"Millennium City 2
KWUN TONG
Rental: HKD 64,584 / 27 p.s.f.
Size: 2,392 s.f.
Fully Fitted, Mid Floor, City View
Prop.#: 78537","64,584"
Connaught Marina,SHEUNG WAN,"Connaught Marina
SHEUNG WAN
Rental: HKD 64,575 / 35 p.s.f.
Size: 1,845 s.f.
Bare Shell, Mid Floor, Sea View
Prop.#: 80557","64,575"
China Hong Kong Tower,WAN CHAI,"China Hong Kong Tower
WAN CHAI
Rental: HKD 64,560 / 30 p.s.f.
Size: 2,152 s.f.
Bare Shell, Mid Floor, Garden View
Prop.#: 14808","64,560"
Plaza 2000,CAUSEWAY BAY,"Plaza 2000
CAUSEWAY BAY
Rental: HKD 64,520 / 40 p.s.f.
Size: 1,613 s.f.
Bare Shell, Mid Floor
Prop.#: 785","64,520"
Siu On Plaza,CAUSEWAY BAY,"Siu On Plaza
CAUSEWAY BAY
Rental: HKD 64,352 / 32 p.s.f.
Size: 2,011 s.f.
Bare Shell, Low Floor, City View
Prop.#: 76747","64,352"
Canton House,CENTRAL,"Canton House
CENTRAL
Rental: HKD 64,260 / 45 p.s.f.
Size: 1,428 s.f.
Bare Shell, Low Floor, City View
Prop.#: 77621","64,260"
Canton House,CENTRAL,"Canton House
CENTRAL
Rental: HKD 64,260 / 45 p.s.f.
Size: 1,428 s.f.
Bare Shell, Mid Floor, City View
Prop.#: 77625","64,260"
Central Plaza,WAN CHAI,"Central Plaza
WAN CHAI
Rental: HKD 64,232 / 56 p.s.f.
Size: 1,147 s.f.
Bare Shell, Mid Floor, Mountain View
Prop.#: 91797","64,232"
"Hing Fat Street, 88",NORTH POINT,"Hing Fat Street, 88
NORTH POINT
Rental: HKD 64,000 / 32 p.s.f.
Size: 2,000 s.f.
Bare Shell, High Floor, Sea View
Prop.#: 88980","64,000"
"Hing Fat Street, 88",NORTH POINT,"Hing Fat Street, 88
NORTH POINT
Rental: HKD 64,000 / 32 p.s.f.
Size: 2,000 s.f.
Fully Fitted, High Floor, Sea View
Prop.#: 91743","64,000"
So Hong Commercial Building,SHEUNG WAN,"So Hong Commercial Building
SHEUNG WAN
Rental: HKD 63,954 / 22 p.s.f.
Price: HKD 23.0M / 7,912 p.s.f.
Size: 2,907 s.f.
Fully Fitted, Low Floor
Prop.#: 74934","63,954"
Chuang's Tower,CENTRAL,"Chuang's Tower
CENTRAL
Rental: HKD 63,945 / 45 p.s.f.
Size: 1,421 s.f.
Bare Shell, Mid Floor
Prop.#: 92080","63,945"
Chuang's Tower,CENTRAL,"Chuang's Tower
CENTRAL
Rental: HKD 63,945 / 45 p.s.f.
Size: 1,421 s.f.
Partially Fitted, Mid Floor, Partial Seaview
Prop.#: 46181","63,945"
Chinachem Century Tower,WAN CHAI,"Chinachem Century Tower
WAN CHAI
Rental: HKD 63,924 / 42 p.s.f.
Size: 1,522 s.f.
Fully Fitted, Low Floor, Sea View
Prop.#: 20341","63,924"
Chinachem Exchange Square,QUARRY BAY,"Chinachem Exchange Square
QUARRY BAY
Rental: HKD 63,908 / 26 p.s.f.
Size: 2,458 s.f.
Bare Shell, Mid Floor, Sea View
Prop.#: 23893","63,908"
Century Square,CENTRAL,"Century Square
CENTRAL
Rental: HKD 63,850 / 50 p.s.f.
Size: 1,277 s.f.
Bare Shell, High Floor, City View
Prop.#: 59377","63,850"
Suen Yue Building,SHEUNG WAN,"Suen Yue Building
SHEUNG WAN
Rental: HKD 63,840 / 24 p.s.f.
Price: HKD 17.0M / 6,400 p.s.f.
Size: 2,660 s.f.
Fully Fitted, Low Floor, City View
Prop.#: 64467","63,840"
Trade Square,CHEUNG SHA WAN / LAI CHI KOK,"Trade Square
CHEUNG SHA WAN / LAI CHI KOK
Rental: HKD 63,801 / 21 p.s.f.
Size: 3,060 s.f.
Fully Fitted, High Floor
Prop.#: 77160","63,801"
Universal Trade Centre,CENTRAL,"Universal Trade Centre
CENTRAL
Rental: HKD 63,778 / 26 p.s.f.
Size: 2,453 s.f.
Fully Fitted, High Floor, Partial Seaview
Prop.#: 23065","63,778"
Chuang's Tower,CENTRAL,"Chuang's Tower
CENTRAL
Rental: HKD 63,720 / 45 p.s.f.
Size: 1,416 s.f.
Fully Fitted, Mid Floor
Prop.#: 77970","63,720"
Convention Plaza Office Tower,WAN CHAI,"Convention Plaza Office Tower
WAN CHAI
Rental: HKD 63,696 / 48 p.s.f.
Size: 1,327 s.f.
Fully Fitted, Mid Floor, Garden View
Prop.#: 8006","63,696"
East Town Building,WAN CHAI,"East Town Building
WAN CHAI
Rental: HKD 63,492 / 33 p.s.f.
Size: 1,924 s.f.
Mid Floor, City View
Prop.#: 45421","63,492"
East Town Building,WAN CHAI,"East Town Building
WAN CHAI
Rental: HKD 63,492 / 33 p.s.f.
Size: 1,924 s.f.
Bare Shell, High Floor, City View
Prop.#: 49776","63,492"
"Kodak House, Block 2",NORTH POINT,"Kodak House, Block 2
NORTH POINT
Rental: HKD 63,466 / 13 p.s.f.
Size: 4,882 s.f.
Bare Shell, Mid Floor, City View
Prop.#: 47839","63,466"
Century Square,CENTRAL,"Century Square
CENTRAL
Rental: HKD 63,388 / 52 p.s.f.
Size: 1,219 s.f.
Bare Shell, High Floor, City View
Prop.#: 77368","63,388"
Kundamal House,TSIM SHA TSUI,"Kundamal House
TSIM SHA TSUI
Rental: HKD 63,382 / 22 p.s.f.
Size: 2,881 s.f.
Bare Shell, Low Floor, City View
Prop.#: 63332","63,382"
Arion Commercial Centre,SHEUNG WAN,"Arion Commercial Centre
SHEUNG WAN
Rental: HKD 63,375 / 25 p.s.f.
Size: 2,535 s.f.
Low Floor
Prop.#: 91836","63,375"
Tai Tung Building,WAN CHAI,"Tai Tung Building
WAN CHAI
Rental: HKD 63,360 / 40 p.s.f.
Size: 1,584 s.f.
Fully Fitted, High Floor, City View
Prop.#: 89254","63,360"
China Hong Kong City - Tower 2,TSIM SHA TSUI,"China Hong Kong City - Tower 2
TSIM SHA TSUI
Rental: HKD 63,308 / 28 p.s.f.
Size: 2,261 s.f.
Bare Shell, Mid Floor, City View
Prop.#: 65822","63,308"
Millennium City 1 - Tower 01,KWUN TONG,"Millennium City 1 - Tower 01
KWUN TONG
Rental: HKD 63,307 / 29 p.s.f.
Size: 2,183 s.f.
Bare Shell, Mid Floor
Prop.#: 80998","63,307"
Gravity,KWUN TONG,"Gravity
KWUN TONG
Rental: HKD 63,270 / 19 p.s.f.
Size: 3,330 s.f.
Fully Fitted, Mid Floor
Prop.#: 91703","63,270"
One Island South,WONG CHUK HANG,"One Island South
WONG CHUK HANG
Rental: HKD 63,250 / 25 p.s.f.
Size: 2,530 s.f.
Bare Shell, High Floor, Partial Seaview
Prop.#: 90206","63,250"
MG Tower,KWUN TONG,"MG Tower
KWUN TONG
Rental: HKD 63,224 / 28 p.s.f.
Size: 2,258 s.f.
Fully Fitted, High Floor, Sea View
Prop.#: 57077","63,224"
Charmhill Centre,TSIM SHA TSUI,"Charmhill Centre
TSIM SHA TSUI
Rental: HKD 63,129 / 33 p.s.f.
Size: 1,913 s.f.
Fully Fitted, High Floor, City View
Prop.#: 85121","63,129"
Eubank Plaza,CENTRAL,"Eubank Plaza
CENTRAL
Rental: HKD 63,080 / 38 p.s.f.
Price: HKD 28.2M / 17,000 p.s.f.
Size: 1,660 s.f.
Fully Fitted, Low Floor, City View
Prop.#: 13705","63,080"
Southland Building,CENTRAL,"Southland Building
CENTRAL
Rental: HKD 63,000 / 40 p.s.f.
Size: 1,575 s.f.
Bare Shell, City View
Prop.#: 68806","63,000"
Southland Building,CENTRAL,"Southland Building
CENTRAL
Rental: HKD 63,000 / 40 p.s.f.
Size: 1,575 s.f.
Bare Shell, Low Floor, City View
Prop.#: 68807","63,000"
Southland Building,CENTRAL,"Southland Building
CENTRAL
Rental: HKD 63,000 / 40 p.s.f.
Size: 1,575 s.f.
Bare Shell, Low Floor, Partial Seaview
Prop.#: 68808","63,000"
Southland Building,CENTRAL,"Southland Building
CENTRAL
Rental: HKD 63,000 / 40 p.s.f.
Size: 1,575 s.f.
Bare Shell, City View
Prop.#: 68809","63,000"
Southland Building,CENTRAL,"Southland Building
CENTRAL
Rental: HKD 63,000 / 40 p.s.f.
Size: 1,575 s.f.
Bare Shell, Mid Floor, Partial Seaview
Prop.#: 68810","63,000"
Southland Building,CENTRAL,"Southland Building
CENTRAL
Rental: HKD 63,000 / 40 p.s.f.
Size: 1,575 s.f.
Bare Shell, Mid Floor, City View
Prop.#: 3399","63,000"
World Finance Centre - North,TSIM SHA TSUI,"World Finance Centre - North
TSIM SHA TSUI
Rental: HKD 62,814 / 29 p.s.f.
Size: 2,166 s.f.
Bare Shell
Prop.#: 92141","62,814"
K Wah Centre,NORTH POINT,"K Wah Centre
NORTH POINT
Rental: HKD 62,800 / 16 p.s.f.
Size: 3,925 s.f.
Fully Fitted, Low Floor, Sea View
Prop.#: 85926","62,800"
Tai Yip Building,WAN CHAI,"Tai Yip Building
WAN CHAI
Rental: HKD 62,748 / 28 p.s.f.
Size: 2,241 s.f.
Furnished, Mid Floor, City View
Prop.#: 25792","62,748"
Hong Kong Pacific Centre,TSIM SHA TSUI,"Hong Kong Pacific Centre
TSIM SHA TSUI
Rental: HKD 62,682 / 62 p.s.f.
Size: 1,011 s.f.
Fully Fitted, High Floor, City View
Prop.#: 77587","62,682"
Marina 8,WONG CHUK HANG,"Marina 8
WONG CHUK HANG
Rental: HKD 62,530 / 26 p.s.f.
Size: 2,405 s.f.
High Floor
Prop.#: 92014","62,530"
Nam Wo Hong Building,SHEUNG WAN,"Nam Wo Hong Building
SHEUNG WAN
Rental: HKD 62,406 / 18 p.s.f.
Size: 3,467 s.f.
Bare Shell
Prop.#: 91567","62,406"
"Yee Wo Street, 68",CAUSEWAY BAY,"Yee Wo Street, 68
CAUSEWAY BAY
Rental: HKD 62,384 / 28 p.s.f.
Size: 2,228 s.f.
Bare Shell, City View
Prop.#: 89821","62,384"
"Observatory Road, 8",TSIM SHA TSUI,"Observatory Road, 8
TSIM SHA TSUI
Rental: HKD 62,304 / 38 p.s.f.
Size: 1,650 s.f.
Bare Shell, Low Floor, City View
Prop.#: 84057","62,304"
"Wellington Street, 128",CENTRAL,"Wellington Street, 128
CENTRAL
Rental: HKD 62,280 / 30 p.s.f.
Size: 2,076 s.f.
Partially Fitted, High Floor, City View
Prop.#: 10206","62,280"
Shun Tak Centre - China Merchants Tower,SHEUNG WAN,"Shun Tak Centre - China Merchants Tower
SHEUNG WAN
Rental: HKD 62,230 / 35 p.s.f.
Price: HKD 26.3M / 14,800 p.s.f.
Size: 1,778 s.f.
Bare Shell, Mid Floor, Mountain View
Prop.#: 46729","62,230"
"Electric Road, 228",NORTH POINT,"Electric Road, 228
NORTH POINT
Rental: HKD 62,160 / 30 p.s.f.
Size: 2,072 s.f.
Bare Shell, Mid Floor, City View
Prop.#: 90482","62,160"
East Town Building,WAN CHAI,"East Town Building
WAN CHAI
Rental: HKD 62,155 / 31 p.s.f.
Size: 2,005 s.f.
Partially Fitted, Low Floor, City View
Prop.#: 32935","62,155"
Lee Kar Building,TSIM SHA TSUI,"Lee Kar Building
TSIM SHA TSUI
Rental: HKD 62,100 / 27 p.s.f.
Size: 2,300 s.f.
Furnished
Prop.#: 91562","62,100"
Carnarvon Plaza,TSIM SHA TSUI,"Carnarvon Plaza
TSIM SHA TSUI
Rental: HKD 62,005 / 37 p.s.f.
Size: 1,679 s.f.
Low Floor
Prop.#: 91620","62,005"
Harbour Commercial Building,SHEUNG WAN,"Harbour Commercial Building
SHEUNG WAN
Rental: HKD 62,000 / 20 p.s.f.
Size: 3,100 s.f.
Partially Fitted, City View
Prop.#: 76194","62,000"
Chao's Building,SHEUNG WAN,"VR TOUR
Chao's Building
SHEUNG WAN
Rental: HKD 61,992 / 28 p.s.f.
Size: 2,214 s.f.
Fully Fitted, High Floor, City View
Prop.#: 42061","61,992"
"Hing Fat Street, 88",NORTH POINT,"Hing Fat Street, 88
NORTH POINT
Rental: HKD 61,985 / 35 p.s.f.
Size: 1,771 s.f.
Fully Fitted, High Floor, Sea View
Prop.#: 80203","61,985"
Centre Point,WAN CHAI,"Centre Point
WAN CHAI
Rental: HKD 61,920 / 24 p.s.f.
Size: 2,580 s.f.
Bare Shell, Mid Floor, City View
Prop.#: 90274","61,920"
"Sea View Estate, Block B",NORTH POINT,"Sea View Estate, Block B
NORTH POINT
Rental: HKD 61,875 / 15 p.s.f.
Price: HKD 22.7M / 5,500 p.s.f.
Size: 4,125 s.f.
Bare Shell, Low Floor, City View
Prop.#: 6134","61,875"
"Lyndhurst Terrace, 8 (Capitol Plaza)",CENTRAL,"Lyndhurst Terrace, 8 (Capitol Plaza)
CENTRAL
Rental: HKD 61,840 / 40 p.s.f.
Size: 1,546 s.f.
Fully Fitted, City View
Prop.#: 53066","61,840"
Crawford House,CENTRAL,"Crawford House
CENTRAL
Rental: HKD 61,803 / 63 p.s.f.
Size: 981 s.f.
Fully Fitted, Low Floor, City View
Prop.#: 8351","61,803"
Bayfield Building,WAN CHAI,"Bayfield Building
WAN CHAI
Rental: HKD 61,709 / 23 p.s.f.
Size: 2,683 s.f.
Partially Fitted, Low Floor, City View
Prop.#: 57695","61,709"
Jonsim Place,WAN CHAI,"Jonsim Place
WAN CHAI
Rental: HKD 61,644 / 22 p.s.f.
Price: HKD 33.6M / 12,000 p.s.f.
Size: 2,802 s.f.
Fully Fitted, High Floor, City View
Prop.#: 39721","61,644"
Shui On Centre,WAN CHAI,"Shui On Centre
WAN CHAI
Rental: HKD 61,560 / 36 p.s.f.
Size: 1,710 s.f.
Furnished, Low Floor, City View
Prop.#: 16228","61,560"
Metroplaza - Tower 01,KWAI CHUNG,"Metroplaza - Tower 01
KWAI CHUNG
Rental: HKD 61,542 / 26 p.s.f.
Size: 2,367 s.f.
Mid Floor
Prop.#: 71229","61,542"
"Chinese Bank Building, The",CENTRAL,"Chinese Bank Building, The
CENTRAL
Rental: HKD 61,540 / 34 p.s.f.
Size: 1,810 s.f.
Bare Shell, Mid Floor, City View
Prop.#: 14877","61,540"
The Loop,CENTRAL,"The Loop
CENTRAL
Rental: HKD 61,512 / 33 p.s.f.
Size: 1,864 s.f.
Fully Fitted, Mid Floor, City View
Prop.#: 27420","61,512"
"Electric Road, 148",NORTH POINT,"Electric Road, 148
NORTH POINT
Rental: HKD 61,488 / 28 p.s.f.
Size: 2,196 s.f.
Bare Shell, Mid Floor, Partial Seaview
Prop.#: 41785","61,488"
South Seas Centre - Tower 1,TSIM SHA TSUI,"South Seas Centre - Tower 1
TSIM SHA TSUI
Rental: HKD 61,456 / 23 p.s.f.
Size: 2,672 s.f.
Partially Fitted, Low Floor, City View
Prop.#: 87806","61,456"
AXA Southside,WONG CHUK HANG,"AXA Southside
WONG CHUK HANG
Rental: HKD 61,416 / 18 p.s.f.
Size: 3,412 s.f.
Low Floor
Prop.#: 92017","61,416"
Fortress Tower,NORTH POINT,"Fortress Tower
NORTH POINT
Rental: HKD 61,294 / 19 p.s.f.
Size: 3,226 s.f.
Furnished, High Floor, Partial Seaview
Prop.#: 11798","61,294"
V Heun Building,CENTRAL,"V Heun Building
CENTRAL
Rental: HKD 61,200 / 36 p.s.f.
Size: 1,700 s.f.
Fully Fitted, City View
Prop.#: 82257","61,200"
Tern Centre - Block 1,SHEUNG WAN,"Tern Centre - Block 1
SHEUNG WAN
Rental: HKD 61,040 / 28 p.s.f.
Price: HKD 18.5M / 8,500 p.s.f.
Size: 2,180 s.f.
Fully Fitted, Low Floor, City View
Prop.#: 59960","61,040"
East Town Building,WAN CHAI,"East Town Building
WAN CHAI
Rental: HKD 60,984 / 33 p.s.f.
Size: 1,848 s.f.
Bare Shell, High Floor, City View
Prop.#: 48015","60,984"
Chinaweal Centre,WAN CHAI,"Chinaweal Centre
WAN CHAI
Rental: HKD 60,900 / 29 p.s.f.
Size: 2,100 s.f.
Fully Fitted, Sea View
Prop.#: 21405","60,900"
Millennium City 1 - Tower 01,KWUN TONG,"Millennium City 1 - Tower 01
KWUN TONG
Rental: HKD 60,842 / 29 p.s.f.
Size: 2,098 s.f.
Bare Shell, Mid Floor, City View
Prop.#: 5020","60,842"
Millennium City 1 - Tower 01,KWUN TONG,"Millennium City 1 - Tower 01
KWUN TONG
Rental: HKD 60,842 / 29 p.s.f.
Size: 2,098 s.f.
Bare Shell, Mid Floor, Partial Seaview
Prop.#: 27939","60,842"
Dah Sing Life Building,CENTRAL,"Dah Sing Life Building
CENTRAL
Rental: HKD 60,780 / 30 p.s.f.
Size: 2,026 s.f.
Bare Shell, Low Floor, City View
Prop.#: 78092","60,780"
Pacific Plaza,WESTERN / KENNEDY TOWN,"Pacific Plaza
WESTERN / KENNEDY TOWN
Rental: HKD 60,620 / 28 p.s.f.
Size: 2,165 s.f.
Fully Fitted, High Floor, Partial Seaview
Prop.#: 83626","60,620"
OfficePlus @Sheung Wan,SHEUNG WAN,"OfficePlus @Sheung Wan
SHEUNG WAN
Rental: HKD 60,580 / 26 p.s.f.
Size: 2,330 s.f.
Fully Fitted, Low Floor, City View
Prop.#: 19396","60,580"
Bank of East Asia Harbour View Centre,WAN CHAI,"Bank of East Asia Harbour View Centre
WAN CHAI
Rental: HKD 60,520 / 34 p.s.f.
Price: HKD 17.4M / 9,800 p.s.f.
Size: 1,780 s.f.
Fully Fitted, Low Floor, Partial Seaview
Prop.#: 41199","60,520"
Bartlock Centre,CAUSEWAY BAY,"Bartlock Centre
CAUSEWAY BAY
Rental: HKD 60,510 / 30 p.s.f.
Size: 2,017 s.f.
Fully Fitted, Low Floor, City View
Prop.#: 19677","60,510"
Bartlock Centre,CAUSEWAY BAY,"Bartlock Centre
CAUSEWAY BAY
Rental: HKD 60,510 / 30 p.s.f.
Size: 2,017 s.f.
Mid Floor
Prop.#: 79932","60,510"
Metroplaza - Tower 01,KWAI CHUNG,"Metroplaza - Tower 01
KWAI CHUNG
Rental: HKD 60,476 / 26 p.s.f.
Size: 2,326 s.f.
Mid Floor
Prop.#: 82995","60,476"
Bangkok Bank Building,SHEUNG WAN,"Bangkok Bank Building
SHEUNG WAN
Rental: HKD 60,375 / 23 p.s.f.
Size: 2,625 s.f.
Bare Shell, Mid Floor, City View
Prop.#: 52442","60,375"
Landmark South,WONG CHUK HANG,"Landmark South
WONG CHUK HANG
Rental: HKD 60,372 / 26 p.s.f.
Size: 2,322 s.f.
Bare Shell, High Floor, City View
Prop.#: 83606","60,372"
"Grand Plaza Office Tower, Two",MONG KOK / TAI KOK TSUI,"Grand Plaza Office Tower, Two
MONG KOK / TAI KOK TSUI
Rental: HKD 60,200 / 35 p.s.f.
Size: 1,720 s.f.
Fully Fitted, Mid Floor, Open View
Prop.#: 6489","60,200"
Wu Chung House,WAN CHAI,"Wu Chung House
WAN CHAI
Rental: HKD 60,180 / 30 p.s.f.
Size: 2,006 s.f.
Bare Shell, High Floor
Prop.#: 83570","60,180"
Lee & Man Commercial Center,NORTH POINT,"Lee & Man Commercial Center
NORTH POINT
Rental: HKD 60,175 / 25 p.s.f.
Size: 2,407 s.f.
Bare Shell, Mid Floor, Partial Seaview
Prop.#: 1261","60,175"
CKK Commercial Centre,WAN CHAI,"CKK Commercial Centre
WAN CHAI
Rental: HKD 60,144 / 28 p.s.f.
Size: 2,148 s.f.
Partially Fitted, City View
Prop.#: 78775","60,144"
Ying Kong Mansion,CAUSEWAY BAY,"Ying Kong Mansion
CAUSEWAY BAY
Rental: HKD 60,076 / 23 p.s.f.
Size: 2,612 s.f.
Fully Fitted, High Floor, City View
Prop.#: 16676","60,076"
Silvercord - Tower 1,TSIM SHA TSUI,"Silvercord - Tower 1
TSIM SHA TSUI
Rental: HKD 60,059 / 29 p.s.f.
Price: HKD 33.1M / 16,000 p.s.f.
Size: 2,071 s.f.
Fully Fitted, Mid Floor, Open View
Prop.#: 79670","60,059"
Silvercord - Tower 1,TSIM SHA TSUI,"Silvercord - Tower 1
TSIM SHA TSUI
Rental: HKD 60,059 / 29 p.s.f.
Size: 2,071 s.f.
Fully Fitted, Mid Floor, City View
Prop.#: 90622","60,059"
Causeway Bay Plaza II,CAUSEWAY BAY,"Causeway Bay Plaza II
CAUSEWAY BAY
Rental: HKD 60,025 / 35 p.s.f.
Size: 1,715 s.f.
Bare Shell, High Floor, City View
Prop.#: 61490","60,025"
South Seas Centre - Tower 2,TSIM SHA TSUI,"South Seas Centre - Tower 2
TSIM SHA TSUI
Rental: HKD 60,025 / 25 p.s.f.
Size: 2,401 s.f.
Fully Fitted, Low Floor, City View
Prop.#: 13990","60,025"
Goldsland Building,TSIM SHA TSUI,"Goldsland Building
TSIM SHA TSUI
Rental: HKD 60,014 / 19 p.s.f.
Size: 3,152 s.f.
Fully Fitted, Low Floor, City View
Prop.#: 39238","60,014"
Catic Plaza,CAUSEWAY BAY,"Catic Plaza
CAUSEWAY BAY
Rental: HKD 60,011 / 22 p.s.f.
Price: HKD 47.0M / 17,222 p.s.f.
Size: 2,729 s.f.
Fully Fitted, Mid Floor, Sea View
Prop.#: 28850","60,011"
Hart House,TSIM SHA TSUI,"Hart House
TSIM SHA TSUI
Rental: HKD 60,011 / 27 p.s.f.
Price: HKD 31.0M / 14,200 p.s.f.
Size: 2,183 s.f.
Prop.#: 85290","60,011"
Katherine House,TSIM SHA TSUI,"Katherine House
TSIM SHA TSUI
Rental: HKD 60,010 / 21 p.s.f.
Price: HKD 26.0M / 9,180 p.s.f.
Size: 2,832 s.f.
Fully Fitted, Low Floor
Prop.#: 25908","60,010"
Houston Centre,TSIM SHA TSUI,"Houston Centre
TSIM SHA TSUI
Rental: HKD 60,008 / 27 p.s.f.
Size: 2,225 s.f.
Bare Shell, Low Floor
Prop.#: 10878","60,008"
Shun Tak Centre - West Tower,SHEUNG WAN,"Shun Tak Centre - West Tower
SHEUNG WAN
Rental: HKD 60,006 / 43 p.s.f.
Size: 1,382 s.f.
Fully Fitted, High Floor, Sea View
Prop.#: 18706","60,006"
L' Hart,CAUSEWAY BAY,"L' Hart
CAUSEWAY BAY
Rental: HKD 60,005 / 47 p.s.f.
Size: 1,267 s.f.
High Floor
Prop.#: 78451","60,005"
Jade Centre,CENTRAL,"Jade Centre
CENTRAL
Rental: HKD 60,000 / 33 p.s.f.
Price: HKD 18.4M / 10,000 p.s.f.
Size: 1,836 s.f.
Fully Fitted, Mid Floor, City View
Prop.#: 90910","60,000"
The Harvest,MONG KOK / TAI KOK TSUI,"The Harvest
MONG KOK / TAI KOK TSUI
Rental: HKD 60,000 / 40 p.s.f.
Size: 1,500 s.f.
Fully Fitted, Mid Floor
Prop.#: 91848","60,000"
Winbase Centre,SHEUNG WAN,"Winbase Centre
SHEUNG WAN
Rental: HKD 59,997 / 21 p.s.f.
Size: 2,921 s.f.
Fully Fitted, Low Floor, City View
Prop.#: 5817","59,997"
Yue Shing Commercial Building,CENTRAL,"Yue Shing Commercial Building
CENTRAL
Rental: HKD 59,997 / 29 p.s.f.
Size: 2,100 s.f.
Partially Fitted, Low Floor
Prop.#: 91560","59,997"
Prosperity Millennia Plaza,NORTH POINT,"Prosperity Millennia Plaza
NORTH POINT
Rental: HKD 59,961 / 23 p.s.f.
Size: 2,607 s.f.
Bare Shell, High Floor, Partial Seaview
Prop.#: 82476","59,961"
Hong Kong Pacific Centre,TSIM SHA TSUI,"Hong Kong Pacific Centre
TSIM SHA TSUI
Rental: HKD 59,954 / 62 p.s.f.
Size: 967 s.f.
Bare Shell, High Floor
Prop.#: 90826","59,954"
Shui On Centre,WAN CHAI,"Shui On Centre
WAN CHAI
Rental: HKD 59,904 / 39 p.s.f.
Size: 1,536 s.f.
Bare Shell
Prop.#: 89658","59,904"
Exchange Tower,KOWLOON BAY,"Exchange Tower
KOWLOON BAY
Rental: HKD 59,874 / 17 p.s.f.
Size: 3,522 s.f.
Low Floor, City View
Prop.#: 44568","59,874"
Loke Yew Building,CENTRAL,"Loke Yew Building
CENTRAL
Rental: HKD 59,808 / 48 p.s.f.
Size: 1,246 s.f.
Fully Fitted, Low Floor
Prop.#: 29427","59,808"
Eubank Plaza,CENTRAL,"Eubank Plaza
CENTRAL
Rental: HKD 59,760 / 36 p.s.f.
Price: HKD 26.6M / 16,000 p.s.f.
Size: 1,660 s.f.
Fully Fitted, High Floor, City View
Prop.#: 1631","59,760"
The Workstation,CENTRAL,"The Workstation
CENTRAL
Rental: HKD 59,752 / 39 p.s.f.
Size: 1,552 s.f.
Fully Fitted, High Floor, City View
Prop.#: 21345","59,752"
Harcourt House,WAN CHAI,"VR TOUR
Harcourt House
WAN CHAI
Rental: HKD 59,751 / 27 p.s.f.
Size: 2,213 s.f.
Fully Fitted, Low Floor, City View
Prop.#: 72609","59,751"
"Electric Road, 148",NORTH POINT,"Electric Road, 148
NORTH POINT
Rental: HKD 59,696 / 28 p.s.f.
Size: 2,132 s.f.
Bare Shell
Prop.#: 44026","59,696"
The HUB,WONG CHUK HANG,"The HUB
WONG CHUK HANG
Rental: HKD 59,664 / 24 p.s.f.
Size: 2,486 s.f.
Fully Fitted, Mid Floor
Prop.#: 87069","59,664"
Yam Tze Commercial Building,WAN CHAI,"Yam Tze Commercial Building
WAN CHAI
Rental: HKD 59,600 / 20 p.s.f.
Size: 2,980 s.f.
Bare Shell, Low Floor, City View
Prop.#: 74763","59,600"
Park Tower,JORDAN,"Park Tower
JORDAN
Rental: HKD 59,570 / 23 p.s.f.
Size: 2,590 s.f.
Bare Shell, Low Floor, City View
Prop.#: 90542","59,570"
Workington Tower,SHEUNG WAN,"Workington Tower
SHEUNG WAN
Rental: HKD 59,520 / 24 p.s.f.
Size: 2,480 s.f.
Fully Fitted, Low Floor, City View
Prop.#: 40953","59,520"
Empire Centre,TSIM SHA TSUI,"Empire Centre
TSIM SHA TSUI
Rental: HKD 59,500 / 34 p.s.f.
Size: 1,750 s.f.
Fully Fitted, High Floor, City View
Prop.#: 87882","59,500"
Shanghai Industrial Investment Building,WAN CHAI,"Shanghai Industrial Investment Building
WAN CHAI
Rental: HKD 59,450 / 29 p.s.f.
Size: 2,050 s.f.
Fully Fitted, Mid Floor, City View
Prop.#: 52812","59,450"
"Yee Wo Street, 68",CAUSEWAY BAY,"Yee Wo Street, 68
CAUSEWAY BAY
Rental: HKD 59,304 / 28 p.s.f.
Size: 2,118 s.f.
Fully Fitted, Mid Floor, City View
Prop.#: 24088","59,304"
Chao's Building,SHEUNG WAN,"Chao's Building
SHEUNG WAN
Rental: HKD 59,232 / 24 p.s.f.
Size: 2,468 s.f.
Furnished, High Floor, City View
Prop.#: 13911","59,232"
Allied Kajima Building,WAN CHAI,"Allied Kajima Building
WAN CHAI
Rental: HKD 59,220 / 42 p.s.f.
Size: 1,410 s.f.
Fully Fitted, Mid Floor, Partial Seaview
Prop.#: 2585","59,220"
CKK Commercial Centre,WAN CHAI,"CKK Commercial Centre
WAN CHAI
Rental: HKD 59,192 / 28 p.s.f.
Size: 2,114 s.f.
Bare Shell, High Floor, City View
Prop.#: 16221","59,192"
Citicorp Centre,NORTH POINT,"Citicorp Centre
NORTH POINT
Rental: HKD 59,000 / 25 p.s.f.
Size: 2,360 s.f.
Fully Fitted, High Floor, Sea View
Prop.#: 75033","59,000"
Winway Building,CENTRAL,"Winway Building
CENTRAL
Rental: HKD 58,997 / 38 p.s.f.
Size: 1,540 s.f.
Bare Shell, Low Floor
Prop.#: 76300","58,997"
On Hong Commercial Building,WAN CHAI,"On Hong Commercial Building
WAN CHAI
Rental: HKD 58,979 / 30 p.s.f.
Size: 1,964 s.f.
Fully Fitted, High Floor, City View
Prop.#: 1721","58,979"
The Workstation,CENTRAL,"The Workstation
CENTRAL
Rental: HKD 58,976 / 38 p.s.f.
Size: 1,552 s.f.
Fully Fitted, Mid Floor, Open View
Prop.#: 23598","58,976"
Century Square,CENTRAL,"Century Square
CENTRAL
Rental: HKD 58,800 / 50 p.s.f.
Size: 1,176 s.f.
Fully Fitted, Mid Floor, City View
Prop.#: 25942","58,800"
Greatmany Centre,WAN CHAI,"Greatmany Centre
WAN CHAI
Rental: HKD 58,800 / 21 p.s.f.
Size: 2,800 s.f.
Bare Shell, Low Floor, City View
Prop.#: 74462","58,800"
Nan Dao Commercial Building,SHEUNG WAN,"Nan Dao Commercial Building
SHEUNG WAN
Rental: HKD 58,750 / 25 p.s.f.
Price: HKD 16.0M / 6,800 p.s.f.
Size: 2,350 s.f.
Partially Fitted, City View
Prop.#: 83712","58,750"
Nan Dao Commercial Building,SHEUNG WAN,"Nan Dao Commercial Building
SHEUNG WAN
Rental: HKD 58,750 / 25 p.s.f.
Price: HKD 16.0M / 6,800 p.s.f.
Size: 2,350 s.f.
Bare Shell, High Floor, Open View
Prop.#: 11556","58,750"
Hopewell Centre,WAN CHAI,"Hopewell Centre
WAN CHAI
Rental: HKD 58,680 / 45 p.s.f.
Size: 1,304 s.f.
Fully Fitted, Mid Floor, Sea View
Prop.#: 55128","58,680"
"Kodak House, Block 2",NORTH POINT,"Kodak House, Block 2
NORTH POINT
Rental: HKD 58,584 / 12 p.s.f.
Size: 4,882 s.f.
Bare Shell, Mid Floor
Prop.#: 78074","58,584"
"Chinachem Exchange Square, Two",NORTH POINT,"Chinachem Exchange Square, Two
NORTH POINT
Rental: HKD 58,460 / 20 p.s.f.
Size: 2,923 s.f.
Fully Fitted, Mid Floor
Prop.#: 92111","58,460"
Chinachem Golden Plaza,TSIM SHA TSUI,"Chinachem Golden Plaza
TSIM SHA TSUI
Rental: HKD 58,420 / 23 p.s.f.
Size: 2,540 s.f.
Bare Shell, Low Floor, City View
Prop.#: 23066","58,420"
Shiu Fung Hong Building,SHEUNG WAN,"Shiu Fung Hong Building
SHEUNG WAN
Rental: HKD 58,320 / 20 p.s.f.
Size: 2,916 s.f.
Bare Shell, Low Floor, City View
Prop.#: 47307","58,320"
Ovest,SHEUNG WAN,"Ovest
SHEUNG WAN
Rental: HKD 58,290 / 30 p.s.f.
Size: 1,943 s.f.
Partially Fitted, Low Floor, City View
Prop.#: 82715","58,290"
APEC Plaza,KWUN TONG,"APEC Plaza
KWUN TONG
Rental: HKD 58,248 / 18 p.s.f.
Size: 3,236 s.f.
Fully Fitted, High Floor, Sea View
Prop.#: 54950","58,248"
Millennium City 1 - Tower 01,KWUN TONG,"Millennium City 1 - Tower 01
KWUN TONG
Rental: HKD 58,208 / 34 p.s.f.
Size: 1,712 s.f.
Fully Fitted, High Floor
Prop.#: 89461","58,208"
Admiralty Centre - Tower 1,ADMIRALTY,"Admiralty Centre - Tower 1
ADMIRALTY
Rental: HKD 58,140 / 38 p.s.f.
Price: HKD 20.7M / 13,500 p.s.f.
Size: 1,530 s.f.
Partially Fitted, City View
Prop.#: 91081","58,140"
"Wellington Street, 128",CENTRAL,"Wellington Street, 128
CENTRAL
Rental: HKD 58,128 / 28 p.s.f.
Size: 2,076 s.f.
Bare Shell, High Floor, City View
Prop.#: 3014","58,128"
Millennium City 1 - Tower 01,KWUN TONG,"Millennium City 1 - Tower 01
KWUN TONG
Rental: HKD 58,106 / 34 p.s.f.
Size: 1,709 s.f.
Fully Fitted, High Floor, Sea View
Prop.#: 25850","58,106"
China Overseas Building,WAN CHAI,"China Overseas Building
WAN CHAI
Rental: HKD 58,100 / 35 p.s.f.
Size: 1,660 s.f.
Fully Fitted, Low Floor
Prop.#: 60825","58,100"
Golden Centre,SHEUNG WAN,"Golden Centre
SHEUNG WAN
Rental: HKD 58,086 / 42 p.s.f.
Size: 1,383 s.f.
Bare Shell, Mid Floor, City View
Prop.#: 91893","58,086"
"Grand Plaza Office Tower, One",MONG KOK / TAI KOK TSUI,"Grand Plaza Office Tower, One
MONG KOK / TAI KOK TSUI
Rental: HKD 58,050 / 45 p.s.f.
Size: 1,290 s.f.
Fully Fitted, High Floor
Prop.#: 70037","58,050"
Euro Trade Centre,CENTRAL,"Euro Trade Centre
CENTRAL
Rental: HKD 58,002 / 41 p.s.f.
Size: 1,400 s.f.
Fully Fitted, Mid Floor, Partial Seaview
Prop.#: 91989","58,002"
Hong Kong House,CENTRAL,"Hong Kong House
CENTRAL
Rental: HKD 58,000 / 29 p.s.f.
Price: HKD 46.0M / 23,000 p.s.f.
Size: 2,000 s.f.
Fully Fitted, Mid Floor, City View
Prop.#: 29077","58,000"
Sunshine Plaza,WAN CHAI,"Sunshine Plaza
WAN CHAI
Rental: HKD 58,000 / 29 p.s.f.
Size: 2,000 s.f.
High Floor, Sea View
Prop.#: 73050","58,000"
Seaview Commercial Building,SHEUNG WAN,"Seaview Commercial Building
SHEUNG WAN
Rental: HKD 57,993 / 32 p.s.f.
Size: 1,791 s.f.
Partially Fitted, Mid Floor, Sea View
Prop.#: 24881","57,993"
On Hing Building,CENTRAL,"VR TOUR
On Hing Building
CENTRAL
Rental: HKD 57,803 / 33 p.s.f.
Size: 1,750 s.f.
Bare Shell, Mid Floor, City View
Prop.#: 66602","57,803"
Dah Sing Financial Centre,WAN CHAI,"VR TOUR
Dah Sing Financial Centre
WAN CHAI
Rental: HKD 57,717 / 33 p.s.f.
Size: 1,749 s.f.
Fully Fitted, Low Floor, City View
Prop.#: 15151","57,717"
Health Aura,CAUSEWAY BAY,"Health Aura
CAUSEWAY BAY
Rental: HKD 57,520 / 40 p.s.f.
Size: 1,438 s.f.
Bare Shell, Mid Floor
Prop.#: 85360","57,520"
Health Aura,CAUSEWAY BAY,"Health Aura
CAUSEWAY BAY
Rental: HKD 57,520 / 40 p.s.f.
Size: 1,438 s.f.
Bare Shell, Mid Floor
Prop.#: 85361","57,520"
East Ocean Centre,TSIM SHA TSUI,"East Ocean Centre
TSIM SHA TSUI
Rental: HKD 57,500 / 23 p.s.f.
Size: 2,500 s.f.
Fully Fitted, High Floor, City View
Prop.#: 15849","57,500"
Elite Centre,KWUN TONG,"Elite Centre
KWUN TONG
Rental: HKD 57,435 / 21 p.s.f.
Size: 2,735 s.f.
Mid Floor, City View
Prop.#: 91903","57,435"
Dah Sing Life Building,CENTRAL,"Dah Sing Life Building
CENTRAL
Rental: HKD 57,312 / 24 p.s.f.
Size: 2,388 s.f.
Bare Shell, High Floor, City View
Prop.#: 2055","57,312"
Kowloon Centre,TSIM SHA TSUI,"Kowloon Centre
TSIM SHA TSUI
Rental: HKD 57,260 / 28 p.s.f.
Size: 2,045 s.f.
Fully Fitted, Open View
Prop.#: 88309","57,260"
"Kodak House, Block 2",NORTH POINT,"Kodak House, Block 2
NORTH POINT
Rental: HKD 57,200 / 13 p.s.f.
Size: 4,400 s.f.
Fully Fitted, High Floor, Open View
Prop.#: 16866","57,200"
"The Chelsea (Jervois Street, 69)",SHEUNG WAN,"The Chelsea (Jervois Street, 69)
SHEUNG WAN
Rental: HKD 57,080 / 40 p.s.f.
Size: 1,427 s.f.
Partially Fitted, High Floor
Prop.#: 88084","57,080"
Kai Tak Commercial Building,SHEUNG WAN,"Kai Tak Commercial Building
SHEUNG WAN
Rental: HKD 57,064 / 28 p.s.f.
Size: 2,038 s.f.
Fully Fitted, Low Floor, Partial Seaview
Prop.#: 84913","57,064"
Jubilee Centre,WAN CHAI,"Jubilee Centre
WAN CHAI
Rental: HKD 56,945 / 35 p.s.f.
Size: 1,627 s.f.
Fully Fitted, Low Floor, Partial Seaview
Prop.#: 28746","56,945"
China Minmetals Tower,TSIM SHA TSUI,"China Minmetals Tower
TSIM SHA TSUI
Rental: HKD 56,924 / 28 p.s.f.
Size: 2,033 s.f.
Fully Fitted, Low Floor, City View
Prop.#: 63164","56,924"
The Centrium,CENTRAL,"The Centrium
CENTRAL
Rental: HKD 56,924 / 38 p.s.f.
Size: 1,498 s.f.
Fully Fitted, High Floor, Sea View
Prop.#: 2959","56,924"
Chinachem Century Tower,WAN CHAI,"Chinachem Century Tower
WAN CHAI
Rental: HKD 56,868 / 42 p.s.f.
Size: 1,354 s.f.
Fully Fitted, Mid Floor, Sea View
Prop.#: 71609","56,868"
Millennium City 1 - Tower 01,KWUN TONG,"Millennium City 1 - Tower 01
KWUN TONG
Rental: HKD 56,800 / 25 p.s.f.
Size: 2,272 s.f.
Bare Shell, Low Floor, City View
Prop.#: 39989","56,800"
China Insurance Building,TSIM SHA TSUI,"China Insurance Building
TSIM SHA TSUI
Rental: HKD 56,784 / 28 p.s.f.
Size: 2,028 s.f.
Fully Fitted, Mid Floor, City View
Prop.#: 87678","56,784"
Wong Tze Building,KWUN TONG,"Wong Tze Building
KWUN TONG
Rental: HKD 56,740 / 20 p.s.f.
Size: 2,837 s.f.
Bare Shell
Prop.#: 63900","56,740"
Tung Wai Commercial Building,WAN CHAI,"Tung Wai Commercial Building
WAN CHAI
Rental: HKD 56,698 / 30 p.s.f.
Size: 1,895 s.f.
High Floor, Partial Seaview
Prop.#: 72658","56,698"
One Hysan Avenue,CAUSEWAY BAY,"One Hysan Avenue
CAUSEWAY BAY
Rental: HKD 56,520 / 45 p.s.f.
Size: 1,256 s.f.
Low Floor, City View
Prop.#: 92092","56,520"
Concordia Plaza,TSIM SHA TSUI,"Concordia Plaza
TSIM SHA TSUI
Rental: HKD 56,476 / 28 p.s.f.
Size: 2,017 s.f.
Fully Fitted, Mid Floor
Prop.#: 39127","56,476"
Lippo Centre - Tower 1,ADMIRALTY,"Lippo Centre - Tower 1
ADMIRALTY
Rental: HKD 56,315 / 35 p.s.f.
Size: 1,609 s.f.
Partially Fitted, Open View
Prop.#: 92148","56,315"
Tsim Sha Tsui Centre - East Tower,TSIM SHA TSUI,"Tsim Sha Tsui Centre - East Tower
TSIM SHA TSUI
Rental: HKD 56,314 / 37 p.s.f.
Size: 1,522 s.f.
Fully Fitted, High Floor, Sea View
Prop.#: 54083","56,314"
"Jordan Road, 8",JORDAN,"Jordan Road, 8
JORDAN
Rental: HKD 56,252 / 28 p.s.f.
Size: 2,009 s.f.
Bare Shell, High Floor, Open View
Prop.#: 31535","56,252"
Capital Centre,WAN CHAI,"Capital Centre
WAN CHAI
Rental: HKD 56,086 / 29 p.s.f.
Price: HKD 48.4M / 25,000 p.s.f.
Size: 1,934 s.f.
Fully Fitted, Low Floor, Sea View
Prop.#: 74729","56,086"
Tai Yip Building,WAN CHAI,"Tai Yip Building
WAN CHAI
Rental: HKD 56,025 / 25 p.s.f.
Size: 2,241 s.f.
Fully Fitted, Low Floor, City View
Prop.#: 60361","56,025"
OfficePlus @Sheung Wan,SHEUNG WAN,"VR TOUR
OfficePlus @Sheung Wan
SHEUNG WAN
Rental: HKD 56,002 / 36 p.s.f.
Size: 1,550 s.f.
Furnished, Low Floor, City View
Prop.#: 70707","56,002"
Admiralty Centre - Tower 1,ADMIRALTY,"Admiralty Centre - Tower 1
ADMIRALTY
Rental: HKD 56,000 / 40 p.s.f.
Size: 1,400 s.f.
Fully Fitted, High Floor, Partial Seaview
Prop.#: 43243","56,000"
"Hennessy Road, 369",WAN CHAI,"Hennessy Road, 369
WAN CHAI
Rental: HKD 56,000 / 40 p.s.f.
Size: 1,400 s.f.
Bare Shell, Low Floor, City View
Prop.#: 87871","56,000"
Stanley 11,CENTRAL,"Stanley 11
CENTRAL
Rental: HKD 55,920 / 40 p.s.f.
Size: 1,398 s.f.
Bare Shell, High Floor, City View
Prop.#: 48689","55,920"
Lee & Man Commercial Center,NORTH POINT,"Lee & Man Commercial Center
NORTH POINT
Rental: HKD 55,890 / 27 p.s.f.
Size: 2,070 s.f.
Partially Fitted, City View
Prop.#: 91805","55,890"
Admiralty Centre - Tower 1,ADMIRALTY,"Admiralty Centre - Tower 1
ADMIRALTY
Rental: HKD 55,860 / 38 p.s.f.
Price: HKD 21.3M / 14,500 p.s.f.
Size: 1,470 s.f.
Partially Fitted, City View
Prop.#: 89965","55,860"
Kai Tak Commercial Building,SHEUNG WAN,"Kai Tak Commercial Building
SHEUNG WAN
Rental: HKD 55,854 / 29 p.s.f.
Size: 1,926 s.f.
Bare Shell, High Floor, Partial Seaview
Prop.#: 82122","55,854"
Lippo Centre - Tower 2,ADMIRALTY,"Lippo Centre - Tower 2
ADMIRALTY
Rental: HKD 55,840 / 40 p.s.f.
Price: HKD 27.9M / 20,000 p.s.f.
Size: 1,396 s.f.
Fully Fitted, Low Floor, City View
Prop.#: 51497","55,840"
The Centrium,CENTRAL,"The Centrium
CENTRAL
Rental: HKD 55,784 / 38 p.s.f.
Size: 1,468 s.f.
Bare Shell, Mid Floor, City View
Prop.#: 23195","55,784"
Hang Lung Centre,CAUSEWAY BAY,"Hang Lung Centre
CAUSEWAY BAY
Rental: HKD 55,770 / 55 p.s.f.
Size: 1,014 s.f.
Bare Shell, Mid Floor
Prop.#: 87630","55,770"
Chinachem Exchange Square,QUARRY BAY,"Chinachem Exchange Square
QUARRY BAY
Rental: HKD 55,718 / 26 p.s.f.
Size: 2,143 s.f.
Fully Fitted, Low Floor, Sea View
Prop.#: 20674","55,718"
C C Wu Building,WAN CHAI,"C C Wu Building
WAN CHAI
Rental: HKD 55,709 / 29 p.s.f.
Size: 1,921 s.f.
Bare Shell, Mid Floor, City View
Prop.#: 51339","55,709"
Two Chinachem Plaza,SHEUNG WAN,"Two Chinachem Plaza
SHEUNG WAN
Rental: HKD 55,680 / 40 p.s.f.
Size: 1,392 s.f.
Fully Fitted, High Floor, City View
Prop.#: 46651","55,680"
Legend Tower,KWUN TONG,"Legend Tower
KWUN TONG
Rental: HKD 55,540 / 20 p.s.f.
Price: HKD 36.1M / 13,000 p.s.f.
Size: 2,777 s.f.
Fully Fitted, Open View
Prop.#: 54924","55,540"
Kai Tak Commercial Building,SHEUNG WAN,"Kai Tak Commercial Building
SHEUNG WAN
Rental: HKD 55,524 / 28 p.s.f.
Size: 1,983 s.f.
Fully Fitted, Low Floor, City View
Prop.#: 71742","55,524"
Capitol Centre - Block 2,CAUSEWAY BAY,"Capitol Centre - Block 2
CAUSEWAY BAY
Rental: HKD 55,512 / 27 p.s.f.
Size: 2,056 s.f.
Bare Shell, Low Floor, City View
Prop.#: 26621","55,512"
Millennium City 6,KWUN TONG,"Millennium City 6
KWUN TONG
Rental: HKD 55,350 / 27 p.s.f.
Size: 2,050 s.f.
Partially Fitted, Mid Floor
Prop.#: 74124","55,350"
Bank of America Tower,CENTRAL,"Bank of America Tower
CENTRAL
Rental: HKD 55,314 / 42 p.s.f.
Size: 1,317 s.f.
Bare Shell, Mid Floor, City View
Prop.#: 25472","55,314"
Grand Millennium Plaza,SHEUNG WAN,"Grand Millennium Plaza
SHEUNG WAN
Rental: HKD 55,020 / 35 p.s.f.
Size: 1,572 s.f.
Bare Shell, City View
Prop.#: 91447","55,020"
Wyndham Place,CENTRAL,"Wyndham Place
CENTRAL
Rental: HKD 55,002 / 26 p.s.f.
Size: 2,085 s.f.
Fully Fitted, Mid Floor, City View
Prop.#: 85476","55,002"
Hoseinee House,CENTRAL,"Hoseinee House
CENTRAL
Rental: HKD 55,000 / 24 p.s.f.
Size: 2,285 s.f.
Bare Shell, Low Floor, City View
Prop.#: 52205","55,000"
Kolling Centre,TSIM SHA TSUI,"Kolling Centre
TSIM SHA TSUI
Rental: HKD 54,995 / 29 p.s.f.
Size: 1,899 s.f.
Bare Shell, Low Floor, City View
Prop.#: 81037","54,995"
Mirror Tower,TSIM SHA TSUI,"Mirror Tower
TSIM SHA TSUI
Rental: HKD 54,995 / 32 p.s.f.
Size: 1,700 s.f.
Fully Fitted, Low Floor, City View
Prop.#: 17678","54,995"
Mirror Tower,TSIM SHA TSUI,"Mirror Tower
TSIM SHA TSUI
Rental: HKD 54,993 / 33 p.s.f.
Size: 1,670 s.f.
Fully Fitted, Mid Floor, City View
Prop.#: 42880","54,993"
Guangdong Tours Centre,CAUSEWAY BAY,"Guangdong Tours Centre
CAUSEWAY BAY
Rental: HKD 54,992 / 35 p.s.f.
Size: 1,588 s.f.
Fully Fitted, Mid Floor, City View
Prop.#: 49101","54,992"
South Seas Centre - Tower 2,TSIM SHA TSUI,"South Seas Centre - Tower 2
TSIM SHA TSUI
Rental: HKD 54,975 / 25 p.s.f.
Size: 2,199 s.f.
Bare Shell, Low Floor, City View
Prop.#: 39585","54,975"
Energy Plaza,TSIM SHA TSUI,"Energy Plaza
TSIM SHA TSUI
Rental: HKD 54,875 / 25 p.s.f.
Size: 2,195 s.f.
Fully Fitted, Mid Floor, Open View
Prop.#: 59854","54,875"
Workington Tower,SHEUNG WAN,"Workington Tower
SHEUNG WAN
Rental: HKD 54,744 / 24 p.s.f.
Size: 2,281 s.f.
Fully Fitted, Mid Floor, City View
Prop.#: 16339","54,744"
Workington Tower,SHEUNG WAN,"Workington Tower
SHEUNG WAN
Rental: HKD 54,744 / 24 p.s.f.
Size: 2,281 s.f.
Fully Fitted, High Floor, City View
Prop.#: 4633","54,744"
Delta House,SHATIN / FO TAN,"Delta House
SHATIN / FO TAN
Rental: HKD 54,701 / 19 p.s.f.
Size: 2,879 s.f.
Fully Fitted, Low Floor
Prop.#: 76935","54,701"
Crawford House,CENTRAL,"Crawford House
CENTRAL
Rental: HKD 54,684 / 63 p.s.f.
Size: 868 s.f.
Bare Shell, High Floor, City View
Prop.#: 91696","54,684"
Bowtie Life Insurance Tower,WAN CHAI,"Bowtie Life Insurance Tower
WAN CHAI
Rental: HKD 54,600 / 42 p.s.f.
Size: 1,300 s.f.
High Floor, City View
Prop.#: 91569","54,600"
K11 Atelier King's Road,QUARRY BAY,"K11 Atelier King's Road
QUARRY BAY
Rental: HKD 54,585 / 45 p.s.f.
Size: 1,213 s.f.
High Floor
Prop.#: 91799","54,585"
China Hong Kong City - Tower 2,TSIM SHA TSUI,"China Hong Kong City - Tower 2
TSIM SHA TSUI
Rental: HKD 54,516 / 28 p.s.f.
Size: 1,947 s.f.
Bare Shell, Mid Floor, City View
Prop.#: 841","54,516"
China Hong Kong City - Tower 2,TSIM SHA TSUI,"China Hong Kong City - Tower 2
TSIM SHA TSUI
Rental: HKD 54,516 / 28 p.s.f.
Size: 1,947 s.f.
Bare Shell, Mid Floor, City View
Prop.#: 4188","54,516"
Tern Centre - Block 1,SHEUNG WAN,"Tern Centre - Block 1
SHEUNG WAN
Rental: HKD 54,500 / 25 p.s.f.
Price: HKD 18.5M / 8,500 p.s.f.
Size: 2,180 s.f.
Fully Fitted, Low Floor, City View
Prop.#: 14354","54,500"
1 Lyndhurst Tower,CENTRAL,"1 Lyndhurst Tower
CENTRAL
Rental: HKD 54,470 / 26 p.s.f.
Size: 2,095 s.f.
Bare Shell, Mid Floor, City View
Prop.#: 69501","54,470"
Marina 8,WONG CHUK HANG,"Marina 8
WONG CHUK HANG
Rental: HKD 54,444 / 26 p.s.f.
Size: 2,094 s.f.
High Floor
Prop.#: 92015","54,444"
Lee Garden Six (111 Leighton Road),CAUSEWAY BAY,"Lee Garden Six (111 Leighton Road)
CAUSEWAY BAY
Rental: HKD 54,270 / 45 p.s.f.
Size: 1,206 s.f.
Bare Shell, Mid Floor, City View
Prop.#: 55275","54,270"
Bowtie Life Insurance Tower,WAN CHAI,"Bowtie Life Insurance Tower
WAN CHAI
Rental: HKD 54,250 / 35 p.s.f.
Size: 1,550 s.f.
Fully Fitted, Mid Floor, City View
Prop.#: 91237","54,250"
Bowtie Life Insurance Tower,WAN CHAI,"Bowtie Life Insurance Tower
WAN CHAI
Rental: HKD 54,250 / 35 p.s.f.
Size: 1,550 s.f.
Fully Fitted, High Floor, City View
Prop.#: 91238","54,250"
Bowtie Life Insurance Tower,WAN CHAI,"Bowtie Life Insurance Tower
WAN CHAI
Rental: HKD 54,250 / 35 p.s.f.
Size: 1,550 s.f.
Fully Fitted, High Floor, City View
Prop.#: 91240","54,250"
Bowtie Life Insurance Tower,WAN CHAI,"Bowtie Life Insurance Tower
WAN CHAI
Rental: HKD 54,250 / 35 p.s.f.
Size: 1,550 s.f.
Fully Fitted, High Floor, City View
Prop.#: 91244","54,250"
Bowtie Life Insurance Tower,WAN CHAI,"Bowtie Life Insurance Tower
WAN CHAI
Rental: HKD 54,250 / 35 p.s.f.
Size: 1,550 s.f.
Fully Fitted, Mid Floor, City View
Prop.#: 91235","54,250"
Bowtie Life Insurance Tower,WAN CHAI,"Bowtie Life Insurance Tower
WAN CHAI
Rental: HKD 54,250 / 35 p.s.f.
Size: 1,550 s.f.
Fully Fitted, High Floor, Open View
Prop.#: 3861","54,250"
The Phoenix,WAN CHAI,"The Phoenix
WAN CHAI
Rental: HKD 54,150 / 30 p.s.f.
Size: 1,805 s.f.
Fully Fitted, Mid Floor
Prop.#: 90588","54,150"
Island Place Tower,NORTH POINT,"Island Place Tower
NORTH POINT
Rental: HKD 54,096 / 42 p.s.f.
Size: 1,288 s.f.
Furnished, High Floor, Mountain View
Prop.#: 84894","54,096"
Wing On Plaza,TSIM SHA TSUI,"Wing On Plaza
TSIM SHA TSUI
Rental: HKD 54,040 / 40 p.s.f.
Size: 1,351 s.f.
Fully Fitted, Mid Floor, Sea View
Prop.#: 81934","54,040"
Park Commercial Centre,CAUSEWAY BAY,"Park Commercial Centre
CAUSEWAY BAY
Rental: HKD 54,030 / 30 p.s.f.
Size: 1,801 s.f.
Partially Fitted, Mid Floor
Prop.#: 11665","54,030"
"Chinese Bank Building, The",CENTRAL,"Chinese Bank Building, The
CENTRAL
Rental: HKD 54,020 / 37 p.s.f.
Size: 1,460 s.f.
Fully Fitted, High Floor, City View
Prop.#: 3543","54,020"
Kuo Wah Building,WAN CHAI,"Kuo Wah Building
WAN CHAI
Rental: HKD 54,000 / 15 p.s.f.
Size: 3,600 s.f.
Fully Fitted, High Floor, City View
Prop.#: 46070","54,000"
"Sea View Estate, Block A",NORTH POINT,"Sea View Estate, Block A
NORTH POINT
Rental: HKD 54,000 / 18 p.s.f.
Size: 3,000 s.f.
Partially Fitted, Mid Floor, Partial Seaview
Prop.#: 6109","54,000"
The Harvest,MONG KOK / TAI KOK TSUI,"The Harvest
MONG KOK / TAI KOK TSUI
Rental: HKD 54,000 / 36 p.s.f.
Size: 1,500 s.f.
Partially Fitted, Low Floor
Prop.#: 91913","54,000"
Hang Shun Commercial Building,TSIM SHA TSUI,"Hang Shun Commercial Building
TSIM SHA TSUI
Rental: HKD 53,993 / 38 p.s.f.
Size: 1,422 s.f.
Fully Fitted, Mid Floor
Prop.#: 91990","53,993"
Landmark South,WONG CHUK HANG,"Landmark South
WONG CHUK HANG
Rental: HKD 53,892 / 27 p.s.f.
Size: 1,996 s.f.
Bare Shell, Mountain View
Prop.#: 90714","53,892"
CNT Tower,WAN CHAI,"CNT Tower
WAN CHAI
Rental: HKD 53,884 / 19 p.s.f.
Size: 2,836 s.f.
Fully Fitted, Low Floor, City View
Prop.#: 22383","53,884"
C C Wu Building,WAN CHAI,"C C Wu Building
WAN CHAI
Rental: HKD 53,788 / 28 p.s.f.
Size: 1,921 s.f.
High Floor
Prop.#: 90819","53,788"
Pacific House,CENTRAL,"Pacific House
CENTRAL
Rental: HKD 53,751 / 57 p.s.f.
Size: 943 s.f.
Bare Shell, Low Floor
Prop.#: 10683","53,751"
Shun Kwong Commercial Building,SHEUNG WAN,"Shun Kwong Commercial Building
SHEUNG WAN
Rental: HKD 53,688 / 24 p.s.f.
Size: 2,237 s.f.
Fully Fitted, Mid Floor, Partial Seaview
Prop.#: 8227","53,688"
Energy Plaza,TSIM SHA TSUI,"Energy Plaza
TSIM SHA TSUI
Rental: HKD 53,650 / 25 p.s.f.
Size: 2,146 s.f.
Bare Shell, Low Floor
Prop.#: 88774","53,650"
East Point Centre,CAUSEWAY BAY,"East Point Centre
CAUSEWAY BAY
Rental: HKD 53,640 / 45 p.s.f.
Size: 1,192 s.f.
Fully Fitted, High Floor, Partial Seaview
Prop.#: 16638","53,640"
Great Smart Tower,WAN CHAI,"Great Smart Tower
WAN CHAI
Rental: HKD 53,550 / 18 p.s.f.
Size: 2,975 s.f.
Partially Fitted, Low Floor, City View
Prop.#: 87985","53,550"
The Centrium,CENTRAL,"The Centrium
CENTRAL
Rental: HKD 53,542 / 38 p.s.f.
Size: 1,409 s.f.
Partially Fitted, Mid Floor, City View
Prop.#: 12278","53,542"
Nam Wo Hong Building,SHEUNG WAN,"Nam Wo Hong Building
SHEUNG WAN
Rental: HKD 53,360 / 23 p.s.f.
Size: 2,320 s.f.
Prop.#: 91219","53,360"
Grand Millennium Plaza,SHEUNG WAN,"Grand Millennium Plaza
SHEUNG WAN
Rental: HKD 53,305 / 35 p.s.f.
Size: 1,523 s.f.
Bare Shell, City View
Prop.#: 91451","53,305"
Tsim Sha Tsui Centre - East Tower,TSIM SHA TSUI,"Tsim Sha Tsui Centre - East Tower
TSIM SHA TSUI
Rental: HKD 53,270 / 35 p.s.f.
Size: 1,522 s.f.
Fully Fitted, High Floor, City View
Prop.#: 47319","53,270"
Park Commercial Centre,CAUSEWAY BAY,"Park Commercial Centre
CAUSEWAY BAY
Rental: HKD 53,250 / 30 p.s.f.
Size: 1,775 s.f.
Fully Fitted, Mid Floor, Park View
Prop.#: 789","53,250"
Bangkok Bank Building,SHEUNG WAN,"Bangkok Bank Building
SHEUNG WAN
Rental: HKD 53,199 / 23 p.s.f.
Size: 2,313 s.f.
Bare Shell, High Floor, City View
Prop.#: 49694","53,199"
Mall Plus,WAN CHAI,"Mall Plus
WAN CHAI
Rental: HKD 53,100 / 90 p.s.f.
Size: 590 s.f.
Bare Shell
Prop.#: 81968","53,100"
Hart House,TSIM SHA TSUI,"Hart House
TSIM SHA TSUI
Rental: HKD 53,006 / 30 p.s.f.
Size: 1,761 s.f.
Low Floor
Prop.#: 90980","53,006"
Chung Fung Commercial Building,TSIM SHA TSUI,"Chung Fung Commercial Building
TSIM SHA TSUI
Rental: HKD 53,003 / 41 p.s.f.
Size: 1,301 s.f.
Partially Fitted, High Floor, City View
Prop.#: 76486","53,003"
Winning Centre,CENTRAL,"Winning Centre
CENTRAL
Rental: HKD 53,000 / 27 p.s.f.
Size: 2,000 s.f.
Mid Floor, City View
Prop.#: 41573","53,000"
Winning Centre,CENTRAL,"Winning Centre
CENTRAL
Rental: HKD 52,999 / 53 p.s.f.
Size: 991 s.f.
Fully Fitted, High Floor, Open View
Prop.#: 53738","52,999"
Tai Tung Building,WAN CHAI,"Tai Tung Building
WAN CHAI
Rental: HKD 52,904 / 34 p.s.f.
Size: 1,556 s.f.
Fully Fitted, Low Floor, City View
Prop.#: 12619","52,904"
Two Chinachem Plaza,SHEUNG WAN,"Two Chinachem Plaza
SHEUNG WAN
Rental: HKD 52,896 / 38 p.s.f.
Size: 1,392 s.f.
Fully Fitted, Mid Floor, City View
Prop.#: 1058","52,896"
Two Chinachem Plaza,SHEUNG WAN,"Two Chinachem Plaza
SHEUNG WAN
Rental: HKD 52,896 / 38 p.s.f.
Size: 1,392 s.f.
Fully Fitted, Mid Floor, City View
Prop.#: 91742","52,896"
"Harbourfront, Two",HUNG HOM / TO KWA WAN,"Harbourfront, Two
HUNG HOM / TO KWA WAN
Rental: HKD 52,870 / 34 p.s.f.
Size: 1,555 s.f.
Fully Fitted, Low Floor, City View
Prop.#: 72985","52,870"
Wellington Place/M88,CENTRAL,"Wellington Place/M88
CENTRAL
Rental: HKD 52,800 / 40 p.s.f.
Size: 1,320 s.f.
Bare Shell, Mid Floor, City View
Prop.#: 72441","52,800"
"Cheung Sha Wan Road, 909",CHEUNG SHA WAN / LAI CHI KOK,"Cheung Sha Wan Road, 909
CHEUNG SHA WAN / LAI CHI KOK
Rental: HKD 52,770 / 30 p.s.f.
Size: 1,759 s.f.
Mid Floor, Open View
Prop.#: 41206","52,770"
Tai Yau Building,WAN CHAI,"Tai Yau Building
WAN CHAI
Rental: HKD 52,680 / 30 p.s.f.
Size: 1,756 s.f.
Partially Fitted
Prop.#: 90142","52,680"
Tai Yau Building,WAN CHAI,"Tai Yau Building
WAN CHAI
Rental: HKD 52,680 / 30 p.s.f.
Size: 1,756 s.f.
Fully Fitted, Low Floor, City View
Prop.#: 26914","52,680"
"Kodak House, Block 2",NORTH POINT,"Kodak House, Block 2
NORTH POINT
Rental: HKD 52,596 / 12 p.s.f.
Size: 4,383 s.f.
Fully Fitted, Mid Floor, Open View
Prop.#: 17681","52,596"
Times Square - Tower 2,CAUSEWAY BAY,"Times Square - Tower 2
CAUSEWAY BAY
Rental: HKD 52,593 / 47 p.s.f.
Size: 1,119 s.f.
Fully Fitted, High Floor, City View
Prop.#: 70058","52,593"
Grand Century Place - Tower I,MONG KOK / TAI KOK TSUI,"Grand Century Place - Tower I
MONG KOK / TAI KOK TSUI
Rental: HKD 52,560 / 36 p.s.f.
Size: 1,460 s.f.
Fully Fitted, Low Floor, Open View
Prop.#: 38106","52,560"
Ocean Centre,TSIM SHA TSUI,"Ocean Centre
TSIM SHA TSUI
Rental: HKD 52,470 / 30 p.s.f.
Size: 1,749 s.f.
Fully Fitted, Low Floor
Prop.#: 68192","52,470"
Workington Tower,SHEUNG WAN,"Workington Tower
SHEUNG WAN
Rental: HKD 52,463 / 23 p.s.f.
Size: 2,281 s.f.
Fully Fitted, Mid Floor, City View
Prop.#: 29044","52,463"
Health Aura,CAUSEWAY BAY,"Health Aura
CAUSEWAY BAY
Rental: HKD 52,400 / 40 p.s.f.
Size: 1,310 s.f.
Bare Shell, Mid Floor
Prop.#: 85362","52,400"
Health Aura,CAUSEWAY BAY,"Health Aura
CAUSEWAY BAY
Rental: HKD 52,400 / 40 p.s.f.
Size: 1,310 s.f.
Bare Shell, Mid Floor, City View
Prop.#: 85363","52,400"
Health Aura,CAUSEWAY BAY,"Health Aura
CAUSEWAY BAY
Rental: HKD 52,400 / 40 p.s.f.
Size: 1,310 s.f.
Bare Shell, High Floor, City View
Prop.#: 85364","52,400"
Health Aura,CAUSEWAY BAY,"Health Aura
CAUSEWAY BAY
Rental: HKD 52,400 / 40 p.s.f.
Size: 1,310 s.f.
Bare Shell, High Floor, City View
Prop.#: 85365","52,400"
Hong Kong Diamond Exchange Building,CENTRAL,"Hong Kong Diamond Exchange Building
CENTRAL
Rental: HKD 52,374 / 43 p.s.f.
Size: 1,218 s.f.
Partially Fitted, High Floor, Mountain View
Prop.#: 80388","52,374"
Pacific House,CENTRAL,"Pacific House
CENTRAL
Rental: HKD 52,326 / 57 p.s.f.
Size: 918 s.f.
Bare Shell, Low Floor
Prop.#: 29783","52,326"
Ashley Nine,TSIM SHA TSUI,"Ashley Nine
TSIM SHA TSUI
Rental: HKD 52,248 / 28 p.s.f.
Size: 1,866 s.f.
Fully Fitted, Mid Floor, City View
Prop.#: 15708","52,248"
Teda Building,SHEUNG WAN,"Teda Building
SHEUNG WAN
Rental: HKD 52,224 / 32 p.s.f.
Size: 1,632 s.f.
Partially Fitted, Low Floor, City View
Prop.#: 28756","52,224"
Austin Commercial Centre,TSIM SHA TSUI,"Austin Commercial Centre
TSIM SHA TSUI
Rental: HKD 52,137 / 27 p.s.f.
Price: HKD 15.5M / 8,026 p.s.f.
Size: 1,931 s.f.
Fully Fitted, Low Floor
Prop.#: 41494","52,137"
Tien Chu Commercial Building,WAN CHAI,"Tien Chu Commercial Building
WAN CHAI
Rental: HKD 52,070 / 29 p.s.f.
Size: 1,827 s.f.
Partially Fitted, Low Floor, Partial Seaview
Prop.#: 12911","52,070"
Millennium City 2,KWUN TONG,"Millennium City 2
KWUN TONG
Rental: HKD 52,029 / 27 p.s.f.
Size: 1,927 s.f.
Bare Shell, Mid Floor, City View
Prop.#: 18060","52,029"
"Electric Road, 148",NORTH POINT,"Electric Road, 148
NORTH POINT
Rental: HKD 52,024 / 28 p.s.f.
Size: 1,858 s.f.
Fully Fitted, High Floor, Partial Seaview
Prop.#: 51483","52,024"
Beautiful Group Tower,SHEUNG WAN,"Beautiful Group Tower
SHEUNG WAN
Rental: HKD 52,020 / 34 p.s.f.
Size: 1,530 s.f.
Fully Fitted, Mid Floor, Partial Seaview
Prop.#: 20423","52,020"
Westlands Centre,QUARRY BAY,"Westlands Centre
QUARRY BAY
Rental: HKD 52,013 / 22 p.s.f.
Size: 2,408 s.f.
Partially Fitted
Prop.#: 91874","52,013"
Park Avenue Tower,CAUSEWAY BAY,"Park Avenue Tower
CAUSEWAY BAY
Rental: HKD 52,010 / 18 p.s.f.
Size: 2,839 s.f.
Partially Fitted, Mid Floor, City View
Prop.#: 75216","52,010"
Teda Building,SHEUNG WAN,"Teda Building
SHEUNG WAN
Rental: HKD 52,009 / 24 p.s.f.
Price: HKD 20.0M / 9,367 p.s.f.
Size: 2,135 s.f.
Partially Fitted, High Floor, City View
Prop.#: 65351","52,009"
Tern Centre - Block 2,SHEUNG WAN,"Tern Centre - Block 2
SHEUNG WAN
Rental: HKD 52,004 / 28 p.s.f.
Size: 1,826 s.f.
Low Floor, City View
Prop.#: 18554","52,004"
Shun Tak Centre - West Tower,SHEUNG WAN,"Shun Tak Centre - West Tower
SHEUNG WAN
Rental: HKD 52,000 / 37 p.s.f.
Size: 1,402 s.f.
Fully Fitted, High Floor, City View
Prop.#: 2735","52,000"
Fairmont House,CENTRAL,"Fairmont House
CENTRAL
Rental: HKD 52,000 / 40 p.s.f.
Size: 1,300 s.f.
Bare Shell, Low Floor, City View
Prop.#: 22116","52,000"
Tung Wai Commercial Building,WAN CHAI,"Tung Wai Commercial Building
WAN CHAI
Rental: HKD 51,898 / 31 p.s.f.
Size: 1,685 s.f.
Bare Shell, High Floor, Partial Seaview
Prop.#: 10396","51,898"
Houston Centre,TSIM SHA TSUI,"Houston Centre
TSIM SHA TSUI
Rental: HKD 51,888 / 24 p.s.f.
Price: HKD 25.9M / 12,000 p.s.f.
Size: 2,162 s.f.
Fully Fitted, Low Floor, Partial Seaview
Prop.#: 79361","51,888"
Shun Hei Causeway Bay Centre,CAUSEWAY BAY,"Shun Hei Causeway Bay Centre
CAUSEWAY BAY
Rental: HKD 51,801 / 31 p.s.f.
Size: 1,671 s.f.
Bare Shell, Mid Floor, City View
Prop.#: 28928","51,801"
"Chinachem Exchange Square, Two",NORTH POINT,"Chinachem Exchange Square, Two
NORTH POINT
Rental: HKD 51,750 / 25 p.s.f.
Size: 2,070 s.f.
Bare Shell, High Floor, Partial Seaview
Prop.#: 8681","51,750"
Century Square,CENTRAL,"Century Square
CENTRAL
Rental: HKD 51,700 / 50 p.s.f.
Size: 1,034 s.f.
Bare Shell, Mid Floor, City View
Prop.#: 9154","51,700"
Albion Plaza,TSIM SHA TSUI,"Albion Plaza
TSIM SHA TSUI
Rental: HKD 51,660 / 41 p.s.f.
Size: 1,260 s.f.
Bare Shell, Mid Floor, City View
Prop.#: 10476","51,660"
Hon Kwok Jordan Centre,TSIM SHA TSUI,"Hon Kwok Jordan Centre
TSIM SHA TSUI
Rental: HKD 51,576 / 28 p.s.f.
Size: 1,842 s.f.
Bare Shell, Mid Floor
Prop.#: 57505","51,576"
Winway Building,CENTRAL,"Winway Building
CENTRAL
Rental: HKD 51,447 / 33 p.s.f.
Size: 1,559 s.f.
Fully Fitted, City View
Prop.#: 91579","51,447"
"Gateway, The - Tower 2",TSIM SHA TSUI,"Gateway, The - Tower 2
TSIM SHA TSUI
Rental: HKD 51,428 / 46 p.s.f.
Size: 1,118 s.f.
Bare Shell, High Floor, Park View
Prop.#: 88570","51,428"
Lippo Leighton Tower,CAUSEWAY BAY,"Lippo Leighton Tower
CAUSEWAY BAY
Rental: HKD 51,428 / 26 p.s.f.
Size: 1,978 s.f.
Fully Fitted, Mid Floor, Open View
Prop.#: 19706","51,428"
The Plaza,CENTRAL,"The Plaza
CENTRAL
Rental: HKD 51,400 / 50 p.s.f.
Size: 1,028 s.f.
Fully Fitted, Mid Floor, City View
Prop.#: 74566","51,400"
Universal Trade Centre,CENTRAL,"VR TOUR
Universal Trade Centre
CENTRAL
Rental: HKD 51,328 / 25 p.s.f.
Size: 2,095 s.f.
Partially Fitted, High Floor, Open View
Prop.#: 8049","51,328"
Ocean Centre,TSIM SHA TSUI,"Ocean Centre
TSIM SHA TSUI
Rental: HKD 51,312 / 48 p.s.f.
Size: 1,069 s.f.
Fully Fitted, High Floor, City View
Prop.#: 9192","51,312"
Regent Centre,CENTRAL,"Regent Centre
CENTRAL
Rental: HKD 51,150 / 33 p.s.f.
Size: 1,550 s.f.
Prop.#: 91312","51,150"
Wayson Commercial Building,SHEUNG WAN,"Wayson Commercial Building
SHEUNG WAN
Rental: HKD 51,150 / 22 p.s.f.
Price: HKD 17.4M / 7,501 p.s.f.
Size: 2,325 s.f.
Fully Fitted, Low Floor, Partial Seaview
Prop.#: 40917","51,150"
Lee & Man Commercial Center,NORTH POINT,"Lee & Man Commercial Center
NORTH POINT
Rental: HKD 51,125 / 25 p.s.f.
Size: 2,045 s.f.
Bare Shell, City View
Prop.#: 29819","51,125"
Capitol Centre - Block 1,CAUSEWAY BAY,"Capitol Centre - Block 1
CAUSEWAY BAY
Rental: HKD 51,120 / 36 p.s.f.
Size: 1,420 s.f.
Bare Shell, Low Floor
Prop.#: 73571","51,120"
K11 Atelier King's Road,QUARRY BAY,"K11 Atelier King's Road
QUARRY BAY
Rental: HKD 50,985 / 45 p.s.f.
Size: 1,133 s.f.
Low Floor
Prop.#: 82912","50,985"
Blissful Building,SHEUNG WAN,"Blissful Building
SHEUNG WAN
Rental: HKD 50,908 / 26 p.s.f.
Size: 1,958 s.f.
Bare Shell, Mid Floor, City View
Prop.#: 66591","50,908"
Concordia Plaza,TSIM SHA TSUI,"Concordia Plaza
TSIM SHA TSUI
Rental: HKD 50,882 / 26 p.s.f.
Size: 1,957 s.f.
Fully Fitted, Mid Floor, Open View
Prop.#: 9668","50,882"
Sun Hung Kai Centre,WAN CHAI,"Sun Hung Kai Centre
WAN CHAI
Rental: HKD 50,875 / 55 p.s.f.
Size: 925 s.f.
Bare Shell, Mid Floor, City View
Prop.#: 81416","50,875"
Wellable Commercial Building,CAUSEWAY BAY,"Wellable Commercial Building
CAUSEWAY BAY
Rental: HKD 50,820 / 30 p.s.f.
Size: 1,694 s.f.
Partially Fitted, Low Floor
Prop.#: 91152","50,820"
Wellable Commercial Building,CAUSEWAY BAY,"Wellable Commercial Building
CAUSEWAY BAY
Rental: HKD 50,820 / 30 p.s.f.
Size: 1,694 s.f.
Fully Fitted, Low Floor
Prop.#: 91153","50,820"
Wellable Commercial Building,CAUSEWAY BAY,"Wellable Commercial Building
CAUSEWAY BAY
Rental: HKD 50,820 / 30 p.s.f.
Size: 1,694 s.f.
Fully Fitted
Prop.#: 91154","50,820"
Wellable Commercial Building,CAUSEWAY BAY,"Wellable Commercial Building
CAUSEWAY BAY
Rental: HKD 50,820 / 30 p.s.f.
Size: 1,694 s.f.
Fully Fitted, High Floor
Prop.#: 91155","50,820"
Cosco Tower,SHEUNG WAN,"Cosco Tower
SHEUNG WAN
Rental: HKD 50,800 / 40 p.s.f.
Size: 1,270 s.f.
Fully Fitted, Mid Floor, City View
Prop.#: 19588","50,800"
"Yee Wo Street, 68",CAUSEWAY BAY,"Yee Wo Street, 68
CAUSEWAY BAY
Rental: HKD 50,760 / 27 p.s.f.
Size: 1,880 s.f.
Fully Fitted, Low Floor
Prop.#: 90777","50,760"
New Henry House,CENTRAL,"New Henry House
CENTRAL
Rental: HKD 50,750 / 70 p.s.f.
Size: 725 s.f.
Fully Fitted, Mid Floor, City View
Prop.#: 85814","50,750"
Landmark South,WONG CHUK HANG,"Landmark South
WONG CHUK HANG
Rental: HKD 50,706 / 27 p.s.f.
Size: 1,878 s.f.
Bare Shell, High Floor, Mountain View
Prop.#: 83550","50,706"
Manning House,CENTRAL,"Manning House
CENTRAL
Rental: HKD 50,700 / 65 p.s.f.
Size: 780 s.f.
Fully Fitted, Low Floor
Prop.#: 32091","50,700"
Koon Fook Centre,TSIM SHA TSUI,"Koon Fook Centre
TSIM SHA TSUI
Rental: HKD 50,653 / 37 p.s.f.
Price: HKD 15.1M / 11,000 p.s.f.
Size: 1,369 s.f.
Fully Fitted, Mid Floor, City View
Prop.#: 46892","50,653"
Star House,TSIM SHA TSUI,"Star House
TSIM SHA TSUI
Rental: HKD 50,605 / 29 p.s.f.
Size: 1,745 s.f.
Fully Fitted, Mid Floor, Garden View
Prop.#: 55624","50,605"
Harbour Commercial Building,SHEUNG WAN,"Harbour Commercial Building
SHEUNG WAN
Rental: HKD 50,600 / 23 p.s.f.
Price: HKD 38.0M / 17,272 p.s.f.
Size: 2,200 s.f.
Fully Fitted, Low Floor, City View
Prop.#: 883","50,600"
Tai Yau Building,WAN CHAI,"Tai Yau Building
WAN CHAI
Rental: HKD 50,561 / 31 p.s.f.
Size: 1,631 s.f.
Fully Fitted, High Floor
Prop.#: 26979","50,561"
New Henry House,CENTRAL,"New Henry House
CENTRAL
Rental: HKD 50,400 / 70 p.s.f.
Size: 720 s.f.
Fully Fitted, Low Floor
Prop.#: 90267","50,400"
Wyndham Place,CENTRAL,"Wyndham Place
CENTRAL
Rental: HKD 50,400 / 28 p.s.f.
Size: 1,800 s.f.
Fully Fitted, High Floor, City View
Prop.#: 88164","50,400"
Yee On 168 (E168),SHEUNG WAN,"Yee On 168 (E168)
SHEUNG WAN
Rental: HKD 50,400 / 30 p.s.f.
Size: 1,680 s.f.
Fully Fitted, Mid Floor, City View
Prop.#: 49497","50,400"
Yee On 168 (E168),SHEUNG WAN,"Yee On 168 (E168)
SHEUNG WAN
Rental: HKD 50,400 / 30 p.s.f.
Size: 1,680 s.f.
Bare Shell, Mid Floor, City View
Prop.#: 45913","50,400"
K Wah Centre,NORTH POINT,"K Wah Centre
NORTH POINT
Rental: HKD 50,347 / 23 p.s.f.
Size: 2,189 s.f.
Bare Shell, Mid Floor, Open View
Prop.#: 69777","50,347"
Cheong Sun Tower,SHEUNG WAN,"Cheong Sun Tower
SHEUNG WAN
Rental: HKD 50,284 / 26 p.s.f.
Size: 1,934 s.f.
Bare Shell, Low Floor, Open View
Prop.#: 4499","50,284"
Millennium City 1 - Standard Chartered Tower,KWUN TONG,"Millennium City 1 - Standard Chartered Tower
KWUN TONG
Rental: HKD 50,275 / 25 p.s.f.
Size: 2,011 s.f.
Bare Shell, High Floor, Open View
Prop.#: 89015","50,275"
Fairmont House,CENTRAL,"Fairmont House
CENTRAL
Rental: HKD 50,248 / 44 p.s.f.
Size: 1,142 s.f.
Fully Fitted, Mid Floor, City View
Prop.#: 35624","50,248"
Tern Plaza,TSIM SHA TSUI,"Tern Plaza
TSIM SHA TSUI
Rental: HKD 50,208 / 32 p.s.f.
Size: 1,569 s.f.
Partially Fitted, City View
Prop.#: 91490","50,208"
Lippo Centre - Tower 2,ADMIRALTY,"Lippo Centre - Tower 2
ADMIRALTY
Rental: HKD 50,190 / 42 p.s.f.
Size: 1,195 s.f.
Fully Fitted, High Floor, Open View
Prop.#: 17690","50,190"
Millennium City 2,KWUN TONG,"Millennium City 2
KWUN TONG
Rental: HKD 50,176 / 28 p.s.f.
Size: 1,792 s.f.
Fully Fitted, High Floor, City View
Prop.#: 30514","50,176"
Plaza 228,WAN CHAI,"Plaza 228
WAN CHAI
Rental: HKD 50,160 / 33 p.s.f.
Size: 1,520 s.f.
High Floor
Prop.#: 92195","50,160"
"Austin Road, 102",JORDAN,"Austin Road, 102
JORDAN
Rental: HKD 50,148 / 28 p.s.f.
Size: 1,791 s.f.
Bare Shell, Low Floor, City View
Prop.#: 77577","50,148"
AIA Tower,NORTH POINT,"AIA Tower
NORTH POINT
Rental: HKD 50,106 / 42 p.s.f.
Size: 1,193 s.f.
Fully Fitted
Prop.#: 92152","50,106"
Lippo Leighton Tower,CAUSEWAY BAY,"Lippo Leighton Tower
CAUSEWAY BAY
Rental: HKD 50,004 / 25 p.s.f.
Size: 1,978 s.f.
Fully Fitted, High Floor, Open View
Prop.#: 46008","50,004"
China Insurance Group Building,SHEUNG WAN,"China Insurance Group Building
SHEUNG WAN
Rental: HKD 50,002 / 22 p.s.f.
Size: 2,300 s.f.
Fully Fitted, High Floor, City View
Prop.#: 72889","50,002"
Beautiful Group Tower,SHEUNG WAN,"Beautiful Group Tower
SHEUNG WAN
Rental: HKD 50,000 / 58 p.s.f.
Size: 860 s.f.
Bare Shell, Low Floor
Prop.#: 32370","50,000"
Soho Tower,TSIM SHA TSUI,"Soho Tower
TSIM SHA TSUI
Rental: HKD 50,000 / 50 p.s.f.
Size: 1,000 s.f.
Fully Fitted, Low Floor, City View
Prop.#: 31967","50,000"
Soho Tower,TSIM SHA TSUI,"Soho Tower
TSIM SHA TSUI
Rental: HKD 50,000 / 50 p.s.f.
Size: 1,000 s.f.
Fully Fitted, Low Floor
Prop.#: 58561","50,000"
Winning Centre,CENTRAL,"Winning Centre
CENTRAL
Rental: HKD 50,000 / 25 p.s.f.
Size: 2,000 s.f.
Partially Fitted, Low Floor, City View
Prop.#: 60648","50,000"
OfficePlus @Sheung Wan,SHEUNG WAN,"VR TOUR
OfficePlus @Sheung Wan
SHEUNG WAN
Rental: HKD 49,996 / 34 p.s.f.
Size: 1,450 s.f.
Furnished, Low Floor, City View
Prop.#: 4824","49,996"
Professional Building,CAUSEWAY BAY,"Professional Building
CAUSEWAY BAY
Rental: HKD 49,992 / 26 p.s.f.
Price: HKD 19.3M / 10,000 p.s.f.
Size: 1,925 s.f.
Fully Fitted, City View
Prop.#: 91992","49,992"
K Wah Centre,NORTH POINT,"K Wah Centre
NORTH POINT
Rental: HKD 49,989 / 18 p.s.f.
Size: 2,850 s.f.
Bare Shell, Low Floor, Sea View
Prop.#: 36564","49,989"
Eubank Plaza,CENTRAL,"Eubank Plaza
CENTRAL
Rental: HKD 49,966 / 30 p.s.f.
Size: 1,660 s.f.
Furnished, Low Floor, City View
Prop.#: 33931","49,966"
Beverley Commercial Centre,TSIM SHA TSUI,"Beverley Commercial Centre
TSIM SHA TSUI
Rental: HKD 49,950 / 27 p.s.f.
Price: HKD 14.6M / 7,900 p.s.f.
Size: 1,850 s.f.
Partially Fitted, Low Floor
Prop.#: 70413","49,950"
Ocean Centre,TSIM SHA TSUI,"Ocean Centre
TSIM SHA TSUI
Rental: HKD 49,830 / 30 p.s.f.
Size: 1,661 s.f.
Bare Shell, Low Floor, City View
Prop.#: 45707","49,830"
United Asia Finance Centre,WAN CHAI,"VR TOUR
United Asia Finance Centre
WAN CHAI
Rental: HKD 49,830 / 33 p.s.f.
Size: 1,510 s.f.
Fully Fitted, Mid Floor, City View
Prop.#: 13414","49,830"
Houston Centre,TSIM SHA TSUI,"Houston Centre
TSIM SHA TSUI
Rental: HKD 49,726 / 23 p.s.f.
Size: 2,162 s.f.
Fully Fitted
Prop.#: 91534","49,726"
"Chinachem Exchange Square, Two",NORTH POINT,"Chinachem Exchange Square, Two
NORTH POINT
Rental: HKD 49,720 / 22 p.s.f.
Size: 2,260 s.f.
Fully Fitted, Mid Floor, City View
Prop.#: 236","49,720"
1 Lyndhurst Tower,CENTRAL,"1 Lyndhurst Tower
CENTRAL
Rental: HKD 49,660 / 26 p.s.f.
Size: 1,910 s.f.
Bare Shell, Mid Floor, City View
Prop.#: 57102","49,660"
"Hennessy Road, 239",WAN CHAI,"Hennessy Road, 239
WAN CHAI
Rental: HKD 49,620 / 30 p.s.f.
Size: 1,654 s.f.
Fully Fitted, Mid Floor, City View
Prop.#: 62837","49,620"
Silvercord - Tower 2,TSIM SHA TSUI,"Silvercord - Tower 2
TSIM SHA TSUI
Rental: HKD 49,566 / 33 p.s.f.
Size: 1,502 s.f.
Fully Fitted, Mid Floor, City View
Prop.#: 75580","49,566"
K Wah Centre,NORTH POINT,"K Wah Centre
NORTH POINT
Rental: HKD 49,518 / 18 p.s.f.
Size: 2,751 s.f.
Fully Fitted, Sea View
Prop.#: 92084","49,518"
Tern Commercial Building,TSIM SHA TSUI,"Tern Commercial Building
TSIM SHA TSUI
Rental: HKD 49,514 / 38 p.s.f.
Size: 1,303 s.f.
Fully Fitted, Low Floor, City View
Prop.#: 82372","49,514"
Tern Commercial Building,TSIM SHA TSUI,"Tern Commercial Building
TSIM SHA TSUI
Rental: HKD 49,501 / 38 p.s.f.
Size: 1,303 s.f.
Fully Fitted, City View
Prop.#: 31732","49,501"
Harbour Commercial Building,SHEUNG WAN,"Harbour Commercial Building
SHEUNG WAN
Rental: HKD 49,500 / 23 p.s.f.
Size: 2,200 s.f.
Fully Fitted
Prop.#: 79711","49,500"
Chung Fung Commercial Building,TSIM SHA TSUI,"Chung Fung Commercial Building
TSIM SHA TSUI
Rental: HKD 49,438 / 38 p.s.f.
Size: 1,301 s.f.
Fully Fitted, Mid Floor
Prop.#: 72947","49,438"
The Hennessy,WAN CHAI,"The Hennessy
WAN CHAI
Rental: HKD 49,320 / 30 p.s.f.
Size: 1,644 s.f.
Fully Fitted, Low Floor, City View
Prop.#: 47200","49,320"
Chinachem Exchange Square,QUARRY BAY,"Chinachem Exchange Square
QUARRY BAY
Rental: HKD 49,289 / 23 p.s.f.
Size: 2,143 s.f.
Bare Shell, Mid Floor, Sea View
Prop.#: 88550","49,289"
China Hong Kong Tower,WAN CHAI,"China Hong Kong Tower
WAN CHAI
Rental: HKD 49,230 / 30 p.s.f.
Size: 1,641 s.f.
Fully Fitted, High Floor, Partial Seaview
Prop.#: 537","49,230"
C C Wu Building,WAN CHAI,"C C Wu Building
WAN CHAI
Rental: HKD 49,140 / 28 p.s.f.
Size: 1,755 s.f.
Bare Shell, High Floor, City View
Prop.#: 85985","49,140"
Concordia Plaza,TSIM SHA TSUI,"Concordia Plaza
TSIM SHA TSUI
Rental: HKD 49,140 / 26 p.s.f.
Size: 1,890 s.f.
Mid Floor, City View
Prop.#: 47600","49,140"
Yam Tze Commercial Building,WAN CHAI,"Yam Tze Commercial Building
WAN CHAI
Rental: HKD 49,120 / 20 p.s.f.
Size: 2,456 s.f.
Fully Fitted
Prop.#: 74762","49,120"
Hong Kong Plaza,WESTERN / KENNEDY TOWN,"Hong Kong Plaza
WESTERN / KENNEDY TOWN
Rental: HKD 49,042 / 31 p.s.f.
Size: 1,582 s.f.
Fully Fitted
Prop.#: 87300","49,042"
Lippo Leighton Tower,CAUSEWAY BAY,"Lippo Leighton Tower
CAUSEWAY BAY
Rental: HKD 49,036 / 26 p.s.f.
Size: 1,886 s.f.
Fully Fitted, Mid Floor, Garden View
Prop.#: 12670","49,036"
"Hing Fat Street, 88",NORTH POINT,"Hing Fat Street, 88
NORTH POINT
Rental: HKD 49,000 / 35 p.s.f.
Size: 1,400 s.f.
Fully Fitted, High Floor, Sea View
Prop.#: 76763","49,000"
East Town Building,WAN CHAI,"East Town Building
WAN CHAI
Rental: HKD 48,980 / 31 p.s.f.
Size: 1,580 s.f.
Bare Shell, Low Floor, City View
Prop.#: 26631","48,980"
Plaza 228,WAN CHAI,"Plaza 228
WAN CHAI
Rental: HKD 48,939 / 33 p.s.f.
Size: 1,483 s.f.
High Floor
Prop.#: 92194","48,939"
New Henry House,CENTRAL,"New Henry House
CENTRAL
Rental: HKD 48,930 / 70 p.s.f.
Size: 699 s.f.
Bare Shell, Low Floor, City View
Prop.#: 44628","48,930"
"Electric Road, 148",NORTH POINT,"Electric Road, 148
NORTH POINT
Rental: HKD 48,916 / 28 p.s.f.
Size: 1,747 s.f.
Fully Fitted, Mid Floor, City View
Prop.#: 25189","48,916"
Lippo Sun Plaza,TSIM SHA TSUI,"Lippo Sun Plaza
TSIM SHA TSUI
Rental: HKD 48,544 / 32 p.s.f.
Size: 1,517 s.f.
Fully Fitted, City View
Prop.#: 44106","48,544"
"Wan Chai Road, 83",WAN CHAI,"Wan Chai Road, 83
WAN CHAI
Rental: HKD 48,532 / 22 p.s.f.
Size: 2,206 s.f.
Fully Fitted, Low Floor, City View
Prop.#: 58278","48,532"
"Electric Road, 148",NORTH POINT,"Electric Road, 148
NORTH POINT
Rental: HKD 48,496 / 28 p.s.f.
Size: 1,732 s.f.
Bare Shell, Low Floor, City View
Prop.#: 66460","48,496"
K Wah Centre,NORTH POINT,"K Wah Centre
NORTH POINT
Rental: HKD 48,468 / 21 p.s.f.
Size: 2,308 s.f.
Bare Shell, Mid Floor, Sea View
Prop.#: 1588","48,468"
Lippo Centre - Tower 1,ADMIRALTY,"Lippo Centre - Tower 1
ADMIRALTY
Rental: HKD 48,450 / 50 p.s.f.
Size: 969 s.f.
Fully Fitted, Mid Floor, City View
Prop.#: 8811","48,450"
Hollywood Centre,SHEUNG WAN,"Hollywood Centre
SHEUNG WAN
Rental: HKD 48,343 / 29 p.s.f.
Size: 1,667 s.f.
Bare Shell, Low Floor, City View
Prop.#: 76803","48,343"
K Wah Centre,NORTH POINT,"K Wah Centre
NORTH POINT
Rental: HKD 48,312 / 22 p.s.f.
Size: 2,196 s.f.
Low Floor
Prop.#: 90765","48,312"
Park Tower,JORDAN,"Park Tower
JORDAN
Rental: HKD 48,300 / 23 p.s.f.
Size: 2,100 s.f.
Bare Shell, Mid Floor, Sea View
Prop.#: 30270","48,300"
Prosperous Building,CENTRAL,"Prosperous Building
CENTRAL
Rental: HKD 48,280 / 40 p.s.f.
Size: 1,207 s.f.
Bare Shell, High Floor, City View
Prop.#: 10827","48,280"
Prosperous Building,CENTRAL,"Prosperous Building
CENTRAL
Rental: HKD 48,280 / 40 p.s.f.
Size: 1,207 s.f.
Partially Fitted, High Floor, City View
Prop.#: 57350","48,280"
Pacific Plaza,WESTERN / KENNEDY TOWN,"Pacific Plaza
WESTERN / KENNEDY TOWN
Rental: HKD 48,216 / 28 p.s.f.
Size: 1,722 s.f.
Bare Shell, High Floor, Partial Seaview
Prop.#: 37217","48,216"
Westlands Centre,QUARRY BAY,"Westlands Centre
QUARRY BAY
Rental: HKD 48,160 / 20 p.s.f.
Size: 2,408 s.f.
Bare Shell, Mid Floor
Prop.#: 89264","48,160"
Austin Plaza,JORDAN,"Austin Plaza
JORDAN
Rental: HKD 48,132 / 28 p.s.f.
Size: 1,719 s.f.
Mid Floor, Park View
Prop.#: 4687","48,132"
"Pak Sha Road, 18-20 - Res",CAUSEWAY BAY,"Pak Sha Road, 18-20 - Res
CAUSEWAY BAY
Rental: HKD 48,004 / 39 p.s.f.
Size: 1,235 s.f.
Bare Shell, Mid Floor
Prop.#: 92031","48,004"
Silvercord - Tower 2,TSIM SHA TSUI,"Silvercord - Tower 2
TSIM SHA TSUI
Rental: HKD 48,004 / 44 p.s.f.
Size: 1,100 s.f.
Furnished, City View
Prop.#: 87837","48,004"
Goldsland Building,TSIM SHA TSUI,"Goldsland Building
TSIM SHA TSUI
Rental: HKD 48,003 / 21 p.s.f.
Size: 2,275 s.f.
Bare Shell, Mid Floor, City View
Prop.#: 55240","48,003"
Fortune House,CENTRAL,"Fortune House
CENTRAL
Rental: HKD 48,000 / 20 p.s.f.
Size: 2,400 s.f.
Bare Shell, Low Floor, City View
Prop.#: 70294","48,000"
Wing Kwok Centre,JORDAN,"Wing Kwok Centre
JORDAN
Rental: HKD 48,000 / 50 p.s.f.
Size: 960 s.f.
Low Floor
Prop.#: 91943","48,000"
VC House,CENTRAL,"VC House
CENTRAL
Rental: HKD 47,998 / 37 p.s.f.
Size: 1,305 s.f.
Fully Fitted, Mid Floor, City View
Prop.#: 870","47,998"
Duke Wellington House,CENTRAL,"Duke Wellington House
CENTRAL
Rental: HKD 47,996 / 37 p.s.f.
Size: 1,300 s.f.
Fully Fitted, Low Floor, City View
Prop.#: 8040","47,996"
Tung Kai Building,WAN CHAI,"Tung Kai Building
WAN CHAI
Rental: HKD 47,996 / 92 p.s.f.
Size: 520 s.f.
Low Floor
Prop.#: 85654","47,996"
New East Ocean Centre,TSIM SHA TSUI,"New East Ocean Centre
TSIM SHA TSUI
Rental: HKD 47,996 / 25 p.s.f.
Size: 1,959 s.f.
Fully Fitted, Low Floor, City View
Prop.#: 9209","47,996"
VC House,CENTRAL,"VC House
CENTRAL
Rental: HKD 47,995 / 39 p.s.f.
Size: 1,220 s.f.
Fully Fitted, High Floor, City View
Prop.#: 32734","47,995"
Chung Wai Commercial Building,CAUSEWAY BAY,"Chung Wai Commercial Building
CAUSEWAY BAY
Rental: HKD 47,993 / 31 p.s.f.
Size: 1,526 s.f.
Fully Fitted, City View
Prop.#: 52953","47,993"
Ocean Centre,TSIM SHA TSUI,"Ocean Centre
TSIM SHA TSUI
Rental: HKD 47,957 / 31 p.s.f.
Size: 1,547 s.f.
Bare Shell, High Floor, City View
Prop.#: 86955","47,957"
The Loop,CENTRAL,"The Loop
CENTRAL
Rental: HKD 47,796 / 28 p.s.f.
Size: 1,707 s.f.
Bare Shell, Mid Floor, City View
Prop.#: 27418","47,796"
Landmark South,WONG CHUK HANG,"Landmark South
WONG CHUK HANG
Rental: HKD 47,790 / 27 p.s.f.
Size: 1,770 s.f.
Bare Shell, High Floor, City View
Prop.#: 83551","47,790"
Nan Dao Commercial Building,SHEUNG WAN,"Nan Dao Commercial Building
SHEUNG WAN
Rental: HKD 47,760 / 24 p.s.f.
Price: HKD 13.5M / 6,800 p.s.f.
Size: 1,990 s.f.
Bare Shell, Mid Floor, City View
Prop.#: 32993","47,760"
New Henry House,CENTRAL,"New Henry House
CENTRAL
Rental: HKD 47,600 / 70 p.s.f.
Size: 680 s.f.
Bare Shell, Low Floor, City View
Prop.#: 83789","47,600"
New Henry House,CENTRAL,"New Henry House
CENTRAL
Rental: HKD 47,600 / 70 p.s.f.
Size: 680 s.f.
Bare Shell, Low Floor, City View
Prop.#: 85820","47,600"
New Henry House,CENTRAL,"New Henry House
CENTRAL
Rental: HKD 47,600 / 70 p.s.f.
Size: 680 s.f.
Bare Shell, Low Floor, City View
Prop.#: 51319","47,600"
New Henry House,CENTRAL,"New Henry House
CENTRAL
Rental: HKD 47,600 / 70 p.s.f.
Size: 680 s.f.
Bare Shell, Low Floor, City View
Prop.#: 60072","47,600"
"Des Voeux Road West, 33",SHEUNG WAN,"Des Voeux Road West, 33
SHEUNG WAN
Rental: HKD 47,550 / 25 p.s.f.
Size: 1,902 s.f.
Bare Shell, City View
Prop.#: 89811","47,550"
LKF29 (Onfem Tower),CENTRAL,"LKF29 (Onfem Tower)
CENTRAL
Rental: HKD 47,520 / 33 p.s.f.
Size: 1,440 s.f.
Fully Fitted, Low Floor, Open View
Prop.#: 1644","47,520"
"Cheung Sha Wan Road, 909",CHEUNG SHA WAN / LAI CHI KOK,"Cheung Sha Wan Road, 909
CHEUNG SHA WAN / LAI CHI KOK
Rental: HKD 47,493 / 27 p.s.f.
Size: 1,759 s.f.
Fully Fitted, Low Floor
Prop.#: 88223","47,493"
"Cheung Sha Wan Road, 909",CHEUNG SHA WAN / LAI CHI KOK,"Cheung Sha Wan Road, 909
CHEUNG SHA WAN / LAI CHI KOK
Rental: HKD 47,493 / 27 p.s.f.
Size: 1,759 s.f.
Bare Shell, Mid Floor, Open View
Prop.#: 57454","47,493"
Sun Hung Kai Centre,WAN CHAI,"Sun Hung Kai Centre
WAN CHAI
Rental: HKD 47,430 / 62 p.s.f.
Size: 765 s.f.
Bare Shell, High Floor, City View
Prop.#: 91050","47,430"
Siu On Plaza,CAUSEWAY BAY,"Siu On Plaza
CAUSEWAY BAY
Rental: HKD 47,425 / 35 p.s.f.
Size: 1,355 s.f.
Bare Shell
Prop.#: 68744","47,425"
Chuang's Tower,CENTRAL,"Chuang's Tower
CENTRAL
Rental: HKD 47,385 / 45 p.s.f.
Size: 1,053 s.f.
Bare Shell, Low Floor
Prop.#: 2312","47,385"
Kam Sang Building,SHEUNG WAN,"Kam Sang Building
SHEUNG WAN
Rental: HKD 47,334 / 23 p.s.f.
Size: 2,058 s.f.
Bare Shell, Low Floor, City View
Prop.#: 76244","47,334"
Admiralty Centre - Tower 1,ADMIRALTY,"Admiralty Centre - Tower 1
ADMIRALTY
Rental: HKD 47,310 / 38 p.s.f.
Price: HKD 18.4M / 14,800 p.s.f.
Size: 1,245 s.f.
Partially Fitted, City View
Prop.#: 91083","47,310"
Admiralty Centre - Tower 1,ADMIRALTY,"Admiralty Centre - Tower 1
ADMIRALTY
Rental: HKD 47,310 / 38 p.s.f.
Price: HKD 17.7M / 14,200 p.s.f.
Size: 1,245 s.f.
Partially Fitted, City View
Prop.#: 90743","47,310"
Landmark South,WONG CHUK HANG,"Landmark South
WONG CHUK HANG
Rental: HKD 47,304 / 27 p.s.f.
Size: 1,752 s.f.
Bare Shell, High Floor, Mountain View
Prop.#: 83549","47,304"
Lee & Man Commercial Center,NORTH POINT,"Lee & Man Commercial Center
NORTH POINT
Rental: HKD 47,196 / 27 p.s.f.
Size: 1,748 s.f.
Partially Fitted, Mid Floor, City View
Prop.#: 88492","47,196"
Chinachem Golden Plaza,TSIM SHA TSUI,"Chinachem Golden Plaza
TSIM SHA TSUI
Rental: HKD 47,150 / 23 p.s.f.
Size: 2,050 s.f.
Bare Shell, High Floor, City View
Prop.#: 29695","47,150"
China Insurance Building,TSIM SHA TSUI,"China Insurance Building
TSIM SHA TSUI
Rental: HKD 47,040 / 28 p.s.f.
Size: 1,680 s.f.
Bare Shell, Mid Floor, City View
Prop.#: 76479","47,040"
Wyndham Place,CENTRAL,"Wyndham Place
CENTRAL
Rental: HKD 47,040 / 28 p.s.f.
Size: 1,680 s.f.
Fully Fitted, City View
Prop.#: 88803","47,040"
"Electric Road, 148",NORTH POINT,"Electric Road, 148
NORTH POINT
Rental: HKD 46,984 / 28 p.s.f.
Size: 1,678 s.f.
Bare Shell, Mid Floor, City View
Prop.#: 13248","46,984"
Lippo Sun Plaza,TSIM SHA TSUI,"Lippo Sun Plaza
TSIM SHA TSUI
Rental: HKD 46,976 / 32 p.s.f.
Size: 1,468 s.f.
Partially Fitted, Mid Floor, Partial Seaview
Prop.#: 89220","46,976"
One Hysan Avenue,CAUSEWAY BAY,"One Hysan Avenue
CAUSEWAY BAY
Rental: HKD 46,896 / 48 p.s.f.
Size: 977 s.f.
Fully Fitted, Mid Floor, City View
Prop.#: 50787","46,896"
Grand Century Place - Tower I,MONG KOK / TAI KOK TSUI,"Grand Century Place - Tower I
MONG KOK / TAI KOK TSUI
Rental: HKD 46,800 / 36 p.s.f.
Size: 1,300 s.f.
Mid Floor
Prop.#: 82412","46,800"
Admiralty Centre - Tower 1,ADMIRALTY,"Admiralty Centre - Tower 1
ADMIRALTY
Rental: HKD 46,740 / 38 p.s.f.
Price: HKD 17.8M / 14,500 p.s.f.
Size: 1,230 s.f.
Partially Fitted, City View
Prop.#: 91084","46,740"
Printing House,CENTRAL,"Printing House
CENTRAL
Rental: HKD 46,695 / 55 p.s.f.
Size: 849 s.f.
Bare Shell, Mid Floor, City View
Prop.#: 73864","46,695"
Max Share Centre,NORTH POINT,"Max Share Centre
NORTH POINT
Rental: HKD 46,690 / 23 p.s.f.
Price: HKD 15.0M / 7,389 p.s.f.
Size: 2,030 s.f.
Fully Fitted, Mid Floor
Prop.#: 2122","46,690"
Eubank Plaza,CENTRAL,"Eubank Plaza
CENTRAL
Rental: HKD 46,683 / 39 p.s.f.
Price: HKD 20.3M / 17,000 p.s.f.
Size: 1,197 s.f.
Fully Fitted, Low Floor, City View
Prop.#: 60133","46,683"
"Metropolis Tower, The",HUNG HOM / TO KWA WAN,"Metropolis Tower, The
HUNG HOM / TO KWA WAN
Rental: HKD 46,656 / 32 p.s.f.
Size: 1,458 s.f.
Mid Floor
Prop.#: 63248","46,656"
Chinachem Golden Plaza,TSIM SHA TSUI,"Chinachem Golden Plaza
TSIM SHA TSUI
Rental: HKD 46,620 / 28 p.s.f.
Size: 1,665 s.f.
Fully Fitted, High Floor, City View
Prop.#: 45929","46,620"
Wing On Cheong Building,SHEUNG WAN,"Wing On Cheong Building
SHEUNG WAN
Rental: HKD 46,603 / 24 p.s.f.
Size: 1,941 s.f.
Partially Fitted, Low Floor, City View
Prop.#: 27271","46,603"
Sands Building,TSIM SHA TSUI,"Sands Building
TSIM SHA TSUI
Rental: HKD 46,528 / 32 p.s.f.
Size: 1,454 s.f.
Mid Floor
Prop.#: 91641","46,528"
Sands Building,TSIM SHA TSUI,"Sands Building
TSIM SHA TSUI
Rental: HKD 46,528 / 32 p.s.f.
Size: 1,454 s.f.
Bare Shell, Mid Floor, City View
Prop.#: 90563","46,528"
"King's Road, 1063",QUARRY BAY,"King's Road, 1063
QUARRY BAY
Rental: HKD 46,512 / 38 p.s.f.
Size: 1,224 s.f.
Fully Fitted, Mid Floor, City View
Prop.#: 4585","46,512"
Guangdong Finance Building,SHEUNG WAN,"Guangdong Finance Building
SHEUNG WAN
Rental: HKD 46,420 / 22 p.s.f.
Size: 2,110 s.f.
Fully Fitted, High Floor, Sea View
Prop.#: 53343","46,420"
Chinachem Golden Plaza,TSIM SHA TSUI,"Chinachem Golden Plaza
TSIM SHA TSUI
Rental: HKD 46,414 / 23 p.s.f.
Size: 2,018 s.f.
Bare Shell, Mid Floor, City View
Prop.#: 30681","46,414"
Park Tower,JORDAN,"Park Tower
JORDAN
Rental: HKD 46,350 / 45 p.s.f.
Size: 1,030 s.f.
Bare Shell, Low Floor
Prop.#: 87064","46,350"
Strand 50 (Bonham Trade Centre),SHEUNG WAN,"Strand 50 (Bonham Trade Centre)
SHEUNG WAN
Rental: HKD 46,260 / 30 p.s.f.
Size: 1,542 s.f.
Fully Fitted, Mid Floor, City View
Prop.#: 30267","46,260"
Admiralty Centre - Tower 1,ADMIRALTY,"Admiralty Centre - Tower 1
ADMIRALTY
Rental: HKD 46,246 / 38 p.s.f.
Price: HKD 18.0M / 14,800 p.s.f.
Size: 1,217 s.f.
Partially Fitted, City View
Prop.#: 91082","46,246"
Siu On Plaza,CAUSEWAY BAY,"Siu On Plaza
CAUSEWAY BAY
Rental: HKD 46,240 / 32 p.s.f.
Size: 1,445 s.f.
Fully Fitted, Mid Floor, City View
Prop.#: 41600","46,240"
Chinachem Golden Plaza,TSIM SHA TSUI,"Chinachem Golden Plaza
TSIM SHA TSUI
Rental: HKD 46,230 / 23 p.s.f.
Size: 2,010 s.f.
Bare Shell, Low Floor, City View
Prop.#: 87637","46,230"
Chinachem Golden Plaza,TSIM SHA TSUI,"Chinachem Golden Plaza
TSIM SHA TSUI
Rental: HKD 46,230 / 23 p.s.f.
Size: 2,010 s.f.
Bare Shell, Low Floor, City View
Prop.#: 20140","46,230"
"Nathan Road, 700",MONG KOK / TAI KOK TSUI,"Nathan Road, 700
MONG KOK / TAI KOK TSUI
Rental: HKD 46,208 / 38 p.s.f.
Size: 1,216 s.f.
Prop.#: 90739","46,208"
"Gateway, The - Tower 1",TSIM SHA TSUI,"Gateway, The - Tower 1
TSIM SHA TSUI
Rental: HKD 46,200 / 42 p.s.f.
Size: 1,100 s.f.
Fully Fitted, Mid Floor, Open View
Prop.#: 73125","46,200"
"Sea View Estate, Block B",NORTH POINT,"Sea View Estate, Block B
NORTH POINT
Rental: HKD 46,080 / 12 p.s.f.
Size: 3,840 s.f.
Bare Shell, City View
Prop.#: 57676","46,080"
World Trust Tower,CENTRAL,"VR TOUR
World Trust Tower
CENTRAL
Rental: HKD 46,048 / 32 p.s.f.
Size: 1,439 s.f.
Fully Fitted, Low Floor, City View
Prop.#: 2278","46,048"
Centre Point,WAN CHAI,"Centre Point
WAN CHAI
Rental: HKD 46,044 / 18 p.s.f.
Size: 2,558 s.f.
Bare Shell, High Floor, City View
Prop.#: 91144","46,044"
Tai Tung Building,WAN CHAI,"Tai Tung Building
WAN CHAI
Rental: HKD 46,008 / 36 p.s.f.
Size: 1,278 s.f.
Fully Fitted, Mid Floor
Prop.#: 45151","46,008"
Shun On Commercial Building,CENTRAL,"Shun On Commercial Building
CENTRAL
Rental: HKD 46,005 / 31 p.s.f.
Size: 1,500 s.f.
Bare Shell, Low Floor
Prop.#: 66066","46,005"
Gold Swan Commercial Buidling,CAUSEWAY BAY,"Gold Swan Commercial Buidling
CAUSEWAY BAY
Rental: HKD 46,002 / 35 p.s.f.
Size: 1,320 s.f.
Partially Fitted, Low Floor
Prop.#: 92174","46,002"
OfficePlus @Sheung Wan,SHEUNG WAN,"OfficePlus @Sheung Wan
SHEUNG WAN
Rental: HKD 46,001 / 44 p.s.f.
Size: 1,050 s.f.
Furnished, High Floor, City View
Prop.#: 63633","46,001"
Li Dong Building,CENTRAL,"Li Dong Building
CENTRAL
Rental: HKD 45,995 / 33 p.s.f.
Size: 1,380 s.f.
Bare Shell, Mid Floor, City View
Prop.#: 55751","45,995"
Toi Shan Centre,WAN CHAI,"Toi Shan Centre
WAN CHAI
Rental: HKD 45,994 / 35 p.s.f.
Size: 1,310 s.f.
Mid Floor
Prop.#: 77074","45,994"
Universal Trade Centre,CENTRAL,"Universal Trade Centre
CENTRAL
Rental: HKD 45,925 / 28 p.s.f.
Size: 1,670 s.f.
Fully Fitted, Low Floor, City View
Prop.#: 42983","45,925"
"Lan Kwai Fong, 1",CENTRAL,"Lan Kwai Fong, 1
CENTRAL
Rental: HKD 45,850 / 50 p.s.f.
Size: 917 s.f.
Fully Fitted, Mid Floor, City View
Prop.#: 41929","45,850"
"Lan Kwai Fong, 1",CENTRAL,"Lan Kwai Fong, 1
CENTRAL
Rental: HKD 45,850 / 50 p.s.f.
Size: 917 s.f.
Fully Fitted, Low Floor, City View
Prop.#: 13805","45,850"
Lee West Commercial Building,WAN CHAI,"Lee West Commercial Building
WAN CHAI
Rental: HKD 45,850 / 25 p.s.f.
Size: 1,834 s.f.
Partially Fitted, High Floor, City View
Prop.#: 17200","45,850"
Lee West Commercial Building,WAN CHAI,"Lee West Commercial Building
WAN CHAI
Rental: HKD 45,850 / 25 p.s.f.
Size: 1,834 s.f.
Fully Fitted, High Floor, City View
Prop.#: 86437","45,850"
Lee West Commercial Building,WAN CHAI,"Lee West Commercial Building
WAN CHAI
Rental: HKD 45,850 / 25 p.s.f.
Size: 1,834 s.f.
Bare Shell, Mid Floor, City View
Prop.#: 86439","45,850"
Lee West Commercial Building,WAN CHAI,"Lee West Commercial Building
WAN CHAI
Rental: HKD 45,850 / 25 p.s.f.
Size: 1,834 s.f.
Bare Shell, City View
Prop.#: 30300","45,850"
Cosco Tower,SHEUNG WAN,"Cosco Tower
SHEUNG WAN
Rental: HKD 45,840 / 40 p.s.f.
Size: 1,146 s.f.
Fully Fitted, Mid Floor, City View
Prop.#: 60048","45,840"
Chinachem Leighton Plaza,CAUSEWAY BAY,"Chinachem Leighton Plaza
CAUSEWAY BAY
Rental: HKD 45,752 / 38 p.s.f.
Size: 1,204 s.f.
Fully Fitted, Mid Floor, Open View
Prop.#: 8981","45,752"
Citicorp Centre,NORTH POINT,"Citicorp Centre
NORTH POINT
Rental: HKD 45,750 / 25 p.s.f.
Size: 1,830 s.f.
Bare Shell, Sea View
Prop.#: 90725","45,750"
Shun Kwong Commercial Building,SHEUNG WAN,"Shun Kwong Commercial Building
SHEUNG WAN
Rental: HKD 45,654 / 21 p.s.f.
Size: 2,174 s.f.
Fully Fitted, Low Floor, City View
Prop.#: 41319","45,654"
Centre Mark II,SHEUNG WAN,"Centre Mark II
SHEUNG WAN
Rental: HKD 45,612 / 28 p.s.f.
Size: 1,629 s.f.
Fully Fitted, Mid Floor, City View
Prop.#: 36666","45,612"
Plaza 228,WAN CHAI,"Plaza 228
WAN CHAI
Rental: HKD 45,588 / 29 p.s.f.
Size: 1,572 s.f.
Bare Shell, High Floor
Prop.#: 91336","45,588"
"Hennessy Road, 369",WAN CHAI,"Hennessy Road, 369
WAN CHAI
Rental: HKD 45,570 / 31 p.s.f.
Size: 1,470 s.f.
Bare Shell, Mid Floor, City View
Prop.#: 88411","45,570"
Mirror Tower,TSIM SHA TSUI,"Mirror Tower
TSIM SHA TSUI
Rental: HKD 45,501 / 32 p.s.f.
Size: 1,410 s.f.
Bare Shell, Low Floor, City View
Prop.#: 56298","45,501"
Ho Lee Commercial Building,CENTRAL,"Ho Lee Commercial Building
CENTRAL
Rental: HKD 45,496 / 41 p.s.f.
Size: 1,100 s.f.
Fully Fitted, Low Floor, City View
Prop.#: 25559","45,496"
Cheong Sun Tower,SHEUNG WAN,"Cheong Sun Tower
SHEUNG WAN
Rental: HKD 45,402 / 23 p.s.f.
Size: 1,974 s.f.
Bare Shell, Mid Floor, City View
Prop.#: 27467","45,402"
Leighton Centre,CAUSEWAY BAY,"Leighton Centre
CAUSEWAY BAY
Rental: HKD 45,402 / 42 p.s.f.
Size: 1,081 s.f.
Bare Shell, Mid Floor, City View
Prop.#: 9074","45,402"
"Harbourfront, One",HUNG HOM / TO KWA WAN,"Harbourfront, One
HUNG HOM / TO KWA WAN
Rental: HKD 45,216 / 36 p.s.f.
Size: 1,256 s.f.
Fully Fitted, Low Floor, Partial Seaview
Prop.#: 86232","45,216"
Lippo Centre - Tower 2,ADMIRALTY,"Lippo Centre - Tower 2
ADMIRALTY
Rental: HKD 45,192 / 42 p.s.f.
Size: 1,076 s.f.
Fully Fitted, Sea View
Prop.#: 40717","45,192"
The Loop,CENTRAL,"The Loop
CENTRAL
Rental: HKD 45,180 / 30 p.s.f.
Size: 1,506 s.f.
Fully Fitted, High Floor, Open View
Prop.#: 27408","45,180"
Tesbury Centre,WAN CHAI,"Tesbury Centre
WAN CHAI
Rental: HKD 45,144 / 38 p.s.f.
Size: 1,188 s.f.
Fully Fitted, Low Floor, City View
Prop.#: 74409","45,144"
299QRC,SHEUNG WAN,"299QRC
SHEUNG WAN
Rental: HKD 45,063 / 27 p.s.f.
Size: 1,669 s.f.
Fully Fitted, Low Floor, City View
Prop.#: 63251","45,063"
Canton Plaza,TSIM SHA TSUI,"Canton Plaza
TSIM SHA TSUI
Rental: HKD 45,005 / 31 p.s.f.
Size: 1,431 s.f.
Fully Fitted, High Floor, City View
Prop.#: 24432","45,005"
L' Hart,CAUSEWAY BAY,"L' Hart
CAUSEWAY BAY
Rental: HKD 45,004 / 36 p.s.f.
Size: 1,267 s.f.
Fully Fitted, Mid Floor, City View
Prop.#: 43819","45,004"
Caltex House,WAN CHAI,"Caltex House
WAN CHAI
Rental: HKD 45,002 / 21 p.s.f.
Size: 2,192 s.f.
Fully Fitted, High Floor, City View
Prop.#: 43466","45,002"
South Seas Centre - Tower 1,TSIM SHA TSUI,"South Seas Centre - Tower 1
TSIM SHA TSUI
Rental: HKD 45,001 / 29 p.s.f.
Size: 1,574 s.f.
Fully Fitted, High Floor
Prop.#: 70237","45,001"
Shun Pont Commercial Building,WAN CHAI,"Shun Pont Commercial Building
WAN CHAI
Rental: HKD 45,000 / 24 p.s.f.
Price: HKD 14.0M / 7,494 p.s.f.
Size: 1,868 s.f.
Fully Fitted, Mid Floor
Prop.#: 63326","45,000"
Sunshine Plaza,WAN CHAI,"Sunshine Plaza
WAN CHAI
Rental: HKD 44,998 / 58 p.s.f.
Size: 780 s.f.
Bare Shell, Low Floor
Prop.#: 48614","44,998"
Centre Mark II,SHEUNG WAN,"Centre Mark II
SHEUNG WAN
Rental: HKD 44,998 / 86 p.s.f.
Size: 525 s.f.
Bare Shell, Low Floor
Prop.#: 87073","44,998"
Oriental Crystal Finance Centre,TSIM SHA TSUI,"Oriental Crystal Finance Centre
TSIM SHA TSUI
Rental: HKD 44,997 / 27 p.s.f.
Size: 1,698 s.f.
Fully Fitted, Low Floor
Prop.#: 69094","44,997"
Dominion Centre,WAN CHAI,"Dominion Centre
WAN CHAI
Rental: HKD 44,996 / 29 p.s.f.
Size: 1,570 s.f.
Bare Shell, Low Floor, City View
Prop.#: 39268","44,996"
Grand Millennium Plaza,SHEUNG WAN,"Grand Millennium Plaza
SHEUNG WAN
Rental: HKD 44,960 / 32 p.s.f.
Size: 1,405 s.f.
Fully Fitted, Mid Floor, City View
Prop.#: 86888","44,960"
Casey Building,SHEUNG WAN,"Casey Building
SHEUNG WAN
Rental: HKD 44,940 / 21 p.s.f.
Size: 2,140 s.f.
Bare Shell, Mid Floor
Prop.#: 80800","44,940"
Casey Building,SHEUNG WAN,"Casey Building
SHEUNG WAN
Rental: HKD 44,940 / 21 p.s.f.
Size: 2,140 s.f.
Fully Fitted, Mid Floor, City View
Prop.#: 19883","44,940"
Park Commercial Centre,CAUSEWAY BAY,"Park Commercial Centre
CAUSEWAY BAY
Rental: HKD 44,940 / 30 p.s.f.
Size: 1,498 s.f.
Fully Fitted, Mid Floor, City View
Prop.#: 42810","44,940"
China Overseas Building,WAN CHAI,"China Overseas Building
WAN CHAI
Rental: HKD 44,856 / 36 p.s.f.
Size: 1,246 s.f.
Bare Shell, Mid Floor, City View
Prop.#: 66238","44,856"
Park Commercial Centre,CAUSEWAY BAY,"Park Commercial Centre
CAUSEWAY BAY
Rental: HKD 44,850 / 30 p.s.f.
Size: 1,495 s.f.
Bare Shell, Low Floor, Park View
Prop.#: 79940","44,850"
"Jardine's Bazaar, 36",CAUSEWAY BAY,"Jardine's Bazaar, 36
CAUSEWAY BAY
Rental: HKD 44,803 / 41 p.s.f.
Size: 1,100 s.f.
Bare Shell, High Floor, City View
Prop.#: 75963","44,803"
Island Place Tower,NORTH POINT,"Island Place Tower
NORTH POINT
Rental: HKD 44,770 / 22 p.s.f.
Size: 2,035 s.f.
Bare Shell, Low Floor, City View
Prop.#: 87648","44,770"
Siu On Plaza,CAUSEWAY BAY,"Siu On Plaza
CAUSEWAY BAY
Rental: HKD 44,715 / 33 p.s.f.
Size: 1,355 s.f.
Fully Fitted
Prop.#: 39493","44,715"
"Hennessy Road, 239",WAN CHAI,"Hennessy Road, 239
WAN CHAI
Rental: HKD 44,658 / 27 p.s.f.
Size: 1,654 s.f.
Fully Fitted, High Floor, Open View
Prop.#: 62840","44,658"
"Hennessy Road, 239",WAN CHAI,"Hennessy Road, 239
WAN CHAI
Rental: HKD 44,658 / 27 p.s.f.
Size: 1,654 s.f.
Fully Fitted, City View
Prop.#: 62846","44,658"
"Hennessy Road, 369",WAN CHAI,"Hennessy Road, 369
WAN CHAI
Rental: HKD 44,640 / 31 p.s.f.
Size: 1,440 s.f.
Bare Shell, Low Floor
Prop.#: 88410","44,640"
Loke Yew Building,CENTRAL,"Loke Yew Building
CENTRAL
Rental: HKD 44,640 / 48 p.s.f.
Size: 930 s.f.
Bare Shell, Mid Floor
Prop.#: 90729","44,640"
Wah Hing Commercial Building,WAN CHAI,"Wah Hing Commercial Building
WAN CHAI
Rental: HKD 44,604 / 28 p.s.f.
Size: 1,593 s.f.
Fully Fitted
Prop.#: 60010","44,604"
Somptueux Central,CENTRAL,"Somptueux Central
CENTRAL
Rental: HKD 44,550 / 33 p.s.f.
Size: 1,350 s.f.
Fully Fitted, High Floor, City View
Prop.#: 56474","44,550"
Kwai Hung Holdings Centre,NORTH POINT,"Kwai Hung Holdings Centre
NORTH POINT
Rental: HKD 44,520 / 28 p.s.f.
Size: 1,590 s.f.
Bare Shell, High Floor, City View
Prop.#: 55830","44,520"
Landmark South,WONG CHUK HANG,"Landmark South
WONG CHUK HANG
Rental: HKD 44,415 / 27 p.s.f.
Size: 1,645 s.f.
Bare Shell, High Floor, City View
Prop.#: 83552","44,415"
Lucky Building,CENTRAL,"Lucky Building
CENTRAL
Rental: HKD 44,384 / 32 p.s.f.
Size: 1,387 s.f.
Fully Fitted, Mid Floor, City View
Prop.#: 87650","44,384"
Lucky Building,CENTRAL,"Lucky Building
CENTRAL
Rental: HKD 44,384 / 32 p.s.f.
Size: 1,387 s.f.
Fully Fitted, City View
Prop.#: 88820","44,384"
Yu Yuet Lai Building,CENTRAL,"Yu Yuet Lai Building
CENTRAL
Rental: HKD 44,316 / 36 p.s.f.
Size: 1,231 s.f.
Bare Shell, Mid Floor
Prop.#: 88997","44,316"
Yu Yuet Lai Building,CENTRAL,"Yu Yuet Lai Building
CENTRAL
Rental: HKD 44,316 / 36 p.s.f.
Size: 1,231 s.f.
Low Floor, City View
Prop.#: 62726","44,316"
Siu On Centre,WAN CHAI,"Siu On Centre
WAN CHAI
Rental: HKD 44,256 / 24 p.s.f.
Size: 1,844 s.f.
Fully Fitted, City View
Prop.#: 92133","44,256"
Landmark South,WONG CHUK HANG,"Landmark South
WONG CHUK HANG
Rental: HKD 44,250 / 25 p.s.f.
Size: 1,770 s.f.
Fully Fitted, Mid Floor, City View
Prop.#: 83590","44,250"
Pioneer Centre,MONG KOK / TAI KOK TSUI,"Pioneer Centre
MONG KOK / TAI KOK TSUI
Rental: HKD 44,226 / 39 p.s.f.
Size: 1,134 s.f.
Fully Fitted, Mid Floor
Prop.#: 74826","44,226"
Eton Building,SHEUNG WAN,"Eton Building
SHEUNG WAN
Rental: HKD 44,200 / 20 p.s.f.
Size: 2,210 s.f.
Fully Fitted, Low Floor, City View
Prop.#: 55283","44,200"
China Hong Kong City - Tower 1,TSIM SHA TSUI,"China Hong Kong City - Tower 1
TSIM SHA TSUI
Rental: HKD 44,128 / 28 p.s.f.
Size: 1,576 s.f.
Bare Shell, High Floor, City View
Prop.#: 11442","44,128"
Port 33,SAN PO KONG,"Port 33
SAN PO KONG
Rental: HKD 44,100 / 18 p.s.f.
Size: 2,450 s.f.
Bare Shell, High Floor
Prop.#: 75811","44,100"
Winsan Tower,WAN CHAI,"Winsan Tower
WAN CHAI
Rental: HKD 44,088 / 22 p.s.f.
Size: 2,004 s.f.
Bare Shell, High Floor, City View
Prop.#: 15231","44,088"
Winsan Tower,WAN CHAI,"Winsan Tower
WAN CHAI
Rental: HKD 44,088 / 22 p.s.f.
Size: 2,004 s.f.
Fully Fitted, Mid Floor, City View
Prop.#: 19314","44,088"
Plaza 228,WAN CHAI,"Plaza 228
WAN CHAI
Rental: HKD 44,016 / 28 p.s.f.
Size: 1,572 s.f.
Bare Shell, Low Floor, City View
Prop.#: 87114","44,016"
Plaza 228,WAN CHAI,"Plaza 228
WAN CHAI
Rental: HKD 44,016 / 28 p.s.f.
Size: 1,572 s.f.
Bare Shell, Mid Floor, City View
Prop.#: 88327","44,016"
Delta House,SHATIN / FO TAN,"Delta House
SHATIN / FO TAN
Rental: HKD 44,004 / 19 p.s.f.
Size: 2,316 s.f.
Mid Floor
Prop.#: 21220","44,004"
Kam Lung Commercial Centre,TSIM SHA TSUI,"Kam Lung Commercial Centre
TSIM SHA TSUI
Rental: HKD 43,995 / 31 p.s.f.
Size: 1,398 s.f.
Fully Fitted, Low Floor, City View
Prop.#: 63154","43,995"
Inter-Continental Plaza,TSIM SHA TSUI,"Inter-Continental Plaza
TSIM SHA TSUI
Rental: HKD 43,940 / 26 p.s.f.
Price: HKD 15.2M / 9,000 p.s.f.
Size: 1,690 s.f.
Fully Fitted, High Floor, City View
Prop.#: 18525","43,940"
Kinwick Centre,CENTRAL,"Kinwick Centre
CENTRAL
Rental: HKD 43,920 / 40 p.s.f.
Size: 1,098 s.f.
High Floor
Prop.#: 91708","43,920"
Wing Kwok Centre,JORDAN,"Wing Kwok Centre
JORDAN
Rental: HKD 43,809 / 26 p.s.f.
Size: 1,718 s.f.
Fully Fitted, City View
Prop.#: 82092","43,809"
Effectual Building,WAN CHAI,"Effectual Building
WAN CHAI
Rental: HKD 43,804 / 26 p.s.f.
Size: 1,688 s.f.
Fully Fitted, Mid Floor, City View
Prop.#: 10678","43,804"
Lamma Tower,TSIM SHA TSUI,"Lamma Tower
TSIM SHA TSUI
Rental: HKD 43,802 / 36 p.s.f.
Size: 1,208 s.f.
Fully Fitted, Low Floor, City View
Prop.#: 23995","43,802"
"Jardine's Bazaar, 36",CAUSEWAY BAY,"Jardine's Bazaar, 36
CAUSEWAY BAY
Rental: HKD 43,802 / 40 p.s.f.
Size: 1,100 s.f.
Bare Shell, Low Floor, City View
Prop.#: 75958","43,802"
Lucky Building,CENTRAL,"Lucky Building
CENTRAL
Rental: HKD 43,776 / 32 p.s.f.
Size: 1,368 s.f.
Bare Shell, Low Floor, City View
Prop.#: 88753","43,776"
Ritz Plaza,JORDAN,"Ritz Plaza
JORDAN
Rental: HKD 43,775 / 25 p.s.f.
Size: 1,751 s.f.
Mid Floor, City View
Prop.#: 69392","43,775"
Ritz Plaza,JORDAN,"Ritz Plaza
JORDAN
Rental: HKD 43,775 / 25 p.s.f.
Size: 1,751 s.f.
Fully Fitted, High Floor, Open View
Prop.#: 4009","43,775"
Bowtie Life Insurance Tower,WAN CHAI,"Bowtie Life Insurance Tower
WAN CHAI
Rental: HKD 43,750 / 35 p.s.f.
Size: 1,250 s.f.
Fully Fitted, Mid Floor, City View
Prop.#: 2493","43,750"
Bowtie Life Insurance Tower,WAN CHAI,"Bowtie Life Insurance Tower
WAN CHAI
Rental: HKD 43,750 / 35 p.s.f.
Size: 1,250 s.f.
Fully Fitted, Mid Floor, Open View
Prop.#: 3858","43,750"
Bowtie Life Insurance Tower,WAN CHAI,"Bowtie Life Insurance Tower
WAN CHAI
Rental: HKD 43,750 / 35 p.s.f.
Size: 1,250 s.f.
Fully Fitted, Mid Floor, City View
Prop.#: 3859","43,750"
Bowtie Life Insurance Tower,WAN CHAI,"Bowtie Life Insurance Tower
WAN CHAI
Rental: HKD 43,750 / 35 p.s.f.
Size: 1,250 s.f.
Fully Fitted, High Floor, Open View
Prop.#: 3860","43,750"
Bowtie Life Insurance Tower,WAN CHAI,"Bowtie Life Insurance Tower
WAN CHAI
Rental: HKD 43,750 / 35 p.s.f.
Size: 1,250 s.f.
Fully Fitted, City View
Prop.#: 91236","43,750"
Bowtie Life Insurance Tower,WAN CHAI,"Bowtie Life Insurance Tower
WAN CHAI
Rental: HKD 43,750 / 35 p.s.f.
Size: 1,250 s.f.
Fully Fitted, High Floor, City View
Prop.#: 91239","43,750"
Bowtie Life Insurance Tower,WAN CHAI,"Bowtie Life Insurance Tower
WAN CHAI
Rental: HKD 43,750 / 35 p.s.f.
Size: 1,250 s.f.
Fully Fitted, High Floor, City View
Prop.#: 91241","43,750"
Bowtie Life Insurance Tower,WAN CHAI,"Bowtie Life Insurance Tower
WAN CHAI
Rental: HKD 43,750 / 35 p.s.f.
Size: 1,250 s.f.
Fully Fitted, Low Floor, City View
Prop.#: 91243","43,750"
Fortress Tower,NORTH POINT,"Fortress Tower
NORTH POINT
Rental: HKD 43,725 / 25 p.s.f.
Price: HKD 12.2M / 7,000 p.s.f.
Size: 1,749 s.f.
Fully Fitted, Low Floor, City View
Prop.#: 36482","43,725"
Printing House,CENTRAL,"Printing House
CENTRAL
Rental: HKD 43,725 / 55 p.s.f.
Size: 795 s.f.
Bare Shell, Low Floor, City View
Prop.#: 51967","43,725"
"Hennessy Road, 369",WAN CHAI,"Hennessy Road, 369
WAN CHAI
Rental: HKD 43,710 / 31 p.s.f.
Size: 1,410 s.f.
Bare Shell, Low Floor, City View
Prop.#: 88409","43,710"
Chinachem Golden Plaza,TSIM SHA TSUI,"Chinachem Golden Plaza
TSIM SHA TSUI
Rental: HKD 43,700 / 23 p.s.f.
Size: 1,900 s.f.
Bare Shell, City View
Prop.#: 87635","43,700"
"Heung Yip Road, 41",WONG CHUK HANG,"Heung Yip Road, 41
WONG CHUK HANG
Rental: HKD 43,680 / 21 p.s.f.
Size: 2,080 s.f.
Fully Fitted, Low Floor, City View
Prop.#: 75942","43,680"
299QRC,SHEUNG WAN,"299QRC
SHEUNG WAN
Rental: HKD 43,674 / 29 p.s.f.
Size: 1,506 s.f.
Fully Fitted, High Floor, City View
Prop.#: 69480","43,674"
"Heung Yip Road, 41",WONG CHUK HANG,"Heung Yip Road, 41
WONG CHUK HANG
Rental: HKD 43,560 / 22 p.s.f.
Size: 1,980 s.f.
Bare Shell, Low Floor, Open View
Prop.#: 76226","43,560"
OfficePlus@Wan Chai (CRE Building),WAN CHAI,"VR TOUR
OfficePlus@Wan Chai (CRE Building)
WAN CHAI
Rental: HKD 43,501 / 40 p.s.f.
Size: 1,093 s.f.
Furnished, Mid Floor
Prop.#: 541","43,501"
Wharf T & T Centre,TSIM SHA TSUI,"Wharf T & T Centre
TSIM SHA TSUI
Rental: HKD 43,413 / 29 p.s.f.
Size: 1,497 s.f.
Bare Shell, Low Floor
Prop.#: 87976","43,413"
"Hing Fat Street, 88",NORTH POINT,"Hing Fat Street, 88
NORTH POINT
Rental: HKD 43,400 / 31 p.s.f.
Size: 1,400 s.f.
Fully Fitted, Mid Floor, Sea View
Prop.#: 13005","43,400"
Corporation Park,SHATIN / FO TAN,"Corporation Park
SHATIN / FO TAN
Rental: HKD 43,376 / 16 p.s.f.
Size: 2,711 s.f.
Prop.#: 92106","43,376"
Shanghai Industrial Investment Building,WAN CHAI,"Shanghai Industrial Investment Building
WAN CHAI
Rental: HKD 43,210 / 29 p.s.f.
Size: 1,490 s.f.
Fully Fitted, Low Floor
Prop.#: 79978","43,210"
Tung Ning Building,SHEUNG WAN,"Tung Ning Building
SHEUNG WAN
Rental: HKD 43,202 / 29 p.s.f.
Size: 1,477 s.f.
Partially Fitted
Prop.#: 91342","43,202"
Bank of Dongguan Tower (BOC Group Life Assurance Tower),SHEUNG WAN,"Bank of Dongguan Tower (BOC Group Life Assurance Tower)
SHEUNG WAN
Rental: HKD 43,183 / 31 p.s.f.
Size: 1,393 s.f.
Bare Shell, Low Floor, City View
Prop.#: 69635","43,183"
"Heung Yip Road, 41",WONG CHUK HANG,"Heung Yip Road, 41
WONG CHUK HANG
Rental: HKD 43,150 / 25 p.s.f.
Size: 1,726 s.f.
Fully Fitted, City View
Prop.#: 88359","43,150"
The HUB,WONG CHUK HANG,"The HUB
WONG CHUK HANG
Rental: HKD 43,128 / 24 p.s.f.
Size: 1,797 s.f.
Bare Shell, Mid Floor, City View
Prop.#: 66755","43,128"
Chinachem Johnston Plaza,WAN CHAI,"Chinachem Johnston Plaza
WAN CHAI
Rental: HKD 43,123 / 29 p.s.f.
Size: 1,487 s.f.
Fully Fitted, Mid Floor, City View
Prop.#: 91526","43,123"
"Hennessy Road, 239",WAN CHAI,"Hennessy Road, 239
WAN CHAI
Rental: HKD 43,004 / 26 p.s.f.
Size: 1,654 s.f.
Bare Shell, High Floor, City View
Prop.#: 62832","43,004"
"Hennessy Road, 239",WAN CHAI,"Hennessy Road, 239
WAN CHAI
Rental: HKD 43,004 / 26 p.s.f.
Size: 1,654 s.f.
Bare Shell, High Floor, City View
Prop.#: 62836","43,004"
Great Smart Tower,WAN CHAI,"Great Smart Tower
WAN CHAI
Rental: HKD 42,997 / 34 p.s.f.
Size: 1,265 s.f.
Fully Fitted, High Floor, City View
Prop.#: 35561","42,997"
Tin On Sing Commercial Building,CENTRAL,"Tin On Sing Commercial Building
CENTRAL
Rental: HKD 42,997 / 24 p.s.f.
Size: 1,760 s.f.
Fully Fitted, Low Floor, City View
Prop.#: 49361","42,997"
Westlands Centre,QUARRY BAY,"Westlands Centre
QUARRY BAY
Rental: HKD 42,980 / 20 p.s.f.
Size: 2,149 s.f.
Bare Shell, Mid Floor
Prop.#: 25574","42,980"
Energy Plaza,TSIM SHA TSUI,"Energy Plaza
TSIM SHA TSUI
Rental: HKD 42,825 / 25 p.s.f.
Size: 1,713 s.f.
Fully Fitted, Low Floor, City View
Prop.#: 8346","42,825"
"Zoroastrian Building, The",CAUSEWAY BAY,"Zoroastrian Building, The
CAUSEWAY BAY
Rental: HKD 42,822 / 26 p.s.f.
Size: 1,647 s.f.
Bare Shell, High Floor, Open View
Prop.#: 6370","42,822"
"Zoroastrian Building, The",CAUSEWAY BAY,"Zoroastrian Building, The
CAUSEWAY BAY
Rental: HKD 42,822 / 26 p.s.f.
Size: 1,647 s.f.
Fully Fitted, High Floor, Open View
Prop.#: 16686","42,822"
Landmark South,WONG CHUK HANG,"Landmark South
WONG CHUK HANG
Rental: HKD 42,770 / 26 p.s.f.
Size: 1,645 s.f.
Bare Shell, High Floor, City View
Prop.#: 83605","42,770"
Landmark South,WONG CHUK HANG,"Landmark South
WONG CHUK HANG
Rental: HKD 42,770 / 26 p.s.f.
Size: 1,645 s.f.
Bare Shell, High Floor, City View
Prop.#: 83612","42,770"
"Chinese Bank Building, The",CENTRAL,"Chinese Bank Building, The
CENTRAL
Rental: HKD 42,735 / 35 p.s.f.
Size: 1,221 s.f.
Bare Shell, High Floor, City View
Prop.#: 33004","42,735"
"Harbourfront, Two",HUNG HOM / TO KWA WAN,"Harbourfront, Two
HUNG HOM / TO KWA WAN
Rental: HKD 42,732 / 36 p.s.f.
Size: 1,187 s.f.
Bare Shell, Low Floor, City View
Prop.#: 77677","42,732"
The Wave,TSIM SHA TSUI,"The Wave
TSIM SHA TSUI
Rental: HKD 42,700 / 25 p.s.f.
Size: 1,708 s.f.
Bare Shell, Mid Floor, City View
Prop.#: 29609","42,700"
Harcourt House,WAN CHAI,"Harcourt House
WAN CHAI
Rental: HKD 42,660 / 27 p.s.f.
Size: 1,580 s.f.
Fully Fitted, Low Floor, City View
Prop.#: 82546","42,660"
Energy Plaza,TSIM SHA TSUI,"Energy Plaza
TSIM SHA TSUI
Rental: HKD 42,650 / 25 p.s.f.
Size: 1,706 s.f.
Low Floor
Prop.#: 29961","42,650"
Park Commercial Centre,CAUSEWAY BAY,"Park Commercial Centre
CAUSEWAY BAY
Rental: HKD 42,600 / 30 p.s.f.
Size: 1,420 s.f.
High Floor, Sea View
Prop.#: 29741","42,600"
Marina 8,WONG CHUK HANG,"Marina 8
WONG CHUK HANG
Rental: HKD 42,536 / 26 p.s.f.
Size: 1,636 s.f.
High Floor
Prop.#: 92016","42,536"
Causeway Bay Centre,CAUSEWAY BAY,"Causeway Bay Centre
CAUSEWAY BAY
Rental: HKD 42,525 / 35 p.s.f.
Size: 1,215 s.f.
Partially Fitted, High Floor, City View
Prop.#: 44125","42,525"
China Overseas Building,WAN CHAI,"China Overseas Building
WAN CHAI
Rental: HKD 42,480 / 36 p.s.f.
Size: 1,180 s.f.
Fully Fitted
Prop.#: 29711","42,480"
Landmark South,WONG CHUK HANG,"Landmark South
WONG CHUK HANG
Rental: HKD 42,480 / 24 p.s.f.
Size: 1,770 s.f.
Bare Shell, Mid Floor, City View
Prop.#: 83576","42,480"
Lippo Sun Plaza,TSIM SHA TSUI,"Lippo Sun Plaza
TSIM SHA TSUI
Rental: HKD 42,464 / 32 p.s.f.
Price: HKD 13.3M / 10,000 p.s.f.
Size: 1,327 s.f.
Partially Fitted, Mid Floor, City View
Prop.#: 21770","42,464"
Easey Commercial Building,WAN CHAI,"Easey Commercial Building
WAN CHAI
Rental: HKD 42,390 / 27 p.s.f.
Size: 1,570 s.f.
Fully Fitted, Mid Floor, City View
Prop.#: 11290","42,390"
Millennium City 2,KWUN TONG,"Millennium City 2
KWUN TONG
Rental: HKD 42,336 / 27 p.s.f.
Size: 1,568 s.f.
Mid Floor, City View
Prop.#: 42105","42,336"
Millennium City 2,KWUN TONG,"Millennium City 2
KWUN TONG
Rental: HKD 42,336 / 27 p.s.f.
Size: 1,568 s.f.
Prop.#: 89946","42,336"
Fu Fai Commercial Centre,SHEUNG WAN,"Fu Fai Commercial Centre
SHEUNG WAN
Rental: HKD 42,320 / 23 p.s.f.
Size: 1,840 s.f.
Partially Fitted, Mid Floor, City View
Prop.#: 61263","42,320"
Wong Tze Building,KWUN TONG,"Wong Tze Building
KWUN TONG
Rental: HKD 42,320 / 20 p.s.f.
Size: 2,116 s.f.
Bare Shell
Prop.#: 63901","42,320"
Yue On Commercial Building,WAN CHAI,"Yue On Commercial Building
WAN CHAI
Rental: HKD 42,320 / 20 p.s.f.
Size: 2,116 s.f.
Fully Fitted
Prop.#: 56194","42,320"
Inter-Continental Plaza,TSIM SHA TSUI,"Inter-Continental Plaza
TSIM SHA TSUI
Rental: HKD 42,250 / 25 p.s.f.
Price: HKD 15.2M / 9,000 p.s.f.
Size: 1,690 s.f.
Fully Fitted, High Floor, City View
Prop.#: 18523","42,250"
One Capital Place,WAN CHAI,"One Capital Place
WAN CHAI
Rental: HKD 42,228 / 27 p.s.f.
Size: 1,564 s.f.
Fully Fitted, Low Floor, City View
Prop.#: 3847","42,228"
Effectual Building,WAN CHAI,"Effectual Building
WAN CHAI
Rental: HKD 42,200 / 25 p.s.f.
Size: 1,688 s.f.
Partially Fitted, High Floor, Partial Seaview
Prop.#: 39600","42,200"
Hollywood Centre,SHEUNG WAN,"Hollywood Centre
SHEUNG WAN
Rental: HKD 42,137 / 29 p.s.f.
Size: 1,453 s.f.
Bare Shell, Mid Floor, City View
Prop.#: 21348","42,137"
Centre Point,WAN CHAI,"Centre Point
WAN CHAI
Rental: HKD 42,072 / 24 p.s.f.
Size: 1,753 s.f.
Bare Shell, Mid Floor
Prop.#: 90829","42,072"
Shanghai Industrial Investment Building,WAN CHAI,"Shanghai Industrial Investment Building
WAN CHAI
Rental: HKD 42,050 / 29 p.s.f.
Size: 1,450 s.f.
Fully Fitted, Mid Floor, City View
Prop.#: 22331","42,050"
Centre Point,WAN CHAI,"Centre Point
WAN CHAI
Rental: HKD 42,024 / 24 p.s.f.
Size: 1,751 s.f.
Bare Shell, Mid Floor
Prop.#: 89988","42,024"
Success Commercial Building,WAN CHAI,"Success Commercial Building
WAN CHAI
Rental: HKD 42,008 / 18 p.s.f.
Price: HKD 50.0M / 21,853 p.s.f.
Size: 2,288 s.f.
Partially Fitted, High Floor, City View
Prop.#: 41576","42,008"
Kam Sang Building,SHEUNG WAN,"Kam Sang Building
SHEUNG WAN
Rental: HKD 42,003 / 29 p.s.f.
Size: 1,463 s.f.
Fully Fitted, Mid Floor, City View
Prop.#: 16818","42,003"
"Sea View Estate, Block B",NORTH POINT,"Sea View Estate, Block B
NORTH POINT
Rental: HKD 42,001 / 17 p.s.f.
Price: HKD 15.0M / 5,985 p.s.f.
Size: 2,506 s.f.
Bare Shell, Low Floor
Prop.#: 67316","42,001"
Cameron Centre,TSIM SHA TSUI,"Cameron Centre
TSIM SHA TSUI
Rental: HKD 42,000 / 20 p.s.f.
Size: 2,100 s.f.
Fully Fitted, High Floor, City View
Prop.#: 12447","42,000"
"Hing Fat Street, 88",NORTH POINT,"Hing Fat Street, 88
NORTH POINT
Rental: HKD 42,000 / 30 p.s.f.
Size: 1,400 s.f.
Partially Fitted, Mid Floor, Partial Seaview
Prop.#: 86355","42,000"
Manulife Tower (West Tower),KWUN TONG,"Manulife Tower (West Tower)
KWUN TONG
Rental: HKD 42,000 / 20 p.s.f.
Size: 2,100 s.f.
Fully Fitted, Low Floor
Prop.#: 88677","42,000"
Shun On Commercial Building,CENTRAL,"Shun On Commercial Building
CENTRAL
Rental: HKD 42,000 / 28 p.s.f.
Size: 1,500 s.f.
Fully Fitted, Low Floor
Prop.#: 68179","42,000"
Shun On Commercial Building,CENTRAL,"Shun On Commercial Building
CENTRAL
Rental: HKD 42,000 / 28 p.s.f.
Size: 1,500 s.f.
Fully Fitted, Low Floor
Prop.#: 66974","42,000"
Lippo Sun Plaza,TSIM SHA TSUI,"Lippo Sun Plaza
TSIM SHA TSUI
Rental: HKD 41,963 / 29 p.s.f.
Size: 1,447 s.f.
Fully Fitted, Low Floor, City View
Prop.#: 58993","41,963"
Plaza 228,WAN CHAI,"Plaza 228
WAN CHAI
Rental: HKD 41,944 / 28 p.s.f.
Size: 1,498 s.f.
High Floor
Prop.#: 90756","41,944"
Prosperity Millennia Plaza,NORTH POINT,"Prosperity Millennia Plaza
NORTH POINT
Rental: HKD 41,900 / 20 p.s.f.
Size: 2,095 s.f.
Bare Shell, Low Floor
Prop.#: 91833","41,900"
Effectual Building,WAN CHAI,"Effectual Building
WAN CHAI
Rental: HKD 41,862 / 25 p.s.f.
Price: HKD 33.8M / 20,024 p.s.f.
Size: 1,688 s.f.
Fully Fitted, Mid Floor, Partial Seaview
Prop.#: 1696","41,862"
HKHC Tower,JORDAN,"HKHC Tower
JORDAN
Rental: HKD 41,860 / 35 p.s.f.
Size: 1,196 s.f.
Bare Shell, City View
Prop.#: 87314","41,860"
Kowloon Centre,TSIM SHA TSUI,"Kowloon Centre
TSIM SHA TSUI
Rental: HKD 41,820 / 33 p.s.f.
Price: HKD 14.5M / 11,372 p.s.f.
Size: 1,275 s.f.
Fully Fitted, Mid Floor, City View
Prop.#: 59037","41,820"
Mirror Tower,TSIM SHA TSUI,"Mirror Tower
TSIM SHA TSUI
Rental: HKD 41,796 / 35 p.s.f.
Size: 1,180 s.f.
Fully Fitted, High Floor, City View
Prop.#: 77598","41,796"
Effectual Building,WAN CHAI,"Effectual Building
WAN CHAI
Rental: HKD 41,795 / 25 p.s.f.
Price: HKD 33.8M / 20,024 p.s.f.
Size: 1,688 s.f.
Fully Fitted, Mid Floor, Partial Seaview
Prop.#: 39799","41,795"
Universal Trade Centre,CENTRAL,"Universal Trade Centre
CENTRAL
Rental: HKD 41,750 / 25 p.s.f.
Size: 1,670 s.f.
Partially Fitted, Mid Floor, City View
Prop.#: 559","41,750"
Universal Trade Centre,CENTRAL,"Universal Trade Centre
CENTRAL
Rental: HKD 41,750 / 25 p.s.f.
Size: 1,670 s.f.
Fully Fitted, Mid Floor
Prop.#: 58784","41,750"
Kinwick Centre,CENTRAL,"Kinwick Centre
CENTRAL
Rental: HKD 41,724 / 38 p.s.f.
Size: 1,098 s.f.
Fully Fitted, Mid Floor, City View
Prop.#: 82770","41,724"
Landmark South,WONG CHUK HANG,"Landmark South
WONG CHUK HANG
Rental: HKD 41,700 / 25 p.s.f.
Size: 1,668 s.f.
Bare Shell, High Floor, Mountain View
Prop.#: 83599","41,700"
Methodist House,WAN CHAI,"Methodist House
WAN CHAI
Rental: HKD 41,692 / 28 p.s.f.
Size: 1,489 s.f.
Fully Fitted, High Floor, City View
Prop.#: 69259","41,692"
Wong Tze Building,KWUN TONG,"Wong Tze Building
KWUN TONG
Rental: HKD 41,620 / 20 p.s.f.
Size: 2,081 s.f.
Fully Fitted
Prop.#: 63910","41,620"
Kinwick Centre,CENTRAL,"Kinwick Centre
CENTRAL
Rental: HKD 41,520 / 40 p.s.f.
Size: 1,038 s.f.
Bare Shell, High Floor, City View
Prop.#: 91709","41,520"
Kinwick Centre,CENTRAL,"Kinwick Centre
CENTRAL
Rental: HKD 41,520 / 40 p.s.f.
Size: 1,038 s.f.
Bare Shell, City View
Prop.#: 90715","41,520"
Tower 188,WAN CHAI,"Tower 188
WAN CHAI
Rental: HKD 41,520 / 24 p.s.f.
Size: 1,730 s.f.
Bare Shell, Low Floor
Prop.#: 42945","41,520"
OfficePlus@Wan Chai (CRE Building),WAN CHAI,"VR TOUR
OfficePlus@Wan Chai (CRE Building)
WAN CHAI
Rental: HKD 41,500 / 42 p.s.f.
Size: 1,000 s.f.
Furnished, Mid Floor, City View
Prop.#: 67975","41,500"
Harbour Crystal Centre,TSIM SHA TSUI,"Harbour Crystal Centre
TSIM SHA TSUI
Rental: HKD 41,472 / 27 p.s.f.
Size: 1,536 s.f.
Fully Fitted, Mid Floor, City View
Prop.#: 22025","41,472"
OfficePlus@Wan Chai (CRE Building),WAN CHAI,"OfficePlus@Wan Chai (CRE Building)
WAN CHAI
Rental: HKD 41,472 / 24 p.s.f.
Size: 1,728 s.f.
Bare Shell, Mid Floor, City View
Prop.#: 5736","41,472"
Cheong Sun Tower,SHEUNG WAN,"Cheong Sun Tower
SHEUNG WAN
Rental: HKD 41,454 / 21 p.s.f.
Size: 1,974 s.f.
Bare Shell, Low Floor, City View
Prop.#: 4501","41,454"
Cheong Sun Tower,SHEUNG WAN,"Cheong Sun Tower
SHEUNG WAN
Rental: HKD 41,454 / 21 p.s.f.
Size: 1,974 s.f.
Bare Shell, Low Floor, City View
Prop.#: 4507","41,454"
"Electric Road, 168",NORTH POINT,"Electric Road, 168
NORTH POINT
Rental: HKD 41,438 / 26 p.s.f.
Size: 1,625 s.f.
Fully Fitted, Mid Floor, City View
Prop.#: 11161","41,438"
Kai Seng Commercial Centre,TSIM SHA TSUI,"Kai Seng Commercial Centre
TSIM SHA TSUI
Rental: HKD 41,412 / 28 p.s.f.
Size: 1,479 s.f.
Fully Fitted, High Floor, City View
Prop.#: 61794","41,412"
Kowloon Centre,TSIM SHA TSUI,"Kowloon Centre
TSIM SHA TSUI
Rental: HKD 41,412 / 32 p.s.f.
Price: HKD 14.7M / 11,500 p.s.f.
Size: 1,275 s.f.
Fully Fitted
Prop.#: 88713","41,412"
Tiffan Tower,WAN CHAI,"Tiffan Tower
WAN CHAI
Rental: HKD 41,370 / 21 p.s.f.
Size: 1,970 s.f.
Fully Fitted, Mid Floor
Prop.#: 37235","41,370"
Kwong Fat Hong Building,SHEUNG WAN,"Kwong Fat Hong Building
SHEUNG WAN
Rental: HKD 41,364 / 27 p.s.f.
Price: HKD 15.0M / 9,791 p.s.f.
Size: 1,532 s.f.
Partially Fitted, Mid Floor, City View
Prop.#: 20487","41,364"
Bowa House,TSIM SHA TSUI,"Bowa House
TSIM SHA TSUI
Rental: HKD 41,350 / 25 p.s.f.
Size: 1,654 s.f.
Bare Shell, Low Floor, City View
Prop.#: 57292","41,350"
Bowa House,TSIM SHA TSUI,"Bowa House
TSIM SHA TSUI
Rental: HKD 41,350 / 25 p.s.f.
Size: 1,654 s.f.
Bare Shell, High Floor, City View
Prop.#: 25486","41,350"
China Hong Kong City - Tower 5,TSIM SHA TSUI,"China Hong Kong City - Tower 5
TSIM SHA TSUI
Rental: HKD 41,328 / 28 p.s.f.
Size: 1,476 s.f.
Bare Shell, City View
Prop.#: 89451","41,328"
Asia Standard Tower,CENTRAL,"Asia Standard Tower
CENTRAL
Rental: HKD 41,262 / 39 p.s.f.
Size: 1,058 s.f.
Partially Fitted, Mid Floor, City View
Prop.#: 1772","41,262"
Siu On Plaza,CAUSEWAY BAY,"Siu On Plaza
CAUSEWAY BAY
Rental: HKD 41,216 / 32 p.s.f.
Size: 1,288 s.f.
Bare Shell, Mid Floor, City View
Prop.#: 75096","41,216"
Crawford House,CENTRAL,"Crawford House
CENTRAL
Rental: HKD 41,202 / 63 p.s.f.
Size: 654 s.f.
Bare Shell, Mid Floor, City View
Prop.#: 63263","41,202"
Arion Commercial Centre,SHEUNG WAN,"Arion Commercial Centre
SHEUNG WAN
Rental: HKD 41,175 / 25 p.s.f.
Size: 1,647 s.f.
Partially Fitted, Low Floor, City View
Prop.#: 50379","41,175"
Ocean Centre,TSIM SHA TSUI,"Ocean Centre
TSIM SHA TSUI
Rental: HKD 41,168 / 31 p.s.f.
Size: 1,328 s.f.
Bare Shell, Mid Floor, City View
Prop.#: 1638","41,168"
Landmark South,WONG CHUK HANG,"Landmark South
WONG CHUK HANG
Rental: HKD 41,125 / 25 p.s.f.
Size: 1,645 s.f.
Bare Shell, High Floor, Mountain View
Prop.#: 83598","41,125"
The Plaza,CENTRAL,"The Plaza
CENTRAL
Rental: HKD 41,120 / 40 p.s.f.
Size: 1,028 s.f.
Fully Fitted, Mid Floor, City View
Prop.#: 74569","41,120"
Lucky Building,CENTRAL,"Lucky Building
CENTRAL
Rental: HKD 41,040 / 30 p.s.f.
Size: 1,368 s.f.
Fully Fitted, City View
Prop.#: 91202","41,040"
New Mandarin Plaza - Tower A,TSIM SHA TSUI,"New Mandarin Plaza - Tower A
TSIM SHA TSUI
Rental: HKD 41,006 / 19 p.s.f.
Price: HKD 15.0M / 6,774 p.s.f.
Size: 2,207 s.f.
Fully Fitted, Low Floor, City View
Prop.#: 21039","41,006"
Hang Lung Centre,CAUSEWAY BAY,"Hang Lung Centre
CAUSEWAY BAY
Rental: HKD 41,000 / 50 p.s.f.
Size: 820 s.f.
Bare Shell, Mid Floor
Prop.#: 76297","41,000"
Tung Ning Building,SHEUNG WAN,"Tung Ning Building
SHEUNG WAN
Rental: HKD 40,987 / 28 p.s.f.
Size: 1,477 s.f.
Fully Fitted
Prop.#: 91565","40,987"
Yu Yuet Lai Building,CENTRAL,"Yu Yuet Lai Building
CENTRAL
Rental: HKD 40,896 / 36 p.s.f.
Size: 1,136 s.f.
Bare Shell, Low Floor, City View
Prop.#: 61699","40,896"
Yue Xiu Building,WAN CHAI,"Yue Xiu Building
WAN CHAI
Rental: HKD 40,802 / 23 p.s.f.
Size: 1,774 s.f.
Fully Fitted, Mid Floor, City View
Prop.#: 75980","40,802"
New Mandarin Plaza - Tower B,TSIM SHA TSUI,"New Mandarin Plaza - Tower B
TSIM SHA TSUI
Rental: HKD 40,800 / 24 p.s.f.
Size: 1,700 s.f.
Fully Fitted, City View
Prop.#: 91187","40,800"
1 Lyndhurst Tower,CENTRAL,"1 Lyndhurst Tower
CENTRAL
Rental: HKD 40,796 / 31 p.s.f.
Size: 1,316 s.f.
Fully Fitted, Mid Floor, City View
Prop.#: 75179","40,796"
Wilson House,CENTRAL,"Wilson House
CENTRAL
Rental: HKD 40,745 / 29 p.s.f.
Size: 1,405 s.f.
Partially Fitted, High Floor, Open View
Prop.#: 48397","40,745"
Chuang's Tower,CENTRAL,"Chuang's Tower
CENTRAL
Rental: HKD 40,725 / 45 p.s.f.
Size: 905 s.f.
Fully Fitted, Mid Floor, City View
Prop.#: 84485","40,725"
OfficePlus@Wan Chai (CRE Building),WAN CHAI,"OfficePlus@Wan Chai (CRE Building)
WAN CHAI
Rental: HKD 40,680 / 24 p.s.f.
Size: 1,695 s.f.
Bare Shell, Mid Floor, City View
Prop.#: 51664","40,680"
Fortress Tower,NORTH POINT,"Fortress Tower
NORTH POINT
Rental: HKD 40,641 / 23 p.s.f.
Size: 1,767 s.f.
Partially Fitted, Mid Floor
Prop.#: 51013","40,641"
"Harbourfront, One",HUNG HOM / TO KWA WAN,"Harbourfront, One
HUNG HOM / TO KWA WAN
Rental: HKD 40,608 / 36 p.s.f.
Size: 1,128 s.f.
Prop.#: 43119","40,608"
Wu Chung House,WAN CHAI,"Wu Chung House
WAN CHAI
Rental: HKD 40,608 / 27 p.s.f.
Size: 1,504 s.f.
Prop.#: 91213","40,608"
New Mandarin Plaza - Tower B,TSIM SHA TSUI,"New Mandarin Plaza - Tower B
TSIM SHA TSUI
Rental: HKD 40,600 / 20 p.s.f.
Size: 2,030 s.f.
Partially Fitted, Mid Floor
Prop.#: 89986","40,600"
United Asia Finance Centre,WAN CHAI,"United Asia Finance Centre
WAN CHAI
Rental: HKD 40,590 / 33 p.s.f.
Size: 1,230 s.f.
Bare Shell, Mid Floor, Partial Seaview
Prop.#: 22718","40,590"
United Asia Finance Centre,WAN CHAI,"United Asia Finance Centre
WAN CHAI
Rental: HKD 40,590 / 33 p.s.f.
Size: 1,230 s.f.
Fully Fitted, Mid Floor, Partial Seaview
Prop.#: 30104","40,590"
One Island South,WONG CHUK HANG,"One Island South
WONG CHUK HANG
Rental: HKD 40,572 / 21 p.s.f.
Size: 1,932 s.f.
Bare Shell, Low Floor
Prop.#: 92020","40,572"
Asia Standard Tower,CENTRAL,"Asia Standard Tower
CENTRAL
Rental: HKD 40,500 / 36 p.s.f.
Size: 1,125 s.f.
Bare Shell, Mid Floor
Prop.#: 90914","40,500"
"Sea View Estate, Block A",NORTH POINT,"Sea View Estate, Block A
NORTH POINT
Rental: HKD 40,500 / 18 p.s.f.
Size: 2,250 s.f.
Fully Fitted, Mid Floor, City View
Prop.#: 6106","40,500"
United Centre,ADMIRALTY,"United Centre
ADMIRALTY
Rental: HKD 40,500 / 30 p.s.f.
Size: 1,350 s.f.
Fully Fitted, Mid Floor, Open View
Prop.#: 47826","40,500"
Tung Ning Building,SHEUNG WAN,"Tung Ning Building
SHEUNG WAN
Rental: HKD 40,499 / 27 p.s.f.
Size: 1,477 s.f.
Mid Floor, City View
Prop.#: 83709","40,499"
Tung Ning Building,SHEUNG WAN,"Tung Ning Building
SHEUNG WAN
Rental: HKD 40,499 / 27 p.s.f.
Size: 1,477 s.f.
Mid Floor
Prop.#: 90728","40,499"
Empire Centre,TSIM SHA TSUI,"Empire Centre
TSIM SHA TSUI
Rental: HKD 40,460 / 35 p.s.f.
Size: 1,156 s.f.
Fully Fitted, City View
Prop.#: 92075","40,460"
Empire Centre,TSIM SHA TSUI,"Empire Centre
TSIM SHA TSUI
Rental: HKD 40,460 / 35 p.s.f.
Size: 1,156 s.f.
Bare Shell, Sea View
Prop.#: 92076","40,460"
Universal Trade Centre,CENTRAL,"VR TOUR
Universal Trade Centre
CENTRAL
Rental: HKD 40,456 / 26 p.s.f.
Size: 1,556 s.f.
Partially Fitted, Mid Floor, City View
Prop.#: 2385","40,456"
"Electric Road, 148",NORTH POINT,"Electric Road, 148
NORTH POINT
Rental: HKD 40,348 / 28 p.s.f.
Size: 1,441 s.f.
Bare Shell, High Floor
Prop.#: 90473","40,348"
Landmark South,WONG CHUK HANG,"Landmark South
WONG CHUK HANG
Rental: HKD 40,204 / 23 p.s.f.
Size: 1,748 s.f.
Bare Shell, Low Floor, Mountain View
Prop.#: 83524","40,204"
Parker House,CENTRAL,"Parker House
CENTRAL
Rental: HKD 40,200 / 60 p.s.f.
Size: 670 s.f.
Bare Shell, High Floor, City View
Prop.#: 2075","40,200"
Chao's Building,SHEUNG WAN,"Chao's Building
SHEUNG WAN
Rental: HKD 40,152 / 24 p.s.f.
Size: 1,673 s.f.
Fully Fitted, City View
Prop.#: 29166","40,152"
Chao's Building,SHEUNG WAN,"Chao's Building
SHEUNG WAN
Rental: HKD 40,152 / 24 p.s.f.
Size: 1,673 s.f.
Bare Shell, Mid Floor, City View
Prop.#: 42296","40,152"
Chao's Building,SHEUNG WAN,"Chao's Building
SHEUNG WAN
Rental: HKD 40,152 / 24 p.s.f.
Size: 1,673 s.f.
Fully Fitted, Mid Floor, City View
Prop.#: 79814","40,152"
Energy Plaza,TSIM SHA TSUI,"Energy Plaza
TSIM SHA TSUI
Rental: HKD 40,150 / 25 p.s.f.
Size: 1,606 s.f.
Bare Shell
Prop.#: 91103","40,150"
"Zoroastrian Building, The",CAUSEWAY BAY,"Zoroastrian Building, The
CAUSEWAY BAY
Rental: HKD 40,144 / 26 p.s.f.
Size: 1,544 s.f.
Fully Fitted, High Floor
Prop.#: 58798","40,144"
Crawford House,CENTRAL,"Crawford House
CENTRAL
Rental: HKD 40,131 / 63 p.s.f.
Size: 637 s.f.
Fully Fitted, Low Floor, City View
Prop.#: 71899","40,131"
K Wah Centre,NORTH POINT,"K Wah Centre
NORTH POINT
Rental: HKD 40,110 / 21 p.s.f.
Size: 1,910 s.f.
Fully Fitted, High Floor, Partial Seaview
Prop.#: 11259","40,110"
One Capital Place,WAN CHAI,"One Capital Place
WAN CHAI
Rental: HKD 40,068 / 27 p.s.f.
Size: 1,484 s.f.
Fully Fitted, High Floor, City View
Prop.#: 1977","40,068"
Pacific Plaza,WESTERN / KENNEDY TOWN,"Pacific Plaza
WESTERN / KENNEDY TOWN
Rental: HKD 40,066 / 23 p.s.f.
Size: 1,742 s.f.
Bare Shell, Low Floor, City View
Prop.#: 5690","40,066"
Kam Sang Building,SHEUNG WAN,"Kam Sang Building
SHEUNG WAN
Rental: HKD 39,998 / 27 p.s.f.
Size: 1,463 s.f.
Fully Fitted, Mid Floor
Prop.#: 83704","39,998"
Cheong K. Building,CENTRAL,"Cheong K. Building
CENTRAL
Rental: HKD 39,996 / 33 p.s.f.
Size: 1,200 s.f.
Fully Fitted, City View
Prop.#: 90870","39,996"
Fortune House,CENTRAL,"Fortune House
CENTRAL
Rental: HKD 39,996 / 33 p.s.f.
Size: 1,200 s.f.
Fully Fitted, High Floor, Partial Seaview
Prop.#: 26228","39,996"
Oriental Crystal Finance Centre,TSIM SHA TSUI,"Oriental Crystal Finance Centre
TSIM SHA TSUI
Rental: HKD 39,996 / 26 p.s.f.
Price: HKD 14.0M / 9,240 p.s.f.
Size: 1,515 s.f.
Fully Fitted, Mid Floor, Partial Seaview
Prop.#: 40124","39,996"
Ping Lam Commercial Building,WAN CHAI,"Ping Lam Commercial Building
WAN CHAI
Rental: HKD 39,925 / 25 p.s.f.
Size: 1,597 s.f.
Fully Fitted, Low Floor
Prop.#: 86124","39,925"
"Chinese Bank Building, The",CENTRAL,"Chinese Bank Building, The
CENTRAL
Rental: HKD 39,888 / 36 p.s.f.
Size: 1,108 s.f.
Fully Fitted, Low Floor
Prop.#: 14987","39,888"
Mirror Tower,TSIM SHA TSUI,"Mirror Tower
TSIM SHA TSUI
Rental: HKD 39,803 / 32 p.s.f.
Size: 1,230 s.f.
Fully Fitted, Low Floor
Prop.#: 80852","39,803"
"Lockhart Road, 88",WAN CHAI,"Lockhart Road, 88
WAN CHAI
Rental: HKD 39,798 / 20 p.s.f.
Price: HKD 24.5M / 12,189 p.s.f.
Size: 2,010 s.f.
Fully Fitted, Mid Floor, City View
Prop.#: 41395","39,798"
Parkview Centre,NORTH POINT,"Parkview Centre
NORTH POINT
Rental: HKD 39,794 / 27 p.s.f.
Size: 1,463 s.f.
Bare Shell, High Floor, Open View
Prop.#: 49845","39,794"
Mirror Tower,TSIM SHA TSUI,"Mirror Tower
TSIM SHA TSUI
Rental: HKD 39,766 / 34 p.s.f.
Size: 1,180 s.f.
Bare Shell
Prop.#: 30884","39,766"
Ritz Plaza,JORDAN,"Ritz Plaza
JORDAN
Rental: HKD 39,725 / 25 p.s.f.
Size: 1,589 s.f.
Bare Shell, City View
Prop.#: 89888","39,725"
135 Bonham Strand Trade Centre,SHEUNG WAN,"135 Bonham Strand Trade Centre
SHEUNG WAN
Rental: HKD 39,675 / 25 p.s.f.
Size: 1,587 s.f.
Partially Fitted, Mid Floor, City View
Prop.#: 52509","39,675"
"Cheung Sha Wan Road, 909",CHEUNG SHA WAN / LAI CHI KOK,"Cheung Sha Wan Road, 909
CHEUNG SHA WAN / LAI CHI KOK
Rental: HKD 39,650 / 26 p.s.f.
Size: 1,525 s.f.
Fully Fitted, Low Floor
Prop.#: 89951","39,650"
"Heung Yip Road, 41",WONG CHUK HANG,"Heung Yip Road, 41
WONG CHUK HANG
Rental: HKD 39,600 / 20 p.s.f.
Size: 1,980 s.f.
Bare Shell, Low Floor, City View
Prop.#: 78136","39,600"
Connaught Commercial Building,WAN CHAI,"Connaught Commercial Building
WAN CHAI
Rental: HKD 39,598 / 26 p.s.f.
Size: 1,523 s.f.
Fully Fitted, Mid Floor, City View
Prop.#: 16195","39,598"
Delta House,SHATIN / FO TAN,"Delta House
SHATIN / FO TAN
Rental: HKD 39,501 / 19 p.s.f.
Size: 2,079 s.f.
Fully Fitted, Mid Floor
Prop.#: 83339","39,501"
OfficePlus@Wan Chai (CRE Building),WAN CHAI,"VR TOUR
OfficePlus@Wan Chai (CRE Building)
WAN CHAI
Rental: HKD 39,496 / 43 p.s.f.
Size: 920 s.f.
Furnished, Mid Floor
Prop.#: 46314","39,496"
Prosperous Building,CENTRAL,"Prosperous Building
CENTRAL
Rental: HKD 39,480 / 40 p.s.f.
Size: 987 s.f.
Bare Shell, Mid Floor, City View
Prop.#: 16226","39,480"
Prosperous Building,CENTRAL,"Prosperous Building
CENTRAL
Rental: HKD 39,480 / 40 p.s.f.
Size: 987 s.f.
Bare Shell, High Floor, City View
Prop.#: 3499","39,480"
Prosperous Building,CENTRAL,"Prosperous Building
CENTRAL
Rental: HKD 39,480 / 40 p.s.f.
Size: 987 s.f.
Bare Shell, Low Floor
Prop.#: 71775","39,480"
Prosperous Building,CENTRAL,"Prosperous Building
CENTRAL
Rental: HKD 39,480 / 40 p.s.f.
Size: 987 s.f.
Bare Shell, Low Floor
Prop.#: 65767","39,480"
Dominion Centre,WAN CHAI,"Dominion Centre
WAN CHAI
Rental: HKD 39,340 / 28 p.s.f.
Size: 1,405 s.f.
Fully Fitted, High Floor, City View
Prop.#: 55463","39,340"
Winsome House,CENTRAL,"Winsome House
CENTRAL
Rental: HKD 39,338 / 34 p.s.f.
Size: 1,157 s.f.
Fully Fitted, Mid Floor, Open View
Prop.#: 28078","39,338"
Ritz Plaza,JORDAN,"Ritz Plaza
JORDAN
Rental: HKD 39,300 / 25 p.s.f.
Size: 1,572 s.f.
Bare Shell, High Floor, City View
Prop.#: 85405","39,300"
Shiu Fung Hong Building,SHEUNG WAN,"Shiu Fung Hong Building
SHEUNG WAN
Rental: HKD 39,292 / 22 p.s.f.
Size: 1,786 s.f.
Bare Shell, Mid Floor, Open View
Prop.#: 86466","39,292"
Wing Kwok Centre,JORDAN,"Wing Kwok Centre
JORDAN
Rental: HKD 39,245 / 26 p.s.f.
Size: 1,539 s.f.
Fully Fitted, High Floor, Partial Seaview
Prop.#: 13093","39,245"
Tai Tung Building,WAN CHAI,"Tai Tung Building
WAN CHAI
Rental: HKD 39,168 / 36 p.s.f.
Size: 1,088 s.f.
Bare Shell, Mid Floor, City View
Prop.#: 12621","39,168"
Lippo Sun Plaza,TSIM SHA TSUI,"Lippo Sun Plaza
TSIM SHA TSUI
Rental: HKD 39,100 / 34 p.s.f.
Size: 1,150 s.f.
Fully Fitted, High Floor, City View
Prop.#: 48510","39,100"
Tai Yip Building,WAN CHAI,"Tai Yip Building
WAN CHAI
Rental: HKD 39,090 / 30 p.s.f.
Size: 1,303 s.f.
Fully Fitted, High Floor
Prop.#: 71272","39,090"
Methodist House,WAN CHAI,"Methodist House
WAN CHAI
Rental: HKD 39,072 / 24 p.s.f.
Size: 1,628 s.f.
Fully Fitted, Mid Floor, City View
Prop.#: 86102","39,072"
Methodist House,WAN CHAI,"Methodist House
WAN CHAI
Rental: HKD 39,072 / 24 p.s.f.
Size: 1,628 s.f.
Bare Shell, Mid Floor, City View
Prop.#: 2202","39,072"
Eastern Centre,QUARRY BAY,"Eastern Centre
QUARRY BAY
Rental: HKD 39,010 / 15 p.s.f.
Size: 2,553 s.f.
Bare Shell, Mid Floor, Sea View
Prop.#: 75371","39,010"
Chung Nam House,CENTRAL,"Chung Nam House
CENTRAL
Rental: HKD 39,010 / 23 p.s.f.
Size: 1,680 s.f.
Partially Fitted, High Floor, City View
Prop.#: 68079","39,010"
Eton Building,SHEUNG WAN,"Eton Building
SHEUNG WAN
Rental: HKD 39,004 / 24 p.s.f.
Size: 1,634 s.f.
Partially Fitted, Low Floor, City View
Prop.#: 86916","39,004"
Johnson Centre,TSIM SHA TSUI,"Johnson Centre
TSIM SHA TSUI
Rental: HKD 39,003 / 32 p.s.f.
Size: 1,220 s.f.
Partially Fitted, Mid Floor
Prop.#: 14039","39,003"
Valley Centre,WAN CHAI,"Valley Centre
WAN CHAI
Rental: HKD 38,997 / 19 p.s.f.
Size: 2,100 s.f.
Fully Fitted
Prop.#: 91457","38,997"
OfficePlus@Wan Chai (CRE Building),WAN CHAI,"VR TOUR
OfficePlus@Wan Chai (CRE Building)
WAN CHAI
Rental: HKD 38,996 / 40 p.s.f.
Size: 983 s.f.
Furnished, High Floor, City View
Prop.#: 72432","38,996"
Capitol Centre - Block 1,CAUSEWAY BAY,"Capitol Centre - Block 1
CAUSEWAY BAY
Rental: HKD 38,880 / 36 p.s.f.
Size: 1,080 s.f.
Partially Fitted, Low Floor, City View
Prop.#: 65487","38,880"
East Town Building,WAN CHAI,"East Town Building
WAN CHAI
Rental: HKD 38,843 / 31 p.s.f.
Size: 1,253 s.f.
Low Floor, City View
Prop.#: 20080","38,843"
Mirror Tower,TSIM SHA TSUI,"Mirror Tower
TSIM SHA TSUI
Rental: HKD 38,822 / 33 p.s.f.
Size: 1,180 s.f.
Bare Shell, Low Floor, Park View
Prop.#: 9473","38,822"
Parkview Centre,NORTH POINT,"Parkview Centre
NORTH POINT
Rental: HKD 38,799 / 27 p.s.f.
Size: 1,463 s.f.
Fully Fitted, Mid Floor
Prop.#: 59902","38,799"
Parkview Centre,NORTH POINT,"Parkview Centre
NORTH POINT
Rental: HKD 38,799 / 27 p.s.f.
Size: 1,463 s.f.
Fully Fitted, Low Floor, City View
Prop.#: 1291","38,799"
Jubilee Centre,WAN CHAI,"Jubilee Centre
WAN CHAI
Rental: HKD 38,780 / 35 p.s.f.
Size: 1,108 s.f.
Fully Fitted, Low Floor, City View
Prop.#: 12720","38,780"
New Henry House,CENTRAL,"New Henry House
CENTRAL
Rental: HKD 38,500 / 70 p.s.f.
Size: 550 s.f.
Fully Fitted, Mid Floor
Prop.#: 85816","38,500"
Bartlock Centre,CAUSEWAY BAY,"Bartlock Centre
CAUSEWAY BAY
Rental: HKD 38,490 / 30 p.s.f.
Size: 1,283 s.f.
Bare Shell, Mid Floor, City View
Prop.#: 68311","38,490"
Wilson House,CENTRAL,"Wilson House
CENTRAL
Rental: HKD 38,432 / 32 p.s.f.
Size: 1,201 s.f.
Prop.#: 92019","38,432"
Kinwick Centre,CENTRAL,"Kinwick Centre
CENTRAL
Rental: HKD 38,430 / 35 p.s.f.
Size: 1,098 s.f.
Bare Shell, Mid Floor, City View
Prop.#: 14340","38,430"
Hollywood Commercial House,CENTRAL,"Hollywood Commercial House
CENTRAL
Rental: HKD 38,350 / 26 p.s.f.
Size: 1,475 s.f.
Fully Fitted, Low Floor, City View
Prop.#: 41405","38,350"
Lee & Man Commercial Center,NORTH POINT,"Lee & Man Commercial Center
NORTH POINT
Rental: HKD 38,222 / 29 p.s.f.
Size: 1,318 s.f.
Partially Fitted, High Floor, City View
Prop.#: 89936","38,222"
299QRC,SHEUNG WAN,"299QRC
SHEUNG WAN
Rental: HKD 38,192 / 28 p.s.f.
Size: 1,364 s.f.
Bare Shell, Mid Floor, City View
Prop.#: 15024","38,192"
Hon Kwok Jordan Centre,TSIM SHA TSUI,"Hon Kwok Jordan Centre
TSIM SHA TSUI
Rental: HKD 38,135 / 29 p.s.f.
Size: 1,315 s.f.
Fully Fitted, High Floor, Partial Seaview
Prop.#: 25812","38,135"
Car Po Commercial Building,CENTRAL,"Car Po Commercial Building
CENTRAL
Rental: HKD 38,130 / 30 p.s.f.
Size: 1,271 s.f.
High Floor, Open View
Prop.#: 57026","38,130"
Kinwick Centre,CENTRAL,"Kinwick Centre
CENTRAL
Rental: HKD 38,080 / 35 p.s.f.
Size: 1,088 s.f.
Fully Fitted, Low Floor, City View
Prop.#: 27285","38,080"
Connaught Commercial Building,WAN CHAI,"Connaught Commercial Building
WAN CHAI
Rental: HKD 38,075 / 25 p.s.f.
Size: 1,523 s.f.
Partially Fitted, Mid Floor, City View
Prop.#: 5424","38,075"
Connaught Commercial Building,WAN CHAI,"Connaught Commercial Building
WAN CHAI
Rental: HKD 38,075 / 25 p.s.f.
Size: 1,523 s.f.
Fully Fitted, Mid Floor, City View
Prop.#: 436","38,075"
Tesbury Centre,WAN CHAI,"Tesbury Centre
WAN CHAI
Rental: HKD 38,016 / 32 p.s.f.
Size: 1,188 s.f.
Fully Fitted, Low Floor, City View
Prop.#: 39134","38,016"
Cameron Commercial Centre,CAUSEWAY BAY,"Cameron Commercial Centre
CAUSEWAY BAY
Rental: HKD 38,005 / 32 p.s.f.
Size: 1,177 s.f.
Fully Fitted, Mid Floor
Prop.#: 25318","38,005"
Genesis,WONG CHUK HANG,"VR TOUR
Genesis
WONG CHUK HANG
Rental: HKD 38,003 / 16 p.s.f.
Size: 2,343 s.f.
Bare Shell, High Floor, City View
Prop.#: 27130","38,003"
Winway Building,CENTRAL,"Winway Building
CENTRAL
Rental: HKD 38,003 / 36 p.s.f.
Size: 1,058 s.f.
Fully Fitted, High Floor
Prop.#: 7975","38,003"
Centre Mark II,SHEUNG WAN,"Centre Mark II
SHEUNG WAN
Rental: HKD 38,001 / 26 p.s.f.
Size: 1,485 s.f.
Fully Fitted, Mid Floor
Prop.#: 74766","38,001"
Winland CWB Centre,CAUSEWAY BAY,"Winland CWB Centre
CAUSEWAY BAY
Rental: HKD 37,995 / 27 p.s.f.
Price: HKD 10.1M / 7,063 p.s.f.
Size: 1,430 s.f.
Fully Fitted, Mid Floor
Prop.#: 50968","37,995"
World Finance Centre - South,TSIM SHA TSUI,"World Finance Centre - South
TSIM SHA TSUI
Rental: HKD 37,990 / 29 p.s.f.
Size: 1,310 s.f.
Bare Shell
Prop.#: 92140","37,990"
Wanchai Commercial Centre,WAN CHAI,"Wanchai Commercial Centre
WAN CHAI
Rental: HKD 37,825 / 25 p.s.f.
Size: 1,513 s.f.
Fully Fitted, High Floor, City View
Prop.#: 11059","37,825"
Wanchai Commercial Centre,WAN CHAI,"Wanchai Commercial Centre
WAN CHAI
Rental: HKD 37,825 / 25 p.s.f.
Size: 1,513 s.f.
Mid Floor
Prop.#: 91070","37,825"
Methodist House,WAN CHAI,"Methodist House
WAN CHAI
Rental: HKD 37,800 / 24 p.s.f.
Size: 1,575 s.f.
Fully Fitted, Mid Floor, City View
Prop.#: 55355","37,800"
Shun Kwong Commercial Building,SHEUNG WAN,"Shun Kwong Commercial Building
SHEUNG WAN
Rental: HKD 37,789 / 23 p.s.f.
Size: 1,643 s.f.
Fully Fitted, Mid Floor, Partial Seaview
Prop.#: 67209","37,789"
Shanghai Industrial Investment Building,WAN CHAI,"Shanghai Industrial Investment Building
WAN CHAI
Rental: HKD 37,700 / 29 p.s.f.
Size: 1,300 s.f.
Fully Fitted, Mid Floor, City View
Prop.#: 49006","37,700"
Wing On Plaza,TSIM SHA TSUI,"Wing On Plaza
TSIM SHA TSUI
Rental: HKD 37,695 / 35 p.s.f.
Size: 1,077 s.f.
Furnished, Mid Floor, City View
Prop.#: 12201","37,695"
Dominion Centre,WAN CHAI,"Dominion Centre
WAN CHAI
Rental: HKD 37,680 / 24 p.s.f.
Size: 1,570 s.f.
Fully Fitted, Mid Floor, City View
Prop.#: 26168","37,680"
"Johnston Road, 208",WAN CHAI,"Johnston Road, 208
WAN CHAI
Rental: HKD 37,674 / 39 p.s.f.
Size: 966 s.f.
Bare Shell, Low Floor
Prop.#: 84076","37,674"
Po Wah Commercial Centre,WAN CHAI,"Po Wah Commercial Centre
WAN CHAI
Rental: HKD 37,560 / 30 p.s.f.
Size: 1,252 s.f.
Bare Shell, Mid Floor, City View
Prop.#: 3088","37,560"
1 Lyndhurst Tower,CENTRAL,"1 Lyndhurst Tower
CENTRAL
Rental: HKD 37,548 / 28 p.s.f.
Size: 1,341 s.f.
Bare Shell, Mid Floor, City View
Prop.#: 20832","37,548"
Millennium City 1 - Tower 01,KWUN TONG,"Millennium City 1 - Tower 01
KWUN TONG
Rental: HKD 37,526 / 29 p.s.f.
Size: 1,294 s.f.
Mid Floor
Prop.#: 33503","37,526"
Lee & Man Commercial Center,NORTH POINT,"Lee & Man Commercial Center
NORTH POINT
Rental: HKD 37,518 / 26 p.s.f.
Size: 1,443 s.f.
Fully Fitted, Mid Floor, Partial Seaview
Prop.#: 31778","37,518"
Hong Kong Trade Centre,SHEUNG WAN,"Hong Kong Trade Centre
SHEUNG WAN
Rental: HKD 37,500 / 25 p.s.f.
Size: 1,500 s.f.
Prop.#: 91071","37,500"
OfficePlus @Sheung Wan,SHEUNG WAN,"OfficePlus @Sheung Wan
SHEUNG WAN
Rental: HKD 37,500 / 46 p.s.f.
Size: 822 s.f.
Furnished, Mid Floor, City View
Prop.#: 62233","37,500"
OfficePlus @Sheung Wan,SHEUNG WAN,"VR TOUR
OfficePlus @Sheung Wan
SHEUNG WAN
Rental: HKD 37,500 / 46 p.s.f.
Size: 822 s.f.
Furnished, Mid Floor
Prop.#: 64200","37,500"
Chinachem Leighton Plaza,CAUSEWAY BAY,"Chinachem Leighton Plaza
CAUSEWAY BAY
Rental: HKD 37,392 / 38 p.s.f.
Size: 984 s.f.
Fully Fitted, Mid Floor, Race Course View
Prop.#: 83510","37,392"
Yam Tze Commercial Building,WAN CHAI,"Yam Tze Commercial Building
WAN CHAI
Rental: HKD 37,338 / 21 p.s.f.
Size: 1,778 s.f.
Fully Fitted, Mid Floor, City View
Prop.#: 88784","37,338"
Yam Tze Commercial Building,WAN CHAI,"Yam Tze Commercial Building
WAN CHAI
Rental: HKD 37,338 / 21 p.s.f.
Size: 1,778 s.f.
Fully Fitted, High Floor, City View
Prop.#: 78796","37,338"
World Finance Centre - North,TSIM SHA TSUI,"World Finance Centre - North
TSIM SHA TSUI
Rental: HKD 37,320 / 30 p.s.f.
Size: 1,244 s.f.
Bare Shell
Prop.#: 91233","37,320"
Peninsula Centre,TSIM SHA TSUI,"Peninsula Centre
TSIM SHA TSUI
Rental: HKD 37,206 / 26 p.s.f.
Price: HKD 16.0M / 11,181 p.s.f.
Size: 1,431 s.f.
Fully Fitted, Mid Floor, City View
Prop.#: 9841","37,206"
Wing On Cheong Building,SHEUNG WAN,"Wing On Cheong Building
SHEUNG WAN
Rental: HKD 37,198 / 24 p.s.f.
Size: 1,548 s.f.
Fully Fitted, Low Floor, City View
Prop.#: 17117","37,198"
Wing On Cheong Building,SHEUNG WAN,"Wing On Cheong Building
SHEUNG WAN
Rental: HKD 37,198 / 24 p.s.f.
Size: 1,548 s.f.
Fully Fitted, High Floor, City View
Prop.#: 88314","37,198"
Eton Building,SHEUNG WAN,"Eton Building
SHEUNG WAN
Rental: HKD 37,004 / 25 p.s.f.
Size: 1,458 s.f.
Fully Fitted, City View
Prop.#: 89482","37,004"
OfficePlus@Wan Chai (CRE Building),WAN CHAI,"VR TOUR
OfficePlus@Wan Chai (CRE Building)
WAN CHAI
Rental: HKD 37,001 / 49 p.s.f.
Size: 749 s.f.
Furnished, High Floor, Open View
Prop.#: 21636","37,001"
Tai Tung Building,WAN CHAI,"Tai Tung Building
WAN CHAI
Rental: HKD 36,992 / 34 p.s.f.
Size: 1,088 s.f.
Fully Fitted, Low Floor, City View
Prop.#: 40510","36,992"
Hanford Commercial Centre,JORDAN,"Hanford Commercial Centre
JORDAN
Rental: HKD 36,785 / 35 p.s.f.
Size: 1,051 s.f.
Fully Fitted, Low Floor
Prop.#: 92196","36,785"
Austin Tower,TSIM SHA TSUI,"Austin Tower
TSIM SHA TSUI
Rental: HKD 36,740 / 22 p.s.f.
Size: 1,670 s.f.
Bare Shell
Prop.#: 91768","36,740"
Infotech Centre,KWUN TONG,"Infotech Centre
KWUN TONG
Rental: HKD 36,735 / 16 p.s.f.
Size: 2,370 s.f.
Fully Fitted, Mid Floor
Prop.#: 29958","36,735"
Eastern Flower Centre,TSIM SHA TSUI,"Eastern Flower Centre
TSIM SHA TSUI
Rental: HKD 36,720 / 24 p.s.f.
Size: 1,530 s.f.
Fully Fitted, High Floor, City View
Prop.#: 27135","36,720"
Austin Tower,TSIM SHA TSUI,"Austin Tower
TSIM SHA TSUI
Rental: HKD 36,685 / 23 p.s.f.
Price: HKD 11.0M / 6,897 p.s.f.
Size: 1,595 s.f.
Fully Fitted, Mid Floor
Prop.#: 62072","36,685"
Tien Chu Commercial Building,WAN CHAI,"Tien Chu Commercial Building
WAN CHAI
Rental: HKD 36,623 / 29 p.s.f.
Size: 1,285 s.f.
Fully Fitted, Mid Floor, Sea View
Prop.#: 33701","36,623"
Tien Chu Commercial Building,WAN CHAI,"Tien Chu Commercial Building
WAN CHAI
Rental: HKD 36,623 / 29 p.s.f.
Size: 1,285 s.f.
Fully Fitted, High Floor, Sea View
Prop.#: 7215","36,623"
Chinachem Golden Plaza,TSIM SHA TSUI,"Chinachem Golden Plaza
TSIM SHA TSUI
Rental: HKD 36,616 / 23 p.s.f.
Size: 1,592 s.f.
Bare Shell, property.floor_zone_4, City View
Prop.#: 10032","36,616"
Loke Yew Building,CENTRAL,"Loke Yew Building
CENTRAL
Rental: HKD 36,480 / 48 p.s.f.
Size: 760 s.f.
Bare Shell, Low Floor
Prop.#: 70792","36,480"
South Seas Centre - Tower 1,TSIM SHA TSUI,"South Seas Centre - Tower 1
TSIM SHA TSUI
Rental: HKD 36,480 / 20 p.s.f.
Size: 1,824 s.f.
Fully Fitted
Prop.#: 87599","36,480"
AXA Southside,WONG CHUK HANG,"AXA Southside
WONG CHUK HANG
Rental: HKD 36,445 / 19 p.s.f.
Size: 1,970 s.f.
Partially Fitted, Low Floor
Prop.#: 92018","36,445"
Supreme House,TSIM SHA TSUI,"Supreme House
TSIM SHA TSUI
Rental: HKD 36,425 / 31 p.s.f.
Price: HKD 15.9M / 13,500 p.s.f.
Size: 1,175 s.f.
Partially Fitted, Low Floor, City View
Prop.#: 71368","36,425"
Inter-Continental Plaza,TSIM SHA TSUI,"Inter-Continental Plaza
TSIM SHA TSUI
Rental: HKD 36,375 / 25 p.s.f.
Price: HKD 13.1M / 9,000 p.s.f.
Size: 1,455 s.f.
Fully Fitted, High Floor, City View
Prop.#: 18520","36,375"
Inter-Continental Plaza,TSIM SHA TSUI,"Inter-Continental Plaza
TSIM SHA TSUI
Rental: HKD 36,375 / 25 p.s.f.
Price: HKD 12.8M / 8,797 p.s.f.
Size: 1,455 s.f.
Fully Fitted, High Floor, Open View
Prop.#: 18528","36,375"
Kai Tak Commercial Building,SHEUNG WAN,"Kai Tak Commercial Building
SHEUNG WAN
Rental: HKD 36,308 / 29 p.s.f.
Size: 1,252 s.f.
Bare Shell, High Floor
Prop.#: 90425","36,308"
Millennium City 5 - BEA Tower,KWUN TONG,"Millennium City 5 - BEA Tower
KWUN TONG
Rental: HKD 36,256 / 32 p.s.f.
Size: 1,133 s.f.
Bare Shell, Mid Floor
Prop.#: 89013","36,256"
Shanghai Industrial Investment Building,WAN CHAI,"Shanghai Industrial Investment Building
WAN CHAI
Rental: HKD 36,250 / 29 p.s.f.
Size: 1,250 s.f.
Fully Fitted, Mid Floor, City View
Prop.#: 81505","36,250"
Genesis,WONG CHUK HANG,"Genesis
WONG CHUK HANG
Rental: HKD 36,202 / 18 p.s.f.
Size: 2,009 s.f.
Fully Fitted, Low Floor, City View
Prop.#: 67180","36,202"
East Town Building,WAN CHAI,"East Town Building
WAN CHAI
Rental: HKD 36,146 / 31 p.s.f.
Size: 1,166 s.f.
Bare Shell, Low Floor, City View
Prop.#: 9671","36,146"
Shun Kwong Commercial Building,SHEUNG WAN,"Shun Kwong Commercial Building
SHEUNG WAN
Rental: HKD 36,146 / 22 p.s.f.
Size: 1,643 s.f.
Fully Fitted, Low Floor, City View
Prop.#: 16431","36,146"
Concordia Plaza,TSIM SHA TSUI,"Concordia Plaza
TSIM SHA TSUI
Rental: HKD 36,030 / 30 p.s.f.
Size: 1,201 s.f.
Fully Fitted, High Floor, Partial Seaview
Prop.#: 16961","36,030"
Chinachem Exchange Square,QUARRY BAY,"Chinachem Exchange Square
QUARRY BAY
Rental: HKD 36,008 / 28 p.s.f.
Size: 1,286 s.f.
Fully Fitted, High Floor, City View
Prop.#: 27257","36,008"
Morecrown Commercial Building,NORTH POINT,"Morecrown Commercial Building
NORTH POINT
Rental: HKD 36,005 / 28 p.s.f.
Size: 1,266 s.f.
Bare Shell, Low Floor, City View
Prop.#: 13128","36,005"
Mirror Tower,TSIM SHA TSUI,"Mirror Tower
TSIM SHA TSUI
Rental: HKD 36,003 / 33 p.s.f.
Size: 1,100 s.f.
Bare Shell, Low Floor, City View
Prop.#: 88618","36,003"
Winway Building,CENTRAL,"Winway Building
CENTRAL
Rental: HKD 36,003 / 33 p.s.f.
Size: 1,100 s.f.
Fully Fitted, Mid Floor, City View
Prop.#: 7995","36,003"
Winway Building,CENTRAL,"Winway Building
CENTRAL
Rental: HKD 36,003 / 33 p.s.f.
Size: 1,100 s.f.
Bare Shell, Mid Floor
Prop.#: 92048","36,003"
Winway Building,CENTRAL,"Winway Building
CENTRAL
Rental: HKD 36,003 / 33 p.s.f.
Size: 1,100 s.f.
Bare Shell, Mid Floor
Prop.#: 202","36,003"
K Wah Centre,NORTH POINT,"K Wah Centre
NORTH POINT
Rental: HKD 36,003 / 22 p.s.f.
Size: 1,635 s.f.
Fully Fitted, Sea View
Prop.#: 19841","36,003"
On Hing Building,CENTRAL,"VR TOUR
On Hing Building
CENTRAL
Rental: HKD 36,002 / 33 p.s.f.
Size: 1,088 s.f.
Bare Shell, Mid Floor, City View
Prop.#: 9981","36,002"
Concordia Plaza,TSIM SHA TSUI,"Concordia Plaza
TSIM SHA TSUI
Rental: HKD 36,002 / 30 p.s.f.
Size: 1,213 s.f.
Fully Fitted, Low Floor, Open View
Prop.#: 19927","36,002"
Tung Ming Building,CENTRAL,"Tung Ming Building
CENTRAL
Rental: HKD 36,001 / 51 p.s.f.
Size: 700 s.f.
Prop.#: 86967","36,001"
Bartlock Centre,CAUSEWAY BAY,"Bartlock Centre
CAUSEWAY BAY
Rental: HKD 36,000 / 30 p.s.f.
Size: 1,200 s.f.
Bare Shell, Mid Floor, City View
Prop.#: 36933","36,000"
East Point Centre,CAUSEWAY BAY,"East Point Centre
CAUSEWAY BAY
Rental: HKD 36,000 / 45 p.s.f.
Size: 800 s.f.
Bare Shell, High Floor, Partial Seaview
Prop.#: 16603","36,000"
Fortune House,CENTRAL,"Fortune House
CENTRAL
Rental: HKD 36,000 / 30 p.s.f.
Size: 1,200 s.f.
Fully Fitted, Mid Floor, City View
Prop.#: 34292","36,000"
Hillier Commercial Building,SHEUNG WAN,"Hillier Commercial Building
SHEUNG WAN
Rental: HKD 36,000 / 25 p.s.f.
Size: 1,440 s.f.
Fully Fitted, Low Floor
Prop.#: 91409","36,000"
Cheung Lee Commercial Building,TSIM SHA TSUI,"Cheung Lee Commercial Building
TSIM SHA TSUI
Rental: HKD 35,997 / 34 p.s.f.
Size: 1,044 s.f.
Mid Floor
Prop.#: 73433","35,997"
Willy Commercial Building,CENTRAL,"Willy Commercial Building
CENTRAL
Rental: HKD 35,997 / 57 p.s.f.
Size: 628 s.f.
Prop.#: 85087","35,997"
Emperor Hollywood Centre (Centre Hollywood),SHEUNG WAN,"Emperor Hollywood Centre (Centre Hollywood)
SHEUNG WAN
Rental: HKD 35,997 / 22 p.s.f.
Size: 1,602 s.f.
High Floor, Sea View
Prop.#: 66145","35,997"
Mirror Tower,TSIM SHA TSUI,"Mirror Tower
TSIM SHA TSUI
Rental: HKD 35,996 / 33 p.s.f.
Size: 1,080 s.f.
Bare Shell, Low Floor, City View
Prop.#: 88485","35,996"
"King's Road, 39",NORTH POINT,"King's Road, 39
NORTH POINT
Rental: HKD 35,991 / 33 p.s.f.
Size: 1,087 s.f.
Bare Shell
Prop.#: 87005","35,991"
"Kodak House, Block 2",NORTH POINT,"Kodak House, Block 2
NORTH POINT
Rental: HKD 35,910 / 15 p.s.f.
Size: 2,394 s.f.
Fully Fitted, High Floor, Sea View
Prop.#: 28951","35,910"
Golden Sun Centre,SHEUNG WAN,"Golden Sun Centre
SHEUNG WAN
Rental: HKD 35,904 / 22 p.s.f.
Price: HKD 13.9M / 8,500 p.s.f.
Size: 1,632 s.f.
Fully Fitted, Mid Floor, City View
Prop.#: 66316","35,904"
Lucky Building,CENTRAL,"Lucky Building
CENTRAL
Rental: HKD 35,808 / 32 p.s.f.
Size: 1,119 s.f.
Fully Fitted, Mid Floor, City View
Prop.#: 88463","35,808"
Bank of America Tower,CENTRAL,"Bank of America Tower
CENTRAL
Rental: HKD 35,796 / 41 p.s.f.
Price: HKD 24.3M / 28,000 p.s.f.
Size: 868 s.f.
Fully Fitted, High Floor
Prop.#: 40769","35,796"
HK Chinese Bank (CWB) Centre,CAUSEWAY BAY,"HK Chinese Bank (CWB) Centre
CAUSEWAY BAY
Rental: HKD 35,784 / 28 p.s.f.
Price: HKD 14.0M / 10,954 p.s.f.
Size: 1,278 s.f.
Fully Fitted, City View
Prop.#: 91303","35,784"
Empire Centre,TSIM SHA TSUI,"Empire Centre
TSIM SHA TSUI
Rental: HKD 35,630 / 35 p.s.f.
Size: 1,018 s.f.
Fully Fitted, Mid Floor, Partial Seaview
Prop.#: 17701","35,630"
Lee West Commercial Building,WAN CHAI,"Lee West Commercial Building
WAN CHAI
Rental: HKD 35,625 / 25 p.s.f.
Size: 1,425 s.f.
Bare Shell, Low Floor
Prop.#: 89826","35,625"
"Central Des Voeux, 308",SHEUNG WAN,"Central Des Voeux, 308
SHEUNG WAN
Rental: HKD 35,600 / 40 p.s.f.
Size: 890 s.f.
Fully Fitted, Mid Floor, Partial Seaview
Prop.#: 71650","35,600"
Leighton Centre,CAUSEWAY BAY,"Leighton Centre
CAUSEWAY BAY
Rental: HKD 35,508 / 44 p.s.f.
Size: 807 s.f.
Bare Shell, Low Floor, City View
Prop.#: 87271","35,508"
Tern Centre - Block 2,SHEUNG WAN,"Tern Centre - Block 2
SHEUNG WAN
Rental: HKD 35,504 / 25 p.s.f.
Size: 1,400 s.f.
Partially Fitted, Low Floor, City View
Prop.#: 5748","35,504"
"Grand Plaza Office Tower, Two",MONG KOK / TAI KOK TSUI,"Grand Plaza Office Tower, Two
MONG KOK / TAI KOK TSUI
Rental: HKD 35,490 / 35 p.s.f.
Size: 1,014 s.f.
Bare Shell, Mid Floor
Prop.#: 45789","35,490"
Delta House,SHATIN / FO TAN,"Delta House
SHATIN / FO TAN
Rental: HKD 35,435 / 19 p.s.f.
Size: 1,865 s.f.
Mid Floor
Prop.#: 22915","35,435"
The HUB,WONG CHUK HANG,"The HUB
WONG CHUK HANG
Rental: HKD 35,380 / 20 p.s.f.
Size: 1,769 s.f.
Bare Shell, Mid Floor
Prop.#: 87068","35,380"
Star House,TSIM SHA TSUI,"Star House
TSIM SHA TSUI
Rental: HKD 35,376 / 24 p.s.f.
Size: 1,474 s.f.
Mid Floor
Prop.#: 14177","35,376"
Kai Tak Commercial Building,SHEUNG WAN,"Kai Tak Commercial Building
SHEUNG WAN
Rental: HKD 35,336 / 28 p.s.f.
Size: 1,262 s.f.
Fully Fitted, Low Floor, City View
Prop.#: 17053","35,336"
The Centrium,CENTRAL,"The Centrium
CENTRAL
Rental: HKD 35,302 / 38 p.s.f.
Size: 929 s.f.
Fully Fitted
Prop.#: 92071","35,302"
OfficePlus @Sheung Wan,SHEUNG WAN,"VR TOUR
OfficePlus @Sheung Wan
SHEUNG WAN
Rental: HKD 35,198 / 37 p.s.f.
Size: 950 s.f.
Furnished, Mid Floor, City View
Prop.#: 30490","35,198"
Yu Yuet Lai Building,CENTRAL,"Yu Yuet Lai Building
CENTRAL
Rental: HKD 35,064 / 36 p.s.f.
Size: 974 s.f.
Bare Shell, Low Floor, City View
Prop.#: 59637","35,064"
Skyway Centre,SHEUNG WAN,"Skyway Centre
SHEUNG WAN
Rental: HKD 35,060 / 20 p.s.f.
Size: 1,753 s.f.
Fully Fitted, Low Floor, City View
Prop.#: 74949","35,060"
Java Commercial Centre,NORTH POINT,"Java Commercial Centre
NORTH POINT
Rental: HKD 35,006 / 22 p.s.f.
Size: 1,579 s.f.
Partially Fitted, High Floor, Sea View
Prop.#: 13088","35,006"
Austin Commercial Centre,TSIM SHA TSUI,"Austin Commercial Centre
TSIM SHA TSUI
Rental: HKD 35,005 / 30 p.s.f.
Size: 1,183 s.f.
Fully Fitted, Mid Floor, City View
Prop.#: 20999","35,005"
Hart House,TSIM SHA TSUI,"Hart House
TSIM SHA TSUI
Rental: HKD 35,004 / 34 p.s.f.
Size: 1,025 s.f.
Low Floor
Prop.#: 91344","35,004"
Sunny House,CENTRAL,"Sunny House
CENTRAL
Rental: HKD 35,002 / 32 p.s.f.
Size: 1,100 s.f.
Bare Shell, Low Floor, City View
Prop.#: 75532","35,002"
Mirror Tower,TSIM SHA TSUI,"Mirror Tower
TSIM SHA TSUI
Rental: HKD 35,002 / 36 p.s.f.
Size: 960 s.f.
Fully Fitted, Low Floor, Open View
Prop.#: 83500","35,002"
Hing Yip Commercial Centre,SHEUNG WAN,"Hing Yip Commercial Centre
SHEUNG WAN
Rental: HKD 35,001 / 39 p.s.f.
Size: 900 s.f.
Fully Fitted, Mid Floor
Prop.#: 91360","35,001"
Kwok Lun Commercial House,CENTRAL,"Kwok Lun Commercial House
CENTRAL
Rental: HKD 35,000 / 35 p.s.f.
Size: 1,000 s.f.
Bare Shell, High Floor, City View
Prop.#: 53495","35,000"
New Mandarin Plaza - Tower B,TSIM SHA TSUI,"New Mandarin Plaza - Tower B
TSIM SHA TSUI
Rental: HKD 35,000 / 25 p.s.f.
Price: HKD 9.7M / 6,900 p.s.f.
Size: 1,400 s.f.
Fully Fitted, High Floor
Prop.#: 88998","35,000"
Winway Building,CENTRAL,"Winway Building
CENTRAL
Rental: HKD 34,999 / 33 p.s.f.
Size: 1,058 s.f.
Fully Fitted, High Floor, City View
Prop.#: 46269","34,999"
Simsons Commercial Building,WAN CHAI,"Simsons Commercial Building
WAN CHAI
Rental: HKD 34,996 / 30 p.s.f.
Size: 1,172 s.f.
Fully Fitted, Low Floor, City View
Prop.#: 52839","34,996"
Simsons Commercial Building,WAN CHAI,"Simsons Commercial Building
WAN CHAI
Rental: HKD 34,996 / 30 p.s.f.
Size: 1,172 s.f.
Fully Fitted, Mid Floor, City View
Prop.#: 86441","34,996"
Simsons Commercial Building,WAN CHAI,"Simsons Commercial Building
WAN CHAI
Rental: HKD 34,996 / 30 p.s.f.
Size: 1,172 s.f.
Fully Fitted
Prop.#: 87833","34,996"
Simsons Commercial Building,WAN CHAI,"Simsons Commercial Building
WAN CHAI
Rental: HKD 34,996 / 30 p.s.f.
Size: 1,172 s.f.
Partially Fitted, Mid Floor, City View
Prop.#: 61205","34,996"
MW One,TSIM SHA TSUI,"MW One
TSIM SHA TSUI
Rental: HKD 34,995 / 24 p.s.f.
Size: 1,436 s.f.
Bare Shell, Low Floor
Prop.#: 92097","34,995"
Foo Hoo Centre,TSIM SHA TSUI,"Foo Hoo Centre
TSIM SHA TSUI
Rental: HKD 34,994 / 25 p.s.f.
Size: 1,375 s.f.
Fully Fitted, Mid Floor
Prop.#: 9202","34,994"
Winsome House,CENTRAL,"Winsome House
CENTRAL
Rental: HKD 34,800 / 30 p.s.f.
Size: 1,160 s.f.
Bare Shell, High Floor, Open View
Prop.#: 534","34,800"
Wanchai Commercial Centre,WAN CHAI,"Wanchai Commercial Centre
WAN CHAI
Rental: HKD 34,799 / 23 p.s.f.
Size: 1,513 s.f.
Prop.#: 62740","34,799"
Hong Kong House,CENTRAL,"Hong Kong House
CENTRAL
Rental: HKD 34,775 / 33 p.s.f.
Size: 1,070 s.f.
Partially Fitted, Low Floor, City View
Prop.#: 75546","34,775"
Energy Plaza,TSIM SHA TSUI,"Energy Plaza
TSIM SHA TSUI
Rental: HKD 34,720 / 40 p.s.f.
Size: 868 s.f.
Fully Fitted, Low Floor
Prop.#: 8363","34,720"
Winsome House,CENTRAL,"Winsome House
CENTRAL
Rental: HKD 34,650 / 30 p.s.f.
Size: 1,155 s.f.
Bare Shell, Low Floor, Open View
Prop.#: 54580","34,650"
Kai Tak Commercial Building,SHEUNG WAN,"Kai Tak Commercial Building
SHEUNG WAN
Rental: HKD 34,552 / 28 p.s.f.
Size: 1,234 s.f.
Bare Shell, Low Floor, Open View
Prop.#: 86434","34,552"
Prosperous Building,CENTRAL,"Prosperous Building
CENTRAL
Rental: HKD 34,520 / 40 p.s.f.
Size: 863 s.f.
Bare Shell, Mid Floor, City View
Prop.#: 19369","34,520"
OfficePlus@Wan Chai (CRE Building),WAN CHAI,"VR TOUR
OfficePlus@Wan Chai (CRE Building)
WAN CHAI
Rental: HKD 34,503 / 49 p.s.f.
Size: 700 s.f.
Furnished, Mid Floor, City View
Prop.#: 70213","34,503"
OfficePlus @Sheung Wan,SHEUNG WAN,"OfficePlus @Sheung Wan
SHEUNG WAN
Rental: HKD 34,499 / 42 p.s.f.
Size: 822 s.f.
Furnished, Low Floor, City View
Prop.#: 4828","34,499"
OfficePlus@Wan Chai (CRE Building),WAN CHAI,"OfficePlus@Wan Chai (CRE Building)
WAN CHAI
Rental: HKD 34,499 / 46 p.s.f.
Size: 749 s.f.
Furnished, High Floor, City View
Prop.#: 970","34,499"
Kolling Centre,TSIM SHA TSUI,"Kolling Centre
TSIM SHA TSUI
Rental: HKD 34,476 / 26 p.s.f.
Size: 1,326 s.f.
Bare Shell, Mid Floor, City View
Prop.#: 90602","34,476"
Kolling Centre,TSIM SHA TSUI,"Kolling Centre
TSIM SHA TSUI
Rental: HKD 34,476 / 26 p.s.f.
Size: 1,326 s.f.
Fully Fitted, Mid Floor
Prop.#: 91311","34,476"
Kolling Centre,TSIM SHA TSUI,"Kolling Centre
TSIM SHA TSUI
Rental: HKD 34,476 / 26 p.s.f.
Size: 1,326 s.f.
Bare Shell, High Floor, Partial Seaview
Prop.#: 13130","34,476"
Kolling Centre,TSIM SHA TSUI,"Kolling Centre
TSIM SHA TSUI
Rental: HKD 34,476 / 26 p.s.f.
Size: 1,326 s.f.
Mid Floor, Garden View
Prop.#: 24227","34,476"
"Wellington Street, 128",CENTRAL,"Wellington Street, 128
CENTRAL
Rental: HKD 34,432 / 32 p.s.f.
Size: 1,076 s.f.
Fully Fitted, Mid Floor, City View
Prop.#: 15539","34,432"
"Yee Wo Street, 68",CAUSEWAY BAY,"Yee Wo Street, 68
CAUSEWAY BAY
Rental: HKD 34,244 / 28 p.s.f.
Size: 1,223 s.f.
Fully Fitted, Mid Floor, City View
Prop.#: 17885","34,244"
OfficePlus@Wan Chai (CRE Building),WAN CHAI,"VR TOUR
OfficePlus@Wan Chai (CRE Building)
WAN CHAI
Rental: HKD 34,200 / 33 p.s.f.
Size: 1,032 s.f.
Furnished, Mid Floor, City View
Prop.#: 23449","34,200"
Asia Standard Tower,CENTRAL,"Asia Standard Tower
CENTRAL
Rental: HKD 34,164 / 39 p.s.f.
Size: 876 s.f.
Fully Fitted, Mid Floor, City View
Prop.#: 23532","34,164"
Goldmark,CAUSEWAY BAY,"Goldmark
CAUSEWAY BAY
Rental: HKD 34,160 / 40 p.s.f.
Size: 854 s.f.
Bare Shell, Mid Floor, City View
Prop.#: 19035","34,160"
"Heung Yip Road, 41",WONG CHUK HANG,"Heung Yip Road, 41
WONG CHUK HANG
Rental: HKD 34,155 / 23 p.s.f.
Size: 1,485 s.f.
Bare Shell, Low Floor, Sea View
Prop.#: 86674","34,155"
Queen's Centre,WAN CHAI,"Queen's Centre
WAN CHAI
Rental: HKD 34,076 / 28 p.s.f.
Size: 1,217 s.f.
Bare Shell, Mid Floor, City View
Prop.#: 39863","34,076"
Infotech Centre,KWUN TONG,"Infotech Centre
KWUN TONG
Rental: HKD 34,038 / 16 p.s.f.
Size: 2,196 s.f.
Fully Fitted, High Floor
Prop.#: 35414","34,038"
Infotech Centre,KWUN TONG,"Infotech Centre
KWUN TONG
Rental: HKD 34,038 / 16 p.s.f.
Size: 2,196 s.f.
Fully Fitted, Mid Floor
Prop.#: 67383","34,038"
Crawford House,CENTRAL,"Crawford House
CENTRAL
Rental: HKD 34,020 / 63 p.s.f.
Size: 540 s.f.
Bare Shell, City View
Prop.#: 91697","34,020"
Morecrown Commercial Building,NORTH POINT,"Morecrown Commercial Building
NORTH POINT
Rental: HKD 34,005 / 27 p.s.f.
Size: 1,266 s.f.
Bare Shell, Mid Floor
Prop.#: 44351","34,005"
Evernew House,CAUSEWAY BAY,"Evernew House
CAUSEWAY BAY
Rental: HKD 34,002 / 19 p.s.f.
Size: 1,800 s.f.
Fully Fitted, Low Floor
Prop.#: 91347","34,002"
Cameron Commercial Centre,CAUSEWAY BAY,"Cameron Commercial Centre
CAUSEWAY BAY
Rental: HKD 33,998 / 28 p.s.f.
Size: 1,219 s.f.
Fully Fitted, High Floor, City View
Prop.#: 20609","33,998"
Cameron Commercial Centre,CAUSEWAY BAY,"Cameron Commercial Centre
CAUSEWAY BAY
Rental: HKD 33,998 / 28 p.s.f.
Size: 1,219 s.f.
Fully Fitted, Low Floor, City View
Prop.#: 5824","33,998"
Wing On Cheong Building,SHEUNG WAN,"Wing On Cheong Building
SHEUNG WAN
Rental: HKD 33,994 / 22 p.s.f.
Size: 1,548 s.f.
High Floor, City View
Prop.#: 4604","33,994"
Tower 188,WAN CHAI,"Tower 188
WAN CHAI
Rental: HKD 33,936 / 24 p.s.f.
Size: 1,414 s.f.
Bare Shell, Low Floor, City View
Prop.#: 21480","33,936"
Kowloon Centre,TSIM SHA TSUI,"VR TOUR
Kowloon Centre
TSIM SHA TSUI
Rental: HKD 33,877 / 32 p.s.f.
Price: HKD 11.7M / 11,200 p.s.f.
Size: 1,043 s.f.
Fully Fitted, High Floor, City View
Prop.#: 69648","33,877"
East Ocean Centre,TSIM SHA TSUI,"East Ocean Centre
TSIM SHA TSUI
Rental: HKD 33,858 / 27 p.s.f.
Size: 1,254 s.f.
Fully Fitted, High Floor, Park View
Prop.#: 14728","33,858"
Millennium City 2,KWUN TONG,"Millennium City 2
KWUN TONG
Rental: HKD 33,858 / 27 p.s.f.
Size: 1,254 s.f.
Bare Shell, Mid Floor, City View
Prop.#: 16948","33,858"
The Phoenix,WAN CHAI,"The Phoenix
WAN CHAI
Rental: HKD 33,840 / 30 p.s.f.
Size: 1,128 s.f.
Bare Shell, Mid Floor, City View
Prop.#: 16610","33,840"
The Phoenix,WAN CHAI,"The Phoenix
WAN CHAI
Rental: HKD 33,840 / 30 p.s.f.
Size: 1,128 s.f.
Bare Shell, Mid Floor, City View
Prop.#: 89420","33,840"
The Phoenix,WAN CHAI,"The Phoenix
WAN CHAI
Rental: HKD 33,840 / 30 p.s.f.
Size: 1,128 s.f.
Bare Shell, Low Floor, City View
Prop.#: 25983","33,840"
Hoseinee House,CENTRAL,"Hoseinee House
CENTRAL
Rental: HKD 33,830 / 29 p.s.f.
Size: 1,187 s.f.
Partially Fitted, Low Floor, City View
Prop.#: 3170","33,830"
Hoseinee House,CENTRAL,"Hoseinee House
CENTRAL
Rental: HKD 33,830 / 29 p.s.f.
Size: 1,187 s.f.
Partially Fitted, Low Floor, City View
Prop.#: 58898","33,830"
Hoseinee House,CENTRAL,"Hoseinee House
CENTRAL
Rental: HKD 33,830 / 29 p.s.f.
Size: 1,187 s.f.
Partially Fitted, Mid Floor, City View
Prop.#: 62946","33,830"
Tsim Sha Tsui Centre - East Tower,TSIM SHA TSUI,"Tsim Sha Tsui Centre - East Tower
TSIM SHA TSUI
Rental: HKD 33,825 / 33 p.s.f.
Size: 1,025 s.f.
Bare Shell, Mid Floor, City View
Prop.#: 54698","33,825"
Fortress Tower,NORTH POINT,"Fortress Tower
NORTH POINT
Rental: HKD 33,787 / 23 p.s.f.
Price: HKD 11.8M / 8,000 p.s.f.
Size: 1,469 s.f.
Fully Fitted, Mid Floor, City View
Prop.#: 5866","33,787"
"Sea View Estate, Block B",NORTH POINT,"Sea View Estate, Block B
NORTH POINT
Rental: HKD 33,750 / 15 p.s.f.
Price: HKD 13.1M / 5,800 p.s.f.
Size: 2,250 s.f.
Bare Shell, Mid Floor, City View
Prop.#: 31691","33,750"
Dominion Centre,WAN CHAI,"Dominion Centre
WAN CHAI
Rental: HKD 33,720 / 24 p.s.f.
Size: 1,405 s.f.
Fully Fitted, Mid Floor, City View
Prop.#: 19021","33,720"
Dominion Centre,WAN CHAI,"Dominion Centre
WAN CHAI
Rental: HKD 33,720 / 24 p.s.f.
Size: 1,405 s.f.
Low Floor, City View
Prop.#: 13757","33,720"
Omega Plaza,MONG KOK / TAI KOK TSUI,"Omega Plaza
MONG KOK / TAI KOK TSUI
Rental: HKD 33,644 / 26 p.s.f.
Size: 1,294 s.f.
Fully Fitted, High Floor, City View
Prop.#: 72613","33,644"
Emperor Hollywood Centre (Centre Hollywood),SHEUNG WAN,"Emperor Hollywood Centre (Centre Hollywood)
SHEUNG WAN
Rental: HKD 33,604 / 21 p.s.f.
Size: 1,571 s.f.
Fully Fitted, Mid Floor
Prop.#: 40112","33,604"
Kai Tak Commercial Building,SHEUNG WAN,"Kai Tak Commercial Building
SHEUNG WAN
Rental: HKD 33,582 / 29 p.s.f.
Size: 1,158 s.f.
Bare Shell, Mid Floor, Sea View
Prop.#: 80636","33,582"
AXA Southside,WONG CHUK HANG,"AXA Southside
WONG CHUK HANG
Rental: HKD 33,535 / 19 p.s.f.
Size: 1,765 s.f.
Bare Shell, City View
Prop.#: 90981","33,535"
Ovest,SHEUNG WAN,"Ovest
SHEUNG WAN
Rental: HKD 33,504 / 32 p.s.f.
Size: 1,047 s.f.
Partially Fitted, Mid Floor, City View
Prop.#: 78630","33,504"
Tai Yau Building,WAN CHAI,"Tai Yau Building
WAN CHAI
Rental: HKD 33,480 / 30 p.s.f.
Size: 1,116 s.f.
Mid Floor, City View
Prop.#: 52235","33,480"
Houston Centre,TSIM SHA TSUI,"Houston Centre
TSIM SHA TSUI
Rental: HKD 33,401 / 27 p.s.f.
Size: 1,238 s.f.
Fully Fitted, High Floor
Prop.#: 8639","33,401"
Houston Centre,TSIM SHA TSUI,"Houston Centre
TSIM SHA TSUI
Rental: HKD 33,350 / 25 p.s.f.
Size: 1,334 s.f.
Fully Fitted, Low Floor
Prop.#: 33664","33,350"
On Hong Commercial Building,WAN CHAI,"On Hong Commercial Building
WAN CHAI
Rental: HKD 33,330 / 33 p.s.f.
Size: 1,010 s.f.
Bare Shell, High Floor, Open View
Prop.#: 33114","33,330"
Bangkok Bank Building,SHEUNG WAN,"Bangkok Bank Building
SHEUNG WAN
Rental: HKD 33,235 / 23 p.s.f.
Size: 1,445 s.f.
Partially Fitted, Mid Floor
Prop.#: 11816","33,235"
FLK Tower,WAN CHAI,"FLK Tower
WAN CHAI
Rental: HKD 33,210 / 30 p.s.f.
Size: 1,107 s.f.
Partially Fitted, High Floor
Prop.#: 90244","33,210"
FLK Tower,WAN CHAI,"FLK Tower
WAN CHAI
Rental: HKD 33,210 / 30 p.s.f.
Size: 1,107 s.f.
Partially Fitted, High Floor
Prop.#: 90245","33,210"
FLK Tower,WAN CHAI,"FLK Tower
WAN CHAI
Rental: HKD 33,210 / 30 p.s.f.
Size: 1,107 s.f.
Partially Fitted, High Floor
Prop.#: 90246","33,210"
FLK Tower,WAN CHAI,"FLK Tower
WAN CHAI
Rental: HKD 33,210 / 30 p.s.f.
Size: 1,107 s.f.
Partially Fitted, High Floor
Prop.#: 90247","33,210"
FLK Tower,WAN CHAI,"FLK Tower
WAN CHAI
Rental: HKD 33,210 / 30 p.s.f.
Size: 1,107 s.f.
Partially Fitted, High Floor
Prop.#: 90250","33,210"
Lu Plaza,KWUN TONG,"Lu Plaza
KWUN TONG
Rental: HKD 33,133 / 17 p.s.f.
Size: 1,949 s.f.
Fully Fitted
Prop.#: 90168","33,133"
Southgate Commercial Centre,TSIM SHA TSUI,"Southgate Commercial Centre
TSIM SHA TSUI
Rental: HKD 33,132 / 33 p.s.f.
Size: 1,004 s.f.
Fully Fitted, Mid Floor, City View
Prop.#: 91671","33,132"
Infotech Centre,KWUN TONG,"Infotech Centre
KWUN TONG
Rental: HKD 33,124 / 14 p.s.f.
Size: 2,366 s.f.
Fully Fitted, Low Floor
Prop.#: 87977","33,124"
Bank of America Tower,CENTRAL,"Bank of America Tower
CENTRAL
Rental: HKD 33,120 / 45 p.s.f.
Size: 736 s.f.
Mid Floor, City View
Prop.#: 18500","33,120"
CNT Tower,WAN CHAI,"CNT Tower
WAN CHAI
Rental: HKD 33,088 / 22 p.s.f.
Size: 1,504 s.f.
Fully Fitted, Low Floor, City View
Prop.#: 34862","33,088"
Asia Standard Tower,CENTRAL,"Asia Standard Tower
CENTRAL
Rental: HKD 33,048 / 36 p.s.f.
Size: 918 s.f.
Fully Fitted, Mid Floor, City View
Prop.#: 62649","33,048"
Evernew House,CAUSEWAY BAY,"Evernew House
CAUSEWAY BAY
Rental: HKD 33,008 / 21 p.s.f.
Size: 1,600 s.f.
Fully Fitted, Low Floor
Prop.#: 91348","33,008"
OfficePlus@Wan Chai (CRE Building),WAN CHAI,"OfficePlus@Wan Chai (CRE Building)
WAN CHAI
Rental: HKD 33,003 / 37 p.s.f.
Size: 900 s.f.
Furnished, Mid Floor, City View
Prop.#: 967","33,003"
Winbase Centre,SHEUNG WAN,"Winbase Centre
SHEUNG WAN
Rental: HKD 33,003 / 25 p.s.f.
Size: 1,318 s.f.
Fully Fitted, Low Floor, City View
Prop.#: 82767","33,003"
Alliance Building,SHEUNG WAN,"Alliance Building
SHEUNG WAN
Rental: HKD 33,000 / 33 p.s.f.
Price: HKD 16.0M / 16,000 p.s.f.
Size: 1,000 s.f.
Fully Fitted
Prop.#: 86889","33,000"
Fortune House,CENTRAL,"Fortune House
CENTRAL
Rental: HKD 33,000 / 28 p.s.f.
Size: 1,200 s.f.
Fully Fitted, Mid Floor, Open View
Prop.#: 1605","33,000"
Fortune House,CENTRAL,"Fortune House
CENTRAL
Rental: HKD 33,000 / 28 p.s.f.
Size: 1,200 s.f.
Bare Shell, Low Floor, City View
Prop.#: 8286","33,000"
Kwong Fat Hong Building,SHEUNG WAN,"Kwong Fat Hong Building
SHEUNG WAN
Rental: HKD 33,000 / 30 p.s.f.
Size: 1,100 s.f.
Fully Fitted, Low Floor
Prop.#: 72620","33,000"
OfficePlus @Sheung Wan,SHEUNG WAN,"VR TOUR
OfficePlus @Sheung Wan
SHEUNG WAN
Rental: HKD 33,000 / 44 p.s.f.
Size: 750 s.f.
Furnished, Mid Floor, City View
Prop.#: 52727","33,000"
Well On Commercial Building,CENTRAL,"Well On Commercial Building
CENTRAL
Rental: HKD 33,000 / 44 p.s.f.
Size: 750 s.f.
Partially Fitted
Prop.#: 84232","33,000"
Winner Commercial Building,WAN CHAI,"Winner Commercial Building
WAN CHAI
Rental: HKD 33,000 / 22 p.s.f.
Price: HKD 12.0M / 8,000 p.s.f.
Size: 1,500 s.f.
Fully Fitted, Low Floor, City View
Prop.#: 27729","33,000"
Grand Millennium Plaza,SHEUNG WAN,"Grand Millennium Plaza
SHEUNG WAN
Rental: HKD 32,999 / 97 p.s.f.
Size: 341 s.f.
Fully Fitted, Low Floor
Prop.#: 59359","32,999"
OfficePlus @Sheung Wan,SHEUNG WAN,"VR TOUR
OfficePlus @Sheung Wan
SHEUNG WAN
Rental: HKD 32,998 / 46 p.s.f.
Size: 713 s.f.
Furnished, Low Floor, City View
Prop.#: 4801","32,998"
Malahon Centre,CENTRAL,"Malahon Centre
CENTRAL
Rental: HKD 32,997 / 24 p.s.f.
Size: 1,359 s.f.
Partially Fitted, High Floor, City View
Prop.#: 79271","32,997"
Goldmark,CAUSEWAY BAY,"Goldmark
CAUSEWAY BAY
Rental: HKD 32,960 / 40 p.s.f.
Size: 824 s.f.
Fully Fitted, City View
Prop.#: 41719","32,960"
Golden Bloom Centre,CAUSEWAY BAY,"Golden Bloom Centre
CAUSEWAY BAY
Rental: HKD 32,940 / 27 p.s.f.
Size: 1,220 s.f.
Bare Shell, Low Floor, City View
Prop.#: 41113","32,940"
Landmark South,WONG CHUK HANG,"Landmark South
WONG CHUK HANG
Rental: HKD 32,934 / 22 p.s.f.
Size: 1,497 s.f.
Bare Shell, Low Floor, City View
Prop.#: 83528","32,934"
AT Tower,NORTH POINT,"AT Tower
NORTH POINT
Rental: HKD 32,900 / 28 p.s.f.
Size: 1,175 s.f.
Fully Fitted, High Floor, Partial Seaview
Prop.#: 1515","32,900"
AT Tower,NORTH POINT,"AT Tower
NORTH POINT
Rental: HKD 32,900 / 28 p.s.f.
Size: 1,175 s.f.
Fully Fitted, Low Floor, City View
Prop.#: 17017","32,900"
AT Tower,NORTH POINT,"AT Tower
NORTH POINT
Rental: HKD 32,900 / 28 p.s.f.
Size: 1,175 s.f.
Partially Fitted, Mid Floor, City View
Prop.#: 21569","32,900"
Mirror Tower,TSIM SHA TSUI,"Mirror Tower
TSIM SHA TSUI
Rental: HKD 32,800 / 33 p.s.f.
Size: 1,000 s.f.
Fully Fitted, Low Floor, City View
Prop.#: 4908","32,800"
CS Tower,SHEUNG WAN,"CS Tower
SHEUNG WAN
Rental: HKD 32,760 / 26 p.s.f.
Size: 1,260 s.f.
Bare Shell, High Floor, City View
Prop.#: 54717","32,760"
CS Tower,SHEUNG WAN,"CS Tower
SHEUNG WAN
Rental: HKD 32,760 / 26 p.s.f.
Size: 1,260 s.f.
Partially Fitted, Mid Floor
Prop.#: 61195","32,760"
Golden Bloom Centre,CAUSEWAY BAY,"Golden Bloom Centre
CAUSEWAY BAY
Rental: HKD 32,724 / 27 p.s.f.
Size: 1,212 s.f.
Bare Shell, Low Floor, City View
Prop.#: 41112","32,724"
Li Dong Building,CENTRAL,"Li Dong Building
CENTRAL
Rental: HKD 32,704 / 28 p.s.f.
Size: 1,168 s.f.
Bare Shell, Low Floor
Prop.#: 61190","32,704"
Park Commercial Centre,CAUSEWAY BAY,"Park Commercial Centre
CAUSEWAY BAY
Rental: HKD 32,700 / 30 p.s.f.
Size: 1,090 s.f.
Bare Shell, Mid Floor, Park View
Prop.#: 2396","32,700"
"Heung Yip Road, 41",WONG CHUK HANG,"Heung Yip Road, 41
WONG CHUK HANG
Rental: HKD 32,670 / 22 p.s.f.
Size: 1,485 s.f.
Fully Fitted, Low Floor, Open View
Prop.#: 73559","32,670"
Chinachem Golden Plaza,TSIM SHA TSUI,"Chinachem Golden Plaza
TSIM SHA TSUI
Rental: HKD 32,660 / 23 p.s.f.
Size: 1,420 s.f.
Bare Shell, Low Floor, City View
Prop.#: 91933","32,660"
Shun Ho Tower,CENTRAL,"Shun Ho Tower
CENTRAL
Rental: HKD 32,564 / 28 p.s.f.
Size: 1,163 s.f.
Fully Fitted, Mid Floor, Open View
Prop.#: 8021","32,564"
Shun Ho Tower,CENTRAL,"Shun Ho Tower
CENTRAL
Rental: HKD 32,564 / 28 p.s.f.
Size: 1,163 s.f.
Partially Fitted, City View
Prop.#: 88852","32,564"
"The Chelsea (Jervois Street, 69)",SHEUNG WAN,"The Chelsea (Jervois Street, 69)
SHEUNG WAN
Rental: HKD 32,520 / 40 p.s.f.
Size: 813 s.f.
Bare Shell, High Floor, City View
Prop.#: 71212","32,520"
"The Chelsea (Jervois Street, 69)",SHEUNG WAN,"The Chelsea (Jervois Street, 69)
SHEUNG WAN
Rental: HKD 32,520 / 40 p.s.f.
Size: 813 s.f.
Fully Fitted, High Floor, City View
Prop.#: 91606","32,520"
Technology Plaza,NORTH POINT,"Technology Plaza
NORTH POINT
Rental: HKD 32,500 / 20 p.s.f.
Size: 1,625 s.f.
Fully Fitted, Sea View
Prop.#: 64095","32,500"
Milton Mansion,TSIM SHA TSUI,"Milton Mansion
TSIM SHA TSUI
Rental: HKD 32,500 / 31 p.s.f.
Size: 1,060 s.f.
Bare Shell, Low Floor
Prop.#: 18324","32,500"
OfficePlus @Sheung Wan,SHEUNG WAN,"VR TOUR
OfficePlus @Sheung Wan
SHEUNG WAN
Rental: HKD 32,499 / 46 p.s.f.
Size: 713 s.f.
Furnished, Mid Floor, City View
Prop.#: 67068","32,499"
Austin Plaza,JORDAN,"Austin Plaza
JORDAN
Rental: HKD 32,480 / 28 p.s.f.
Size: 1,160 s.f.
Fully Fitted, City View
Prop.#: 39453","32,480"
Hang Lung Centre,CAUSEWAY BAY,"Hang Lung Centre
CAUSEWAY BAY
Rental: HKD 32,350 / 50 p.s.f.
Size: 647 s.f.
Bare Shell, Mid Floor
Prop.#: 76989","32,350"
Causeway Bay Plaza II,CAUSEWAY BAY,"Causeway Bay Plaza II
CAUSEWAY BAY
Rental: HKD 32,305 / 35 p.s.f.
Size: 923 s.f.
Fully Fitted, City View
Prop.#: 19386","32,305"
Lucky Building,CENTRAL,"Lucky Building
CENTRAL
Rental: HKD 32,288 / 32 p.s.f.
Size: 1,009 s.f.
Fully Fitted, Low Floor, City View
Prop.#: 88542","32,288"
"Wellington Street, 128",CENTRAL,"Wellington Street, 128
CENTRAL
Rental: HKD 32,280 / 30 p.s.f.
Size: 1,076 s.f.
Fully Fitted, Mid Floor, City View
Prop.#: 49071","32,280"
Capitol Centre - Block 2,CAUSEWAY BAY,"Capitol Centre - Block 2
CAUSEWAY BAY
Rental: HKD 32,220 / 30 p.s.f.
Size: 1,074 s.f.
Bare Shell, Low Floor, City View
Prop.#: 75132","32,220"
Far East Consortium Building,SHEUNG WAN,"Far East Consortium Building
SHEUNG WAN
Rental: HKD 32,200 / 23 p.s.f.
Price: HKD 11.1M / 7,900 p.s.f.
Size: 1,400 s.f.
Fully Fitted, City View
Prop.#: 89802","32,200"
Park Tower,JORDAN,"Park Tower
JORDAN
Rental: HKD 32,200 / 23 p.s.f.
Size: 1,400 s.f.
Bare Shell, High Floor
Prop.#: 52558","32,200"
Asia Standard Tower,CENTRAL,"Asia Standard Tower
CENTRAL
Rental: HKD 32,184 / 36 p.s.f.
Size: 894 s.f.
Bare Shell, Low Floor
Prop.#: 81008","32,184"
K Wah Centre,NORTH POINT,"K Wah Centre
NORTH POINT
Rental: HKD 32,034 / 19 p.s.f.
Size: 1,686 s.f.
Fully Fitted, Mid Floor, Sea View
Prop.#: 13460","32,034"
Cheong K. Building,CENTRAL,"Cheong K. Building
CENTRAL
Rental: HKD 32,004 / 36 p.s.f.
Size: 900 s.f.
Fully Fitted, Low Floor, City View
Prop.#: 34792","32,004"
Eton Building,SHEUNG WAN,"Eton Building
SHEUNG WAN
Rental: HKD 32,003 / 25 p.s.f.
Size: 1,274 s.f.
Fully Fitted
Prop.#: 92008","32,003"
Double Commercial Building,CENTRAL,"Double Commercial Building
CENTRAL
Rental: HKD 32,002 / 39 p.s.f.
Size: 825 s.f.
Partially Fitted, High Floor, City View
Prop.#: 66719","32,002"
"Chatham Road South, 1",TSIM SHA TSUI,"Chatham Road South, 1
TSIM SHA TSUI
Rental: HKD 32,001 / 34 p.s.f.
Size: 951 s.f.
Fully Fitted, Mid Floor, City View
Prop.#: 23199","32,001"
Tin On Sing Commercial Building,CENTRAL,"Tin On Sing Commercial Building
CENTRAL
Rental: HKD 32,001 / 30 p.s.f.
Size: 1,053 s.f.
Fully Fitted, Low Floor, City View
Prop.#: 49360","32,001"
Cheung Lee Commercial Building,TSIM SHA TSUI,"Cheung Lee Commercial Building
TSIM SHA TSUI
Rental: HKD 32,000 / 40 p.s.f.
Size: 800 s.f.
Partially Fitted, Mid Floor, City View
Prop.#: 79391","32,000"
Eton Building,SHEUNG WAN,"Eton Building
SHEUNG WAN
Rental: HKD 32,000 / 24 p.s.f.
Size: 1,330 s.f.
Fully Fitted, Low Floor, City View
Prop.#: 86193","32,000"
Cheong K. Building,CENTRAL,"Cheong K. Building
CENTRAL
Rental: HKD 31,999 / 29 p.s.f.
Size: 1,100 s.f.
Fully Fitted, Mid Floor
Prop.#: 92153","31,999"
Wong Chung Ming Commercial Building,CENTRAL,"Wong Chung Ming Commercial Building
CENTRAL
Rental: HKD 31,999 / 29 p.s.f.
Size: 1,100 s.f.
Fully Fitted, Mid Floor, City View
Prop.#: 28748","31,999"
Wong Chung Ming Commercial Building,CENTRAL,"Wong Chung Ming Commercial Building
CENTRAL
Rental: HKD 31,999 / 29 p.s.f.
Size: 1,100 s.f.
Bare Shell, Mid Floor, City View
Prop.#: 15874","31,999"
Wong Chung Ming Commercial Building,CENTRAL,"Wong Chung Ming Commercial Building
CENTRAL
Rental: HKD 31,999 / 29 p.s.f.
Size: 1,100 s.f.
Fully Fitted, Low Floor, City View
Prop.#: 3591","31,999"
Wong Chung Ming Commercial Building,CENTRAL,"Wong Chung Ming Commercial Building
CENTRAL
Rental: HKD 31,999 / 29 p.s.f.
Size: 1,100 s.f.
Partially Fitted, Low Floor, City View
Prop.#: 3594","31,999"
Wong Chung Ming Commercial Building,CENTRAL,"Wong Chung Ming Commercial Building
CENTRAL
Rental: HKD 31,999 / 29 p.s.f.
Size: 1,100 s.f.
Fully Fitted, Low Floor, City View
Prop.#: 53434","31,999"
Tung Ming Building,CENTRAL,"Tung Ming Building
CENTRAL
Rental: HKD 31,998 / 53 p.s.f.
Size: 600 s.f.
Low Floor
Prop.#: 86968","31,998"
Goldmark,CAUSEWAY BAY,"Goldmark
CAUSEWAY BAY
Rental: HKD 31,997 / 42 p.s.f.
Size: 755 s.f.
Fully Fitted, Mid Floor, City View
Prop.#: 19034","31,997"
Siki Centre,CAUSEWAY BAY,"Siki Centre
CAUSEWAY BAY
Rental: HKD 31,996 / 30 p.s.f.
Size: 1,063 s.f.
Bare Shell, Mid Floor, City View
Prop.#: 46707","31,996"
Siki Centre,CAUSEWAY BAY,"Siki Centre
CAUSEWAY BAY
Rental: HKD 31,996 / 30 p.s.f.
Size: 1,063 s.f.
Bare Shell, Low Floor
Prop.#: 23185","31,996"
Siki Centre,CAUSEWAY BAY,"Siki Centre
CAUSEWAY BAY
Rental: HKD 31,996 / 30 p.s.f.
Size: 1,063 s.f.
Bare Shell, High Floor
Prop.#: 27608","31,996"
Kam Lung Commercial Centre,TSIM SHA TSUI,"Kam Lung Commercial Centre
TSIM SHA TSUI
Rental: HKD 31,996 / 34 p.s.f.
Size: 950 s.f.
Partially Fitted, City View
Prop.#: 23707","31,996"
Kam Lung Commercial Centre,TSIM SHA TSUI,"Kam Lung Commercial Centre
TSIM SHA TSUI
Rental: HKD 31,996 / 34 p.s.f.
Size: 950 s.f.
Partially Fitted, High Floor, City View
Prop.#: 19986","31,996"
Multifield Plaza,TSIM SHA TSUI,"Multifield Plaza
TSIM SHA TSUI
Rental: HKD 31,994 / 25 p.s.f.
Size: 1,288 s.f.
Fully Fitted, High Floor
Prop.#: 24579","31,994"
Car Po Commercial Building,CENTRAL,"Car Po Commercial Building
CENTRAL
Rental: HKD 31,994 / 28 p.s.f.
Size: 1,155 s.f.
Furnished, Mid Floor, City View
Prop.#: 73261","31,994"
Morrison Plaza,WAN CHAI,"Morrison Plaza
WAN CHAI
Rental: HKD 31,992 / 24 p.s.f.
Size: 1,333 s.f.
Bare Shell, Mid Floor, City View
Prop.#: 11439","31,992"
Concordia Plaza,TSIM SHA TSUI,"Concordia Plaza
TSIM SHA TSUI
Rental: HKD 31,980 / 26 p.s.f.
Size: 1,230 s.f.
Fully Fitted, Low Floor, City View
Prop.#: 30421","31,980"
Bangkok Bank Building,SHEUNG WAN,"Bangkok Bank Building
SHEUNG WAN
Rental: HKD 31,970 / 23 p.s.f.
Size: 1,390 s.f.
Fully Fitted, Mid Floor, City View
Prop.#: 76213","31,970"
Hanford Commercial Centre,JORDAN,"Hanford Commercial Centre
JORDAN
Rental: HKD 31,955 / 35 p.s.f.
Size: 913 s.f.
Fully Fitted, Mid Floor
Prop.#: 79651","31,955"
Greatmany Centre,WAN CHAI,"Greatmany Centre
WAN CHAI
Rental: HKD 31,950 / 25 p.s.f.
Size: 1,278 s.f.
Partially Fitted, Mid Floor, City View
Prop.#: 31108","31,950"
Kolling Centre,TSIM SHA TSUI,"Kolling Centre
TSIM SHA TSUI
Rental: HKD 31,824 / 24 p.s.f.
Size: 1,326 s.f.
Bare Shell, High Floor, Park View
Prop.#: 10204","31,824"
"Kodak House, Block 2",NORTH POINT,"Kodak House, Block 2
NORTH POINT
Rental: HKD 31,800 / 15 p.s.f.
Size: 2,120 s.f.
Fully Fitted, High Floor, Sea View
Prop.#: 913","31,800"
Manning House,CENTRAL,"Manning House
CENTRAL
Rental: HKD 31,800 / 60 p.s.f.
Size: 530 s.f.
Bare Shell, Low Floor
Prop.#: 81834","31,800"
Concordia Plaza,TSIM SHA TSUI,"Concordia Plaza
TSIM SHA TSUI
Rental: HKD 31,538 / 26 p.s.f.
Size: 1,213 s.f.
Fully Fitted, Mid Floor, Open View
Prop.#: 19732","31,538"
C C Wu Building,WAN CHAI,"C C Wu Building
WAN CHAI
Rental: HKD 31,523 / 29 p.s.f.
Size: 1,087 s.f.
Bare Shell, Low Floor
Prop.#: 47871","31,523"
C C Wu Building,WAN CHAI,"C C Wu Building
WAN CHAI
Rental: HKD 31,523 / 29 p.s.f.
Size: 1,087 s.f.
Low Floor
Prop.#: 86356","31,523"
C C Wu Building,WAN CHAI,"C C Wu Building
WAN CHAI
Rental: HKD 31,523 / 29 p.s.f.
Size: 1,087 s.f.
Bare Shell, Mid Floor, City View
Prop.#: 42282","31,523"
C C Wu Building,WAN CHAI,"C C Wu Building
WAN CHAI
Rental: HKD 31,523 / 29 p.s.f.
Size: 1,087 s.f.
Bare Shell, High Floor, City View
Prop.#: 13132","31,523"
C C Wu Building,WAN CHAI,"C C Wu Building
WAN CHAI
Rental: HKD 31,523 / 29 p.s.f.
Size: 1,087 s.f.
Bare Shell, Mid Floor, City View
Prop.#: 13840","31,523"
Bartlock Centre,CAUSEWAY BAY,"Bartlock Centre
CAUSEWAY BAY
Rental: HKD 31,500 / 30 p.s.f.
Size: 1,050 s.f.
Fully Fitted, Mid Floor
Prop.#: 21912","31,500"
Winner Commercial Building,WAN CHAI,"Winner Commercial Building
WAN CHAI
Rental: HKD 31,500 / 21 p.s.f.
Size: 1,500 s.f.
Bare Shell, Low Floor
Prop.#: 54149","31,500"
Shiu Fung Hong Building,SHEUNG WAN,"Shiu Fung Hong Building
SHEUNG WAN
Rental: HKD 31,472 / 28 p.s.f.
Size: 1,124 s.f.
Prop.#: 86001","31,472"
Shiu Fung Hong Building,SHEUNG WAN,"Shiu Fung Hong Building
SHEUNG WAN
Rental: HKD 31,472 / 28 p.s.f.
Size: 1,124 s.f.
Bare Shell, High Floor, Partial Seaview
Prop.#: 68429","31,472"
Ovest,SHEUNG WAN,"Ovest
SHEUNG WAN
Rental: HKD 31,410 / 30 p.s.f.
Size: 1,047 s.f.
Bare Shell, Low Floor, City View
Prop.#: 52032","31,410"
Ovest,SHEUNG WAN,"Ovest
SHEUNG WAN
Rental: HKD 31,410 / 30 p.s.f.
Size: 1,047 s.f.
Fully Fitted, Mid Floor, Partial Seaview
Prop.#: 19798","31,410"
Ovest,SHEUNG WAN,"Ovest
SHEUNG WAN
Rental: HKD 31,410 / 30 p.s.f.
Size: 1,047 s.f.
Fully Fitted, Low Floor, City View
Prop.#: 77659","31,410"
Ovest,SHEUNG WAN,"Ovest
SHEUNG WAN
Rental: HKD 31,410 / 30 p.s.f.
Size: 1,047 s.f.
Bare Shell, Mid Floor, City View
Prop.#: 34151","31,410"
Ovest,SHEUNG WAN,"Ovest
SHEUNG WAN
Rental: HKD 31,410 / 30 p.s.f.
Size: 1,047 s.f.
Low Floor, City View
Prop.#: 43706","31,410"
Ovest,SHEUNG WAN,"Ovest
SHEUNG WAN
Rental: HKD 31,410 / 30 p.s.f.
Size: 1,047 s.f.
Bare Shell, Mid Floor
Prop.#: 65410","31,410"
On Hong Commercial Building,WAN CHAI,"On Hong Commercial Building
WAN CHAI
Rental: HKD 31,310 / 31 p.s.f.
Size: 1,010 s.f.
Fully Fitted, High Floor, City View
Prop.#: 9505","31,310"
Tsim Sha Tsui Centre - East Tower,TSIM SHA TSUI,"Tsim Sha Tsui Centre - East Tower
TSIM SHA TSUI
Rental: HKD 31,232 / 32 p.s.f.
Size: 976 s.f.
Bare Shell, Low Floor, City View
Prop.#: 11275","31,232"
Tiffan Tower,WAN CHAI,"Tiffan Tower
WAN CHAI
Rental: HKD 31,164 / 21 p.s.f.
Size: 1,484 s.f.
High Floor
Prop.#: 16498","31,164"
Tiffan Tower,WAN CHAI,"Tiffan Tower
WAN CHAI
Rental: HKD 31,164 / 21 p.s.f.
Size: 1,484 s.f.
Bare Shell, High Floor
Prop.#: 17552","31,164"
Hang Lung Centre,CAUSEWAY BAY,"Hang Lung Centre
CAUSEWAY BAY
Rental: HKD 31,100 / 50 p.s.f.
Size: 622 s.f.
Bare Shell, Low Floor
Prop.#: 79788","31,100"
Fu Fai Commercial Centre,SHEUNG WAN,"Fu Fai Commercial Centre
SHEUNG WAN
Rental: HKD 31,050 / 23 p.s.f.
Size: 1,350 s.f.
Fully Fitted, Low Floor
Prop.#: 62062","31,050"
Dah Sing Life Building,CENTRAL,"Dah Sing Life Building
CENTRAL
Rental: HKD 31,044 / 26 p.s.f.
Size: 1,194 s.f.
Bare Shell, High Floor, City View
Prop.#: 1728","31,044"
Dah Sing Life Building,CENTRAL,"Dah Sing Life Building
CENTRAL
Rental: HKD 31,044 / 26 p.s.f.
Size: 1,194 s.f.
Bare Shell, Low Floor, City View
Prop.#: 12665","31,044"
Dah Sing Life Building,CENTRAL,"Dah Sing Life Building
CENTRAL
Rental: HKD 31,044 / 26 p.s.f.
Size: 1,194 s.f.
Bare Shell, City View
Prop.#: 89994","31,044"
World Wide House,CENTRAL,"World Wide House
CENTRAL
Rental: HKD 31,008 / 102 p.s.f.
Size: 304 s.f.
Prop.#: 92173","31,008"
Foo Hoo Centre,TSIM SHA TSUI,"Foo Hoo Centre
TSIM SHA TSUI
Rental: HKD 31,006 / 23 p.s.f.
Price: HKD 10.0M / 7,272 p.s.f.
Size: 1,375 s.f.
Fully Fitted, High Floor
Prop.#: 61510","31,006"
Shiu Fung Commercial Building,WAN CHAI,"Shiu Fung Commercial Building
WAN CHAI
Rental: HKD 31,004 / 27 p.s.f.
Price: HKD 10.0M / 8,695 p.s.f.
Size: 1,150 s.f.
Fully Fitted
Prop.#: 91575","31,004"
Chevalier House,TSIM SHA TSUI,"Chevalier House
TSIM SHA TSUI
Rental: HKD 31,001 / 34 p.s.f.
Price: HKD 13.0M / 14,161 p.s.f.
Size: 918 s.f.
Partially Fitted, Low Floor
Prop.#: 39015","31,001"
Hermes Commercial Centre,TSIM SHA TSUI,"Hermes Commercial Centre
TSIM SHA TSUI
Rental: HKD 31,001 / 35 p.s.f.
Size: 874 s.f.
Fully Fitted
Prop.#: 75346","31,001"
Kai Wong Commercial Building,SHEUNG WAN,"Kai Wong Commercial Building
SHEUNG WAN
Rental: HKD 31,000 / 42 p.s.f.
Size: 732 s.f.
Fully Fitted, City View
Prop.#: 71722","31,000"
Tung Ming Building,CENTRAL,"Tung Ming Building
CENTRAL
Rental: HKD 31,000 / 47 p.s.f.
Size: 660 s.f.
Fully Fitted, Mid Floor
Prop.#: 88200","31,000"
OfficePlus @Sheung Wan,SHEUNG WAN,"VR TOUR
OfficePlus @Sheung Wan
SHEUNG WAN
Rental: HKD 30,998 / 57 p.s.f.
Size: 547 s.f.
Furnished, High Floor, City View
Prop.#: 59814","30,998"
FLK Tower,WAN CHAI,"FLK Tower
WAN CHAI
Rental: HKD 30,996 / 28 p.s.f.
Size: 1,107 s.f.
Low Floor
Prop.#: 90235","30,996"
FLK Tower,WAN CHAI,"FLK Tower
WAN CHAI
Rental: HKD 30,996 / 28 p.s.f.
Size: 1,107 s.f.
Low Floor
Prop.#: 90236","30,996"
FLK Tower,WAN CHAI,"FLK Tower
WAN CHAI
Rental: HKD 30,996 / 28 p.s.f.
Size: 1,107 s.f.
Partially Fitted, Mid Floor
Prop.#: 90241","30,996"
FLK Tower,WAN CHAI,"FLK Tower
WAN CHAI
Rental: HKD 30,996 / 28 p.s.f.
Size: 1,107 s.f.
Partially Fitted, Mid Floor
Prop.#: 90243","30,996"
Far East Consortium Building,SHEUNG WAN,"Far East Consortium Building
SHEUNG WAN
Rental: HKD 30,888 / 26 p.s.f.
Size: 1,188 s.f.
Fully Fitted, Mid Floor, City View
Prop.#: 5437","30,888"
Star House,TSIM SHA TSUI,"Star House
TSIM SHA TSUI
Rental: HKD 30,822 / 22 p.s.f.
Size: 1,401 s.f.
Fully Fitted, High Floor
Prop.#: 71339","30,822"
Mirror Tower,TSIM SHA TSUI,"Mirror Tower
TSIM SHA TSUI
Rental: HKD 30,816 / 32 p.s.f.
Size: 960 s.f.
Fully Fitted, Low Floor
Prop.#: 44483","30,816"
Hang Lung Centre,CAUSEWAY BAY,"Hang Lung Centre
CAUSEWAY BAY
Rental: HKD 30,800 / 55 p.s.f.
Size: 560 s.f.
Bare Shell, High Floor
Prop.#: 31642","30,800"
Tai Sang Bank Building,SHEUNG WAN,"Tai Sang Bank Building
SHEUNG WAN
Rental: HKD 30,798 / 29 p.s.f.
Size: 1,058 s.f.
Partially Fitted, High Floor
Prop.#: 89043","30,798"
Neich Tower,WAN CHAI,"Neich Tower
WAN CHAI
Rental: HKD 30,798 / 28 p.s.f.
Size: 1,096 s.f.
Partially Fitted, Low Floor, City View
Prop.#: 86364","30,798"
Mirror Tower,TSIM SHA TSUI,"Mirror Tower
TSIM SHA TSUI
Rental: HKD 30,797 / 36 p.s.f.
Size: 860 s.f.
Bare Shell, High Floor, City View
Prop.#: 85190","30,797"
Causeway Bay Plaza II,CAUSEWAY BAY,"Causeway Bay Plaza II
CAUSEWAY BAY
Rental: HKD 30,690 / 33 p.s.f.
Size: 930 s.f.
Partially Fitted, Mid Floor, City View
Prop.#: 52936","30,690"
China Insurance Building,TSIM SHA TSUI,"China Insurance Building
TSIM SHA TSUI
Rental: HKD 30,548 / 28 p.s.f.
Size: 1,091 s.f.
Fully Fitted, Mid Floor, City View
Prop.#: 51261","30,548"
East Town Building,WAN CHAI,"East Town Building
WAN CHAI
Rental: HKD 30,535 / 31 p.s.f.
Size: 985 s.f.
Mid Floor
Prop.#: 89251","30,535"
Shiu Fung Hong Building,SHEUNG WAN,"Shiu Fung Hong Building
SHEUNG WAN
Rental: HKD 30,500 / 20 p.s.f.
Size: 1,525 s.f.
Fully Fitted, Low Floor, City View
Prop.#: 31575","30,500"
World Finance Centre - North,TSIM SHA TSUI,"World Finance Centre - North
TSIM SHA TSUI
Rental: HKD 30,480 / 30 p.s.f.
Size: 1,016 s.f.
Bare Shell, High Floor, City View
Prop.#: 91405","30,480"
Honest Building,CAUSEWAY BAY,"Honest Building
CAUSEWAY BAY
Rental: HKD 30,442 / 31 p.s.f.
Size: 982 s.f.
Bare Shell, Mid Floor, Open View
Prop.#: 14779","30,442"
C C Wu Building,WAN CHAI,"C C Wu Building
WAN CHAI
Rental: HKD 30,436 / 28 p.s.f.
Size: 1,087 s.f.
High Floor
Prop.#: 8183","30,436"
C C Wu Building,WAN CHAI,"C C Wu Building
WAN CHAI
Rental: HKD 30,436 / 28 p.s.f.
Size: 1,087 s.f.
Bare Shell, Mid Floor, City View
Prop.#: 58106","30,436"
C C Wu Building,WAN CHAI,"C C Wu Building
WAN CHAI
Rental: HKD 30,436 / 28 p.s.f.
Size: 1,087 s.f.
Mid Floor
Prop.#: 90497","30,436"
C C Wu Building,WAN CHAI,"C C Wu Building
WAN CHAI
Rental: HKD 30,436 / 28 p.s.f.
Size: 1,087 s.f.
Fully Fitted, Low Floor, City View
Prop.#: 52068","30,436"
Foo Hoo Centre,TSIM SHA TSUI,"Foo Hoo Centre
TSIM SHA TSUI
Rental: HKD 30,400 / 25 p.s.f.
Price: HKD 7.7M / 6,300 p.s.f.
Size: 1,216 s.f.
Partially Fitted, High Floor, City View
Prop.#: 67206","30,400"
Sands Building,TSIM SHA TSUI,"Sands Building
TSIM SHA TSUI
Rental: HKD 30,400 / 32 p.s.f.
Size: 950 s.f.
Bare Shell, Mid Floor, City View
Prop.#: 38142","30,400"
Pioneer Centre,MONG KOK / TAI KOK TSUI,"Pioneer Centre
MONG KOK / TAI KOK TSUI
Rental: HKD 30,324 / 42 p.s.f.
Size: 722 s.f.
Fully Fitted, Mid Floor
Prop.#: 84942","30,324"
Grand Centre,TSIM SHA TSUI,"Grand Centre
TSIM SHA TSUI
Rental: HKD 30,240 / 48 p.s.f.
Size: 630 s.f.
Bare Shell, Mid Floor
Prop.#: 90419","30,240"
"Sea View Estate, Block A",NORTH POINT,"Sea View Estate, Block A
NORTH POINT
Rental: HKD 30,240 / 18 p.s.f.
Size: 1,680 s.f.
Bare Shell, Mid Floor, City View
Prop.#: 77556","30,240"
Strand 50 (Bonham Trade Centre),SHEUNG WAN,"Strand 50 (Bonham Trade Centre)
SHEUNG WAN
Rental: HKD 30,240 / 30 p.s.f.
Size: 1,008 s.f.
Furnished, Mid Floor, City View
Prop.#: 45705","30,240"
Empire Centre,TSIM SHA TSUI,"Empire Centre
TSIM SHA TSUI
Rental: HKD 30,170 / 35 p.s.f.
Size: 862 s.f.
Fully Fitted, Mid Floor, Partial Seaview
Prop.#: 14962","30,170"
CNT Tower,WAN CHAI,"CNT Tower
WAN CHAI
Rental: HKD 30,109 / 29 p.s.f.
Size: 1,021 s.f.
Low Floor
Prop.#: 91932","30,109"
Technology Plaza,NORTH POINT,"Technology Plaza
NORTH POINT
Rental: HKD 30,100 / 18 p.s.f.
Size: 1,720 s.f.
City View
Prop.#: 90705","30,100"
Sands Building,TSIM SHA TSUI,"Sands Building
TSIM SHA TSUI
Rental: HKD 30,070 / 31 p.s.f.
Size: 970 s.f.
Bare Shell, Low Floor, City View
Prop.#: 42808","30,070"
Hyde Centre,WAN CHAI,"Hyde Centre
WAN CHAI
Rental: HKD 30,011 / 22 p.s.f.
Price: HKD 8.8M / 6,500 p.s.f.
Size: 1,350 s.f.
Fully Fitted
Prop.#: 15851","30,011"
Emperor Hollywood Centre (Centre Hollywood),SHEUNG WAN,"Emperor Hollywood Centre (Centre Hollywood)
SHEUNG WAN
Rental: HKD 30,005 / 19 p.s.f.
Size: 1,602 s.f.
Fully Fitted, Low Floor
Prop.#: 66526","30,005"
Parkview Commercial Building,CAUSEWAY BAY,"Parkview Commercial Building
CAUSEWAY BAY
Rental: HKD 30,005 / 21 p.s.f.
Size: 1,418 s.f.
Fully Fitted, Low Floor, City View
Prop.#: 84555","30,005"
New Mandarin Plaza - Tower B,TSIM SHA TSUI,"New Mandarin Plaza - Tower B
TSIM SHA TSUI
Rental: HKD 30,004 / 23 p.s.f.
Size: 1,300 s.f.
Fully Fitted, Mid Floor, City View
Prop.#: 84739","30,004"
Vogue Building,CENTRAL,"Vogue Building
CENTRAL
Rental: HKD 30,002 / 34 p.s.f.
Size: 890 s.f.
Fully Fitted, Mid Floor, City View
Prop.#: 59286","30,002"
Dominion Centre,WAN CHAI,"Dominion Centre
WAN CHAI
Rental: HKD 30,002 / 31 p.s.f.
Size: 965 s.f.
Fully Fitted
Prop.#: 30824","30,002"
OfficePlus @Sheung Wan,SHEUNG WAN,"OfficePlus @Sheung Wan
SHEUNG WAN
Rental: HKD 30,000 / 50 p.s.f.
Size: 600 s.f.
Furnished, High Floor, City View
Prop.#: 4862","30,000"
Tung Ming Building,CENTRAL,"Tung Ming Building
CENTRAL
Rental: HKD 29,999 / 46 p.s.f.
Size: 654 s.f.
Partially Fitted, Low Floor
Prop.#: 65547","29,999"
Ho Lee Commercial Building,CENTRAL,"Ho Lee Commercial Building
CENTRAL
Rental: HKD 29,997 / 50 p.s.f.
Price: HKD 20.0M / 33,003 p.s.f.
Size: 606 s.f.
Bare Shell, Mid Floor
Prop.#: 73702","29,997"
Multifield Plaza,TSIM SHA TSUI,"Multifield Plaza
TSIM SHA TSUI
Rental: HKD 29,997 / 25 p.s.f.
Size: 1,188 s.f.
Fully Fitted, Mid Floor
Prop.#: 90843","29,997"
Hung To Commercial Building,WAN CHAI,"Hung To Commercial Building
WAN CHAI
Rental: HKD 29,997 / 23 p.s.f.
Size: 1,298 s.f.
High Floor, City View
Prop.#: 40621","29,997"
Full View Commercial Building,CENTRAL,"Full View Commercial Building
CENTRAL
Rental: HKD 29,997 / 35 p.s.f.
Size: 850 s.f.
Fully Fitted, Low Floor
Prop.#: 77148","29,997"
Kee Shing Centre,TSIM SHA TSUI,"Kee Shing Centre
TSIM SHA TSUI
Rental: HKD 29,994 / 23 p.s.f.
Price: HKD 9.3M / 7,000 p.s.f.
Size: 1,326 s.f.
Bare Shell, Mid Floor
Prop.#: 80832","29,994"
Harvest Building,SHEUNG WAN,"Harvest Building
SHEUNG WAN
Rental: HKD 29,994 / 24 p.s.f.
Price: HKD 9.0M / 7,075 p.s.f.
Size: 1,272 s.f.
Fully Fitted, Low Floor, City View
Prop.#: 86702","29,994"
Prosperity Millennia Plaza,NORTH POINT,"Prosperity Millennia Plaza
NORTH POINT
Rental: HKD 29,986 / 22 p.s.f.
Size: 1,363 s.f.
Prop.#: 92090","29,986"
Chinachem Golden Plaza,TSIM SHA TSUI,"Chinachem Golden Plaza
TSIM SHA TSUI
Rental: HKD 29,960 / 28 p.s.f.
Size: 1,070 s.f.
Bare Shell, High Floor, City View
Prop.#: 9558","29,960"
Connaught Commercial Building,WAN CHAI,"Connaught Commercial Building
WAN CHAI
Rental: HKD 29,952 / 26 p.s.f.
Size: 1,152 s.f.
High Floor
Prop.#: 54242","29,952"
299QRC,SHEUNG WAN,"299QRC
SHEUNG WAN
Rental: HKD 29,928 / 29 p.s.f.
Size: 1,032 s.f.
Fully Fitted, High Floor, Open View
Prop.#: 19725","29,928"
Hermes Commercial Centre,TSIM SHA TSUI,"Hermes Commercial Centre
TSIM SHA TSUI
Rental: HKD 29,925 / 21 p.s.f.
Size: 1,425 s.f.
Fully Fitted, Mid Floor
Prop.#: 39089","29,925"
Ocean Building,JORDAN,"Ocean Building
JORDAN
Rental: HKD 29,900 / 25 p.s.f.
Size: 1,196 s.f.
Fully Fitted, Low Floor, City View
Prop.#: 45983","29,900"
Lee Kum Kee Central,CENTRAL,"Lee Kum Kee Central
CENTRAL
Rental: HKD 29,772 / 36 p.s.f.
Size: 827 s.f.
Bare Shell, High Floor, City View
Prop.#: 75348","29,772"
New East Ocean Centre,TSIM SHA TSUI,"New East Ocean Centre
TSIM SHA TSUI
Rental: HKD 29,754 / 27 p.s.f.
Size: 1,102 s.f.
Furnished, High Floor, Sea View
Prop.#: 21067","29,754"
Star House,TSIM SHA TSUI,"Star House
TSIM SHA TSUI
Rental: HKD 29,688 / 24 p.s.f.
Size: 1,237 s.f.
Mid Floor, City View
Prop.#: 56958","29,688"
Luk Yu Building,CENTRAL,"Luk Yu Building
CENTRAL
Rental: HKD 29,680 / 28 p.s.f.
Size: 1,060 s.f.
Partially Fitted, Mid Floor
Prop.#: 78313","29,680"
135 Bonham Strand Trade Centre,SHEUNG WAN,"135 Bonham Strand Trade Centre
SHEUNG WAN
Rental: HKD 29,625 / 25 p.s.f.
Size: 1,185 s.f.
Fully Fitted, Mid Floor, City View
Prop.#: 83685","29,625"
299QRC,SHEUNG WAN,"299QRC
SHEUNG WAN
Rental: HKD 29,624 / 28 p.s.f.
Size: 1,058 s.f.
Fully Fitted, Mid Floor, City View
Prop.#: 63608","29,624"
CKK Commercial Centre,WAN CHAI,"CKK Commercial Centre
WAN CHAI
Rental: HKD 29,596 / 28 p.s.f.
Size: 1,057 s.f.
Fully Fitted, High Floor, City View
Prop.#: 73055","29,596"
On Hong Commercial Building,WAN CHAI,"On Hong Commercial Building
WAN CHAI
Rental: HKD 29,574 / 31 p.s.f.
Size: 954 s.f.
Fully Fitted, Mid Floor
Prop.#: 21470","29,574"
Kam Lung Commercial Centre,TSIM SHA TSUI,"Kam Lung Commercial Centre
TSIM SHA TSUI
Rental: HKD 29,498 / 31 p.s.f.
Size: 950 s.f.
Fully Fitted, Mid Floor, City View
Prop.#: 20469","29,498"
Sands Building,TSIM SHA TSUI,"Sands Building
TSIM SHA TSUI
Rental: HKD 29,450 / 31 p.s.f.
Size: 950 s.f.
Bare Shell, Low Floor, City View
Prop.#: 12132","29,450"
Greatmany Centre,WAN CHAI,"Greatmany Centre
WAN CHAI
Rental: HKD 29,394 / 23 p.s.f.
Size: 1,278 s.f.
Fully Fitted, Mid Floor, City View
Prop.#: 30019","29,394"
K Wah Centre,NORTH POINT,"K Wah Centre
NORTH POINT
Rental: HKD 29,360 / 20 p.s.f.
Size: 1,468 s.f.
Bare Shell, Low Floor, Sea View
Prop.#: 60451","29,360"
Lee & Man Commercial Center,NORTH POINT,"Lee & Man Commercial Center
NORTH POINT
Rental: HKD 29,349 / 27 p.s.f.
Size: 1,087 s.f.
Fully Fitted, High Floor
Prop.#: 89934","29,349"
Unicorn Trade Centre,CENTRAL,"Unicorn Trade Centre
CENTRAL
Rental: HKD 29,260 / 38 p.s.f.
Size: 770 s.f.
Bare Shell, Low Floor, City View
Prop.#: 53664","29,260"
Man Yee Building,CENTRAL,"Man Yee Building
CENTRAL
Rental: HKD 29,250 / 150 p.s.f.
Size: 195 s.f.
Fully Fitted, Low Floor
Prop.#: 81966","29,250"
Car Po Commercial Building,CENTRAL,"Car Po Commercial Building
CENTRAL
Rental: HKD 29,233 / 23 p.s.f.
Size: 1,271 s.f.
Furnished, Low Floor, City View
Prop.#: 40323","29,233"
Wanchai Central Building,WAN CHAI,"Wanchai Central Building
WAN CHAI
Rental: HKD 29,200 / 25 p.s.f.
Size: 1,168 s.f.
Bare Shell, Low Floor, City View
Prop.#: 616","29,200"
Hermes Commercial Centre,TSIM SHA TSUI,"Hermes Commercial Centre
TSIM SHA TSUI
Rental: HKD 29,174 / 29 p.s.f.
Size: 1,006 s.f.
Fully Fitted
Prop.#: 60983","29,174"
"Chinachem Exchange Square, Two",NORTH POINT,"Chinachem Exchange Square, Two
NORTH POINT
Rental: HKD 29,018 / 22 p.s.f.
Size: 1,319 s.f.
Fully Fitted, Mid Floor, City View
Prop.#: 51441","29,018"
Kai Kwong Commercial Building,WAN CHAI,"Kai Kwong Commercial Building
WAN CHAI
Rental: HKD 29,003 / 22 p.s.f.
Size: 1,310 s.f.
Bare Shell, Mid Floor
Prop.#: 17603","29,003"
"Queen's Road Central, 55",CENTRAL,"Queen's Road Central, 55
CENTRAL
Rental: HKD 29,000 / 36 p.s.f.
Size: 800 s.f.
Bare Shell, Mid Floor, City View
Prop.#: 3521","29,000"
Silvercord - Tower 1,TSIM SHA TSUI,"Silvercord - Tower 1
TSIM SHA TSUI
Rental: HKD 29,000 / 50 p.s.f.
Size: 580 s.f.
Partially Fitted, Low Floor, City View
Prop.#: 63176","29,000"
HSH Mongkok Plaza (OfficePlus @Prince Ewdard),MONG KOK / TAI KOK TSUI,"HSH Mongkok Plaza (OfficePlus @Prince Ewdard)
MONG KOK / TAI KOK TSUI
Rental: HKD 28,999 / 52 p.s.f.
Size: 558 s.f.
Mid Floor
Prop.#: 88529","28,999"
Mirror Tower,TSIM SHA TSUI,"Mirror Tower
TSIM SHA TSUI
Rental: HKD 28,999 / 34 p.s.f.
Size: 860 s.f.
Partially Fitted, High Floor, Partial Seaview
Prop.#: 28593","28,999"
Tai Hong Building,,"Tai Hong Building
Rental: HKD 28,999 / 37 p.s.f.
Size: 776 s.f.
Low Floor
Prop.#: 92082","28,999"
CKK Commercial Centre,WAN CHAI,"CKK Commercial Centre
WAN CHAI
Rental: HKD 28,998 / 27 p.s.f.
Size: 1,074 s.f.
Partially Fitted, Mid Floor, City View
Prop.#: 79163","28,998"
CKK Commercial Centre,WAN CHAI,"CKK Commercial Centre
WAN CHAI
Rental: HKD 28,998 / 27 p.s.f.
Size: 1,074 s.f.
Fully Fitted, City View
Prop.#: 80779","28,998"
CKK Commercial Centre,WAN CHAI,"CKK Commercial Centre
WAN CHAI
Rental: HKD 28,998 / 27 p.s.f.
Size: 1,074 s.f.
Bare Shell, Mid Floor, City View
Prop.#: 18433","28,998"
CKK Commercial Centre,WAN CHAI,"CKK Commercial Centre
WAN CHAI
Rental: HKD 28,998 / 27 p.s.f.
Size: 1,074 s.f.
Bare Shell, City View
Prop.#: 71839","28,998"
CKK Commercial Centre,WAN CHAI,"CKK Commercial Centre
WAN CHAI
Rental: HKD 28,998 / 27 p.s.f.
Size: 1,074 s.f.
Partially Fitted, Low Floor, City View
Prop.#: 75154","28,998"
Kai Tak Commercial Building,SHEUNG WAN,"Kai Tak Commercial Building
SHEUNG WAN
Rental: HKD 28,990 / 26 p.s.f.
Size: 1,115 s.f.
Bare Shell, Low Floor
Prop.#: 86910","28,990"
Tai Yau Building,WAN CHAI,"Tai Yau Building
WAN CHAI
Rental: HKD 28,980 / 30 p.s.f.
Size: 966 s.f.
Bare Shell, Low Floor, City View
Prop.#: 61821","28,980"
Wing Hing Commercial Building,SHEUNG WAN,"Wing Hing Commercial Building
SHEUNG WAN
Rental: HKD 28,974 / 22 p.s.f.
Size: 1,317 s.f.
Partially Fitted, Mid Floor
Prop.#: 87037","28,974"
Goldmark,CAUSEWAY BAY,"Goldmark
CAUSEWAY BAY
Rental: HKD 28,944 / 36 p.s.f.
Size: 804 s.f.
Bare Shell, High Floor
Prop.#: 4163","28,944"
On Hing Building,CENTRAL,"VR TOUR
On Hing Building
CENTRAL
Rental: HKD 28,901 / 33 p.s.f.
Size: 875 s.f.
Partially Fitted, Mid Floor, City View
Prop.#: 20433","28,901"
Connaught Commercial Building,WAN CHAI,"Connaught Commercial Building
WAN CHAI
Rental: HKD 28,800 / 25 p.s.f.
Size: 1,152 s.f.
Bare Shell, Low Floor
Prop.#: 60042","28,800"
Vogue Building,CENTRAL,"Vogue Building
CENTRAL
Rental: HKD 28,798 / 36 p.s.f.
Size: 806 s.f.
Partially Fitted, Mid Floor, City View
Prop.#: 64311","28,798"
Vogue Building,CENTRAL,"Vogue Building
CENTRAL
Rental: HKD 28,798 / 36 p.s.f.
Size: 806 s.f.
Partially Fitted, Mid Floor, City View
Prop.#: 25548","28,798"
Mirror Tower,TSIM SHA TSUI,"Mirror Tower
TSIM SHA TSUI
Rental: HKD 28,756 / 32 p.s.f.
Size: 910 s.f.
Bare Shell, Low Floor, Garden View
Prop.#: 30386","28,756"
Crawford House,CENTRAL,"Crawford House
CENTRAL
Rental: HKD 28,728 / 63 p.s.f.
Size: 456 s.f.
Bare Shell, High Floor, City View
Prop.#: 71290","28,728"
"Austin Road, 29",JORDAN,"Austin Road, 29
JORDAN
Rental: HKD 28,672 / 28 p.s.f.
Size: 1,024 s.f.
Fully Fitted, Low Floor, City View
Prop.#: 69464","28,672"
Strand 50 (Bonham Trade Centre),SHEUNG WAN,"Strand 50 (Bonham Trade Centre)
SHEUNG WAN
Rental: HKD 28,620 / 30 p.s.f.
Size: 954 s.f.
Fully Fitted, High Floor, City View
Prop.#: 34132","28,620"
Wah Kit Commercial Centre,SHEUNG WAN,"Wah Kit Commercial Centre
SHEUNG WAN
Rental: HKD 28,600 / 22 p.s.f.
Price: HKD 15.0M / 11,538 p.s.f.
Size: 1,300 s.f.
Partially Fitted, Low Floor, City View
Prop.#: 30850","28,600"
Goldmark,CAUSEWAY BAY,"Goldmark
CAUSEWAY BAY
Rental: HKD 28,595 / 35 p.s.f.
Size: 817 s.f.
Bare Shell, High Floor, City View
Prop.#: 19043","28,595"
One Capital Place,WAN CHAI,"One Capital Place
WAN CHAI
Rental: HKD 28,566 / 27 p.s.f.
Size: 1,058 s.f.
Fully Fitted, Mid Floor, City View
Prop.#: 87667","28,566"
CKK Commercial Centre,WAN CHAI,"CKK Commercial Centre
WAN CHAI
Rental: HKD 28,539 / 27 p.s.f.
Size: 1,057 s.f.
Bare Shell, High Floor, City View
Prop.#: 23426","28,539"
CKK Commercial Centre,WAN CHAI,"CKK Commercial Centre
WAN CHAI
Rental: HKD 28,539 / 27 p.s.f.
Size: 1,057 s.f.
Bare Shell, High Floor, City View
Prop.#: 73440","28,539"
Eastern Commercial Centre,WAN CHAI,"Eastern Commercial Centre
WAN CHAI
Rental: HKD 28,476 / 28 p.s.f.
Size: 1,017 s.f.
Partially Fitted, Mid Floor
Prop.#: 55181","28,476"
Tern Plaza,TSIM SHA TSUI,"Tern Plaza
TSIM SHA TSUI
Rental: HKD 28,416 / 32 p.s.f.
Size: 888 s.f.
Mid Floor, City View
Prop.#: 17591","28,416"
Taurus Building,TSIM SHA TSUI,"Taurus Building
TSIM SHA TSUI
Rental: HKD 28,304 / 34 p.s.f.
Size: 831 s.f.
Fully Fitted, High Floor, City View
Prop.#: 22363","28,304"
Asia Standard Tower,CENTRAL,"Asia Standard Tower
CENTRAL
Rental: HKD 28,236 / 39 p.s.f.
Size: 724 s.f.
Partially Fitted, Mid Floor
Prop.#: 45640","28,236"
Kai Tak Commercial Building,SHEUNG WAN,"Kai Tak Commercial Building
SHEUNG WAN
Rental: HKD 28,168 / 28 p.s.f.
Size: 1,006 s.f.
Bare Shell, Low Floor, City View
Prop.#: 38475","28,168"
Tai Yip Building,WAN CHAI,"Tai Yip Building
WAN CHAI
Rental: HKD 28,140 / 30 p.s.f.
Size: 938 s.f.
Fully Fitted, High Floor, City View
Prop.#: 28255","28,140"
Austin Plaza,JORDAN,"Austin Plaza
JORDAN
Rental: HKD 28,056 / 28 p.s.f.
Size: 1,002 s.f.
Prop.#: 92147","28,056"
East Town Building,WAN CHAI,"East Town Building
WAN CHAI
Rental: HKD 28,055 / 31 p.s.f.
Size: 905 s.f.
Bare Shell, Mid Floor, City View
Prop.#: 42760","28,055"
Empire Centre,TSIM SHA TSUI,"Empire Centre
TSIM SHA TSUI
Rental: HKD 28,017 / 33 p.s.f.
Size: 849 s.f.
High Floor, Partial Seaview
Prop.#: 91310","28,017"
Loyong Court,WAN CHAI,"Loyong Court
WAN CHAI
Rental: HKD 28,010 / 22 p.s.f.
Price: HKD 10.1M / 8,000 p.s.f.
Size: 1,260 s.f.
Fully Fitted, Mid Floor
Prop.#: 72091","28,010"
Car Po Commercial Building,CENTRAL,"Car Po Commercial Building
CENTRAL
Rental: HKD 28,003 / 29 p.s.f.
Size: 972 s.f.
Fully Fitted, Mid Floor, City View
Prop.#: 66074","28,003"
South Seas Centre - Tower 1,TSIM SHA TSUI,"South Seas Centre - Tower 1
TSIM SHA TSUI
Rental: HKD 28,003 / 26 p.s.f.
Size: 1,068 s.f.
Fully Fitted, High Floor
Prop.#: 47212","28,003"
Wellington Plaza,CENTRAL,"Wellington Plaza
CENTRAL
Rental: HKD 28,001 / 31 p.s.f.
Size: 910 s.f.
Partially Fitted, Mid Floor, City View
Prop.#: 15548","28,001"
Max Share Centre,NORTH POINT,"Max Share Centre
NORTH POINT
Rental: HKD 28,000 / 20 p.s.f.
Price: HKD 15,400.0M / 11,000,000 p.s.f.
Size: 1,400 s.f.
Fully Fitted, Mid Floor, City View
Prop.#: 48002","28,000"
Wanchai Commercial Centre,WAN CHAI,"Wanchai Commercial Centre
WAN CHAI
Rental: HKD 28,000 / 26 p.s.f.
Size: 1,057 s.f.
Fully Fitted, Mid Floor, City View
Prop.#: 1945","28,000"
Wanchai Commercial Centre,WAN CHAI,"Wanchai Commercial Centre
WAN CHAI
Rental: HKD 28,000 / 26 p.s.f.
Size: 1,057 s.f.
Partially Fitted, Mid Floor, City View
Prop.#: 3874","28,000"
Morrison Commercial Building,WAN CHAI,"Morrison Commercial Building
WAN CHAI
Rental: HKD 28,000 / 29 p.s.f.
Price: HKD 8.6M / 9,000 p.s.f.
Size: 954 s.f.
Fully Fitted, Low Floor, City View
Prop.#: 39691","28,000"
"Cochrane Street, 9-11",CENTRAL,"Cochrane Street, 9-11
CENTRAL
Rental: HKD 27,999 / 31 p.s.f.
Size: 900 s.f.
Bare Shell, High Floor, Open View
Prop.#: 51394","27,999"
Wanchai Commercial Centre,WAN CHAI,"Wanchai Commercial Centre
WAN CHAI
Rental: HKD 27,998 / 25 p.s.f.
Size: 1,101 s.f.
Partially Fitted, Mid Floor
Prop.#: 78409","27,998"
Tak Woo House,CENTRAL,"Tak Woo House
CENTRAL
Rental: HKD 27,996 / 23 p.s.f.
Size: 1,200 s.f.
Fully Fitted
Prop.#: 86123","27,996"
Hollywood Commercial House,CENTRAL,"Hollywood Commercial House
CENTRAL
Rental: HKD 27,950 / 26 p.s.f.
Size: 1,075 s.f.
Fully Fitted, City View
Prop.#: 55540","27,950"
Kam Fung Commercial Building,WAN CHAI,"Kam Fung Commercial Building
WAN CHAI
Rental: HKD 27,930 / 21 p.s.f.
Size: 1,330 s.f.
Fully Fitted, Low Floor, City View
Prop.#: 47237","27,930"
Eubank Plaza,CENTRAL,"Eubank Plaza
CENTRAL
Rental: HKD 27,896 / 34 p.s.f.
Price: HKD 9.8M / 11,764 p.s.f.
Size: 830 s.f.
Fully Fitted, Mid Floor, City View
Prop.#: 34475","27,896"
New Mandarin Plaza - Tower A,TSIM SHA TSUI,"New Mandarin Plaza - Tower A
TSIM SHA TSUI
Rental: HKD 27,721 / 19 p.s.f.
Size: 1,459 s.f.
High Floor
Prop.#: 67721","27,721"
Workington Tower,SHEUNG WAN,"Workington Tower
SHEUNG WAN
Rental: HKD 27,552 / 24 p.s.f.
Size: 1,148 s.f.
Bare Shell, Mid Floor, City View
Prop.#: 24968","27,552"
Ocean Building,JORDAN,"Ocean Building
JORDAN
Rental: HKD 27,550 / 25 p.s.f.
Size: 1,102 s.f.
Bare Shell, Low Floor, City View
Prop.#: 68391","27,550"
Wanchai Commercial Centre,WAN CHAI,"Wanchai Commercial Centre
WAN CHAI
Rental: HKD 27,525 / 25 p.s.f.
Size: 1,101 s.f.
Partially Fitted, Mid Floor, City View
Prop.#: 36561","27,525"
Wanchai Commercial Centre,WAN CHAI,"Wanchai Commercial Centre
WAN CHAI
Rental: HKD 27,525 / 25 p.s.f.
Size: 1,101 s.f.
Partially Fitted, Mid Floor, City View
Prop.#: 48950","27,525"
Wanchai Commercial Centre,WAN CHAI,"Wanchai Commercial Centre
WAN CHAI
Rental: HKD 27,525 / 25 p.s.f.
Size: 1,101 s.f.
Fully Fitted, Mid Floor
Prop.#: 9501","27,525"
Wanchai Commercial Centre,WAN CHAI,"Wanchai Commercial Centre
WAN CHAI
Rental: HKD 27,525 / 25 p.s.f.
Size: 1,101 s.f.
Bare Shell, High Floor
Prop.#: 11061","27,525"
Beverly House,WAN CHAI,"Beverly House
WAN CHAI
Rental: HKD 27,507 / 27 p.s.f.
Size: 1,038 s.f.
Partially Fitted, Mid Floor, City View
Prop.#: 3693","27,507"
Energy Plaza,TSIM SHA TSUI,"Energy Plaza
TSIM SHA TSUI
Rental: HKD 27,500 / 25 p.s.f.
Size: 1,100 s.f.
Fully Fitted, Mid Floor, City View
Prop.#: 16826","27,500"
CKK Commercial Centre,WAN CHAI,"CKK Commercial Centre
WAN CHAI
Rental: HKD 27,486 / 27 p.s.f.
Size: 1,018 s.f.
Partially Fitted, High Floor, City View
Prop.#: 9483","27,486"
Wilson House,CENTRAL,"Wilson House
CENTRAL
Rental: HKD 27,392 / 32 p.s.f.
Size: 856 s.f.
Partially Fitted, Low Floor, Open View
Prop.#: 48902","27,392"
Emperor Group Centre,WAN CHAI,"Emperor Group Centre
WAN CHAI
Rental: HKD 27,356 / 28 p.s.f.
Size: 977 s.f.
Fully Fitted, Low Floor, City View
Prop.#: 18156","27,356"
Shiu Fung Hong Building,SHEUNG WAN,"Shiu Fung Hong Building
SHEUNG WAN
Rental: HKD 27,346 / 22 p.s.f.
Size: 1,243 s.f.
Fully Fitted, Mid Floor, City View
Prop.#: 38436","27,346"
New Mandarin Plaza - Tower B,TSIM SHA TSUI,"New Mandarin Plaza - Tower B
TSIM SHA TSUI
Rental: HKD 27,265 / 35 p.s.f.
Size: 779 s.f.
Fully Fitted, Mid Floor, City View
Prop.#: 46362","27,265"
New Mandarin Plaza - Tower B,TSIM SHA TSUI,"New Mandarin Plaza - Tower B
TSIM SHA TSUI
Rental: HKD 27,265 / 35 p.s.f.
Size: 779 s.f.
Fully Fitted, Mid Floor, City View
Prop.#: 25936","27,265"
New Mandarin Plaza - Tower B,TSIM SHA TSUI,"New Mandarin Plaza - Tower B
TSIM SHA TSUI
Rental: HKD 27,265 / 35 p.s.f.
Size: 779 s.f.
Fully Fitted, Mid Floor, City View
Prop.#: 79781","27,265"
Star House,TSIM SHA TSUI,"Star House
TSIM SHA TSUI
Rental: HKD 27,218 / 31 p.s.f.
Size: 878 s.f.
Furnished, High Floor, Sea View
Prop.#: 13418","27,218"
Mirror Tower,TSIM SHA TSUI,"Mirror Tower
TSIM SHA TSUI
Rental: HKD 27,199 / 35 p.s.f.
Size: 780 s.f.
Bare Shell, City View
Prop.#: 91186","27,199"
Workington Tower,SHEUNG WAN,"Workington Tower
SHEUNG WAN
Rental: HKD 27,192 / 24 p.s.f.
Size: 1,133 s.f.
Bare Shell, Mid Floor, City View
Prop.#: 11266","27,192"
Workington Tower,SHEUNG WAN,"Workington Tower
SHEUNG WAN
Rental: HKD 27,192 / 24 p.s.f.
Size: 1,133 s.f.
Bare Shell, City View
Prop.#: 77575","27,192"
C Wisdom Centre,CENTRAL,"C Wisdom Centre
CENTRAL
Rental: HKD 27,104 / 28 p.s.f.
Size: 968 s.f.
Bare Shell, High Floor, City View
Prop.#: 49650","27,104"
C Wisdom Centre,CENTRAL,"C Wisdom Centre
CENTRAL
Rental: HKD 27,104 / 28 p.s.f.
Size: 968 s.f.
Bare Shell, City View
Prop.#: 49653","27,104"
C Wisdom Centre,CENTRAL,"C Wisdom Centre
CENTRAL
Rental: HKD 27,104 / 28 p.s.f.
Size: 968 s.f.
Bare Shell, Mid Floor, City View
Prop.#: 49698","27,104"
Tai Yau Building,WAN CHAI,"Tai Yau Building
WAN CHAI
Rental: HKD 27,094 / 31 p.s.f.
Size: 874 s.f.
Fully Fitted, Mid Floor, City View
Prop.#: 56295","27,094"
Lucky Building,CENTRAL,"Lucky Building
CENTRAL
Rental: HKD 27,072 / 32 p.s.f.
Size: 846 s.f.
Bare Shell, Low Floor, City View
Prop.#: 88752","27,072"
Causeway Bay Plaza II,CAUSEWAY BAY,"Causeway Bay Plaza II
CAUSEWAY BAY
Rental: HKD 27,060 / 33 p.s.f.
Size: 820 s.f.
Fully Fitted, High Floor, City View
Prop.#: 23758","27,060"
Hillier Commercial Building,SHEUNG WAN,"Hillier Commercial Building
SHEUNG WAN
Rental: HKD 27,000 / 27 p.s.f.
Size: 1,000 s.f.
Partially Fitted, Low Floor, City View
Prop.#: 53847","27,000"
Arion Commercial Centre,SHEUNG WAN,"Arion Commercial Centre
SHEUNG WAN
Rental: HKD 26,998 / 18 p.s.f.
Size: 1,521 s.f.
Fully Fitted, Mid Floor
Prop.#: 81931","26,998"
Houston Centre,TSIM SHA TSUI,"Houston Centre
TSIM SHA TSUI
Rental: HKD 26,997 / 26 p.s.f.
Size: 1,023 s.f.
Fully Fitted, Mid Floor
Prop.#: 11271","26,997"
Ihome Centre,WAN CHAI,"Ihome Centre
WAN CHAI
Rental: HKD 26,976 / 32 p.s.f.
Size: 843 s.f.
Bare Shell, Mid Floor, City View
Prop.#: 71179","26,976"
Asia Standard Tower,CENTRAL,"Asia Standard Tower
CENTRAL
Rental: HKD 26,910 / 130 p.s.f.
Size: 207 s.f.
Bare Shell, Low Floor
Prop.#: 59966","26,910"
Mirror Tower,TSIM SHA TSUI,"Mirror Tower
TSIM SHA TSUI
Rental: HKD 26,814 / 33 p.s.f.
Size: 815 s.f.
Bare Shell, Mid Floor, City View
Prop.#: 90719","26,814"
Mirror Tower,TSIM SHA TSUI,"Mirror Tower
TSIM SHA TSUI
Rental: HKD 26,799 / 34 p.s.f.
Size: 795 s.f.
Bare Shell, Low Floor, City View
Prop.#: 86883","26,799"
The Workstation,CENTRAL,"The Workstation
CENTRAL
Rental: HKD 26,772 / 35 p.s.f.
Size: 776 s.f.
Fully Fitted, Low Floor, City View
Prop.#: 10603","26,772"
Shun Feng International Centre,WAN CHAI,"Shun Feng International Centre
WAN CHAI
Rental: HKD 26,730 / 30 p.s.f.
Size: 900 s.f.
Fully Fitted, Low Floor, City View
Prop.#: 27669","26,730"
"Austin Road, 102",JORDAN,"Austin Road, 102
JORDAN
Rental: HKD 26,684 / 28 p.s.f.
Size: 953 s.f.
Bare Shell, Low Floor
Prop.#: 87861","26,684"
"Austin Road, 102",JORDAN,"Austin Road, 102
JORDAN
Rental: HKD 26,684 / 28 p.s.f.
Size: 953 s.f.
Fully Fitted, Mid Floor, City View
Prop.#: 91557","26,684"
"Austin Road, 102",JORDAN,"Austin Road, 102
JORDAN
Rental: HKD 26,684 / 28 p.s.f.
Size: 953 s.f.
Fully Fitted, Mid Floor, City View
Prop.#: 91663","26,684"
Po Wah Commercial Centre,WAN CHAI,"Po Wah Commercial Centre
WAN CHAI
Rental: HKD 26,650 / 26 p.s.f.
Size: 1,025 s.f.
Fully Fitted, Low Floor
Prop.#: 63816","26,650"
Po Wah Commercial Centre,WAN CHAI,"Po Wah Commercial Centre
WAN CHAI
Rental: HKD 26,650 / 26 p.s.f.
Size: 1,025 s.f.
Bare Shell, City View
Prop.#: 91210","26,650"
"Chinachem Exchange Square, Two",NORTH POINT,"Chinachem Exchange Square, Two
NORTH POINT
Rental: HKD 26,586 / 21 p.s.f.
Size: 1,266 s.f.
Fully Fitted, Low Floor, City View
Prop.#: 89640","26,586"
"Chinachem Exchange Square, Two",NORTH POINT,"Chinachem Exchange Square, Two
NORTH POINT
Rental: HKD 26,586 / 21 p.s.f.
Size: 1,266 s.f.
Fully Fitted, City View
Prop.#: 90784","26,586"
Asia Standard Tower,CENTRAL,"Asia Standard Tower
CENTRAL
Rental: HKD 26,559 / 39 p.s.f.
Size: 681 s.f.
Partially Fitted, Mid Floor, City View
Prop.#: 8702","26,559"
Lee & Man Commercial Center,NORTH POINT,"Lee & Man Commercial Center
NORTH POINT
Rental: HKD 26,541 / 27 p.s.f.
Size: 983 s.f.
Partially Fitted, High Floor, City View
Prop.#: 91028","26,541"
Po Wah Commercial Centre,WAN CHAI,"Po Wah Commercial Centre
WAN CHAI
Rental: HKD 26,520 / 30 p.s.f.
Size: 884 s.f.
Bare Shell
Prop.#: 89832","26,520"
Po Wah Commercial Centre,WAN CHAI,"Po Wah Commercial Centre
WAN CHAI
Rental: HKD 26,520 / 30 p.s.f.
Size: 884 s.f.
Bare Shell, Low Floor
Prop.#: 86162","26,520"
OfficePlus@Wan Chai (CRE Building),WAN CHAI,"OfficePlus@Wan Chai (CRE Building)
WAN CHAI
Rental: HKD 26,499 / 48 p.s.f.
Size: 550 s.f.
Fully Fitted, High Floor, City View
Prop.#: 76080","26,499"
Lucky Building,CENTRAL,"Lucky Building
CENTRAL
Rental: HKD 26,464 / 32 p.s.f.
Size: 827 s.f.
Bare Shell, Mid Floor, City View
Prop.#: 84439","26,464"
Wanchai Commercial Centre,WAN CHAI,"Wanchai Commercial Centre
WAN CHAI
Rental: HKD 26,424 / 24 p.s.f.
Size: 1,101 s.f.
Bare Shell, High Floor, City View
Prop.#: 87818","26,424"
Harbour Commercial Building,SHEUNG WAN,"Harbour Commercial Building
SHEUNG WAN
Rental: HKD 26,400 / 24 p.s.f.
Size: 1,100 s.f.
Fully Fitted, Mid Floor, City View
Prop.#: 59424","26,400"
Island Place Tower,NORTH POINT,"Island Place Tower
NORTH POINT
Rental: HKD 26,400 / 22 p.s.f.
Size: 1,200 s.f.
Bare Shell, Low Floor, Partial Seaview
Prop.#: 71840","26,400"
Loke Yew Building,CENTRAL,"Loke Yew Building
CENTRAL
Rental: HKD 26,400 / 48 p.s.f.
Size: 550 s.f.
Bare Shell, Low Floor
Prop.#: 21851","26,400"
New Mandarin Plaza - Tower A,TSIM SHA TSUI,"New Mandarin Plaza - Tower A
TSIM SHA TSUI
Rental: HKD 26,400 / 20 p.s.f.
Size: 1,320 s.f.
Fully Fitted, Mid Floor, City View
Prop.#: 88091","26,400"
Loong Wan Building,NORTH POINT,"Loong Wan Building
NORTH POINT
Rental: HKD 26,351 / 22 p.s.f.
Size: 1,206 s.f.
Fully Fitted, High Floor, Partial Seaview
Prop.#: 67704","26,351"
Printing House,CENTRAL,"Printing House
CENTRAL
Rental: HKD 26,235 / 55 p.s.f.
Size: 477 s.f.
Fully Fitted, Low Floor, City View
Prop.#: 12242","26,235"
Silver Fortune Plaza,CENTRAL,"Silver Fortune Plaza
CENTRAL
Rental: HKD 26,208 / 36 p.s.f.
Size: 728 s.f.
Fully Fitted, Mid Floor, City View
Prop.#: 63845","26,208"
Capitol Centre - Block 2,CAUSEWAY BAY,"Capitol Centre - Block 2
CAUSEWAY BAY
Rental: HKD 26,202 / 33 p.s.f.
Size: 794 s.f.
Low Floor, City View
Prop.#: 4024","26,202"
Kai Tak Commercial Building,SHEUNG WAN,"Kai Tak Commercial Building
SHEUNG WAN
Rental: HKD 26,182 / 26 p.s.f.
Size: 1,007 s.f.
Fully Fitted
Prop.#: 92054","26,182"
Yee On 168 (E168),SHEUNG WAN,"Yee On 168 (E168)
SHEUNG WAN
Rental: HKD 26,160 / 30 p.s.f.
Size: 872 s.f.
Fully Fitted, Low Floor, City View
Prop.#: 67043","26,160"
Yee On 168 (E168),SHEUNG WAN,"Yee On 168 (E168)
SHEUNG WAN
Rental: HKD 26,160 / 30 p.s.f.
Size: 872 s.f.
Bare Shell, Mid Floor, City View
Prop.#: 67045","26,160"
Austin Tower,TSIM SHA TSUI,"Austin Tower
TSIM SHA TSUI
Rental: HKD 26,092 / 22 p.s.f.
Size: 1,186 s.f.
Bare Shell, Mid Floor, City View
Prop.#: 8852","26,092"
Park Commercial Centre,CAUSEWAY BAY,"Park Commercial Centre
CAUSEWAY BAY
Rental: HKD 26,010 / 30 p.s.f.
Size: 867 s.f.
Fully Fitted, High Floor
Prop.#: 91305","26,010"
Double Commercial Building,CENTRAL,"Double Commercial Building
CENTRAL
Rental: HKD 26,003 / 38 p.s.f.
Size: 680 s.f.
Bare Shell, Low Floor, City View
Prop.#: 75535","26,003"
Teda Building,SHEUNG WAN,"Teda Building
SHEUNG WAN
Rental: HKD 26,003 / 24 p.s.f.
Size: 1,083 s.f.
Fully Fitted, High Floor
Prop.#: 79190","26,003"
CKK Commercial Centre,WAN CHAI,"CKK Commercial Centre
WAN CHAI
Rental: HKD 26,003 / 35 p.s.f.
Size: 750 s.f.
Fully Fitted, City View
Prop.#: 92165","26,003"
CKK Commercial Centre,WAN CHAI,"CKK Commercial Centre
WAN CHAI
Rental: HKD 26,003 / 35 p.s.f.
Size: 750 s.f.
Fully Fitted, City View
Prop.#: 92166","26,003"
Tern Centre - Block 2,SHEUNG WAN,"Tern Centre - Block 2
SHEUNG WAN
Rental: HKD 26,002 / 28 p.s.f.
Size: 913 s.f.
Fully Fitted, Mid Floor, City View
Prop.#: 8315","26,002"
Empress Plaza,TSIM SHA TSUI,"Empress Plaza
TSIM SHA TSUI
Rental: HKD 26,001 / 32 p.s.f.
Size: 808 s.f.
Fully Fitted, Low Floor, Partial Seaview
Prop.#: 22031","26,001"
Hillier Commercial Building,SHEUNG WAN,"Hillier Commercial Building
SHEUNG WAN
Rental: HKD 26,000 / 26 p.s.f.
Size: 1,000 s.f.
Fully Fitted, Low Floor
Prop.#: 72290","26,000"
Wyndham Place,CENTRAL,"Wyndham Place
CENTRAL
Rental: HKD 26,000 / 26 p.s.f.
Size: 1,000 s.f.
Fully Fitted, Mid Floor, City View
Prop.#: 32187","26,000"
Jade Centre,CENTRAL,"Jade Centre
CENTRAL
Rental: HKD 25,998 / 28 p.s.f.
Size: 918 s.f.
Fully Fitted, Mid Floor, City View
Prop.#: 59727","25,998"
Mirror Tower,TSIM SHA TSUI,"Mirror Tower
TSIM SHA TSUI
Rental: HKD 25,997 / 33 p.s.f.
Size: 780 s.f.
Fully Fitted, Low Floor, City View
Prop.#: 83315","25,997"
Lee & Man Commercial Center,NORTH POINT,"Lee & Man Commercial Center
NORTH POINT
Rental: HKD 25,944 / 23 p.s.f.
Size: 1,128 s.f.
Fully Fitted, Low Floor, City View
Prop.#: 91841","25,944"
Unicorn Trade Centre,CENTRAL,"Unicorn Trade Centre
CENTRAL
Rental: HKD 25,840 / 38 p.s.f.
Size: 680 s.f.
Bare Shell, Mid Floor, City View
Prop.#: 72254","25,840"
Albion Plaza,TSIM SHA TSUI,"Albion Plaza
TSIM SHA TSUI
Rental: HKD 25,830 / 41 p.s.f.
Size: 630 s.f.
Bare Shell, Mid Floor
Prop.#: 69458","25,830"
Albion Plaza,TSIM SHA TSUI,"Albion Plaza
TSIM SHA TSUI
Rental: HKD 25,830 / 41 p.s.f.
Size: 630 s.f.
Bare Shell, Mid Floor
Prop.#: 13995","25,830"
East Ocean Centre,TSIM SHA TSUI,"East Ocean Centre
TSIM SHA TSUI
Rental: HKD 25,799 / 31 p.s.f.
Size: 836 s.f.
Partially Fitted, Mid Floor, City View
Prop.#: 29489","25,799"
Casey Building,SHEUNG WAN,"Casey Building
SHEUNG WAN
Rental: HKD 25,788 / 21 p.s.f.
Size: 1,228 s.f.
Bare Shell, High Floor
Prop.#: 79338","25,788"
Fu Fai Commercial Centre,SHEUNG WAN,"Fu Fai Commercial Centre
SHEUNG WAN
Rental: HKD 25,760 / 23 p.s.f.
Size: 1,120 s.f.
Partially Fitted, Mid Floor, City View
Prop.#: 49591","25,760"
Fu Fai Commercial Centre,SHEUNG WAN,"Fu Fai Commercial Centre
SHEUNG WAN
Rental: HKD 25,760 / 23 p.s.f.
Size: 1,120 s.f.
Partially Fitted, Mid Floor, City View
Prop.#: 64687","25,760"
Kai Tak Commercial Building,SHEUNG WAN,"Kai Tak Commercial Building
SHEUNG WAN
Rental: HKD 25,760 / 28 p.s.f.
Size: 920 s.f.
Fully Fitted, Low Floor, Sea View
Prop.#: 75754","25,760"
Millennium City 1 - Tower 01,KWUN TONG,"Millennium City 1 - Tower 01
KWUN TONG
Rental: HKD 25,650 / 25 p.s.f.
Size: 1,026 s.f.
Bare Shell, Low Floor, City View
Prop.#: 32412","25,650"
Mirror Tower,TSIM SHA TSUI,"Mirror Tower
TSIM SHA TSUI
Rental: HKD 25,520 / 32 p.s.f.
Size: 795 s.f.
Bare Shell, Low Floor, City View
Prop.#: 88479","25,520"
Nam Hing Fong,CAUSEWAY BAY,"Nam Hing Fong
CAUSEWAY BAY
Rental: HKD 25,496 / 29 p.s.f.
Size: 881 s.f.
Partially Fitted, Mid Floor, City View
Prop.#: 63219","25,496"
Wanchai Commercial Centre,WAN CHAI,"Wanchai Commercial Centre
WAN CHAI
Rental: HKD 25,368 / 24 p.s.f.
Size: 1,057 s.f.
Bare Shell, High Floor, City View
Prop.#: 73083","25,368"
Wanchai Commercial Centre,WAN CHAI,"Wanchai Commercial Centre
WAN CHAI
Rental: HKD 25,368 / 24 p.s.f.
Size: 1,057 s.f.
Partially Fitted, Mid Floor, City View
Prop.#: 8084","25,368"
Wilson House,CENTRAL,"Wilson House
CENTRAL
Rental: HKD 25,344 / 33 p.s.f.
Size: 768 s.f.
Partially Fitted, Mid Floor, Open View
Prop.#: 21971","25,344"
Nam Hing Fong,CAUSEWAY BAY,"Nam Hing Fong
CAUSEWAY BAY
Rental: HKD 25,302 / 29 p.s.f.
Size: 881 s.f.
Partially Fitted, Mid Floor, City View
Prop.#: 63750","25,302"
Tai Yip Building,WAN CHAI,"Tai Yip Building
WAN CHAI
Rental: HKD 25,256 / 28 p.s.f.
Size: 902 s.f.
Bare Shell, Low Floor, City View
Prop.#: 41380","25,256"
Yue Xiu Building,WAN CHAI,"Yue Xiu Building
WAN CHAI
Rental: HKD 25,208 / 23 p.s.f.
Size: 1,096 s.f.
Prop.#: 91353","25,208"
Strand 71,SHEUNG WAN,"Strand 71
SHEUNG WAN
Rental: HKD 25,200 / 30 p.s.f.
Size: 840 s.f.
Fully Fitted, High Floor, City View
Prop.#: 85225","25,200"
East Ocean Centre,TSIM SHA TSUI,"East Ocean Centre
TSIM SHA TSUI
Rental: HKD 25,080 / 30 p.s.f.
Size: 836 s.f.
Mid Floor
Prop.#: 92026","25,080"
Lansing House,CENTRAL,"Lansing House
CENTRAL
Rental: HKD 25,004 / 26 p.s.f.
Size: 950 s.f.
Partially Fitted, Low Floor, City View
Prop.#: 86429","25,004"
Star House,TSIM SHA TSUI,"Star House
TSIM SHA TSUI
Rental: HKD 25,004 / 18 p.s.f.
Price: HKD 8.1M / 5,800 p.s.f.
Size: 1,400 s.f.
Fully Fitted, Mid Floor
Prop.#: 85599","25,004"
Gilman's Bazaar,SHEUNG WAN,"Gilman's Bazaar
SHEUNG WAN
Rental: HKD 25,004 / 33 p.s.f.
Size: 763 s.f.
Partially Fitted, Low Floor
Prop.#: 5477","25,004"
Nam Wo Hong Building,SHEUNG WAN,"Nam Wo Hong Building
SHEUNG WAN
Rental: HKD 25,004 / 24 p.s.f.
Size: 1,055 s.f.
Partially Fitted, Low Floor, City View
Prop.#: 75281","25,004"
Tai Sang Bank Building,SHEUNG WAN,"Tai Sang Bank Building
SHEUNG WAN
Rental: HKD 25,003 / 29 p.s.f.
Size: 861 s.f.
Fully Fitted, Low Floor, City View
Prop.#: 69765","25,003"
MW One,TSIM SHA TSUI,"MW One
TSIM SHA TSUI
Rental: HKD 25,003 / 26 p.s.f.
Size: 965 s.f.
Partially Fitted, Low Floor
Prop.#: 92096","25,003"
Winning Centre,CENTRAL,"Winning Centre
CENTRAL
Rental: HKD 25,003 / 23 p.s.f.
Size: 1,100 s.f.
High Floor, City View
Prop.#: 51640","25,003"
Nam Hing Fong,CAUSEWAY BAY,"Nam Hing Fong
CAUSEWAY BAY
Rental: HKD 25,003 / 28 p.s.f.
Size: 881 s.f.
Partially Fitted, Low Floor, City View
Prop.#: 63220","25,003"
Thyrse House,CENTRAL,"Thyrse House
CENTRAL
Rental: HKD 25,001 / 33 p.s.f.
Size: 762 s.f.
Fully Fitted, Mid Floor
Prop.#: 61660","25,001"
Alliance Building,SHEUNG WAN,"Alliance Building
SHEUNG WAN
Rental: HKD 25,001 / 28 p.s.f.
Size: 880 s.f.
Fully Fitted
Prop.#: 85489","25,001"
Chang Pao Ching Building,WAN CHAI,"Chang Pao Ching Building
WAN CHAI
Rental: HKD 25,000 / 19 p.s.f.
Price: HKD 8.5M / 6,568 p.s.f.
Size: 1,294 s.f.
Fully Fitted, Mid Floor, Sea View
Prop.#: 29163","25,000"
Island Place Tower,NORTH POINT,"Island Place Tower
NORTH POINT
Rental: HKD 25,000 / 25 p.s.f.
Size: 1,000 s.f.
Fully Fitted
Prop.#: 91883","25,000"
Winning Centre,CENTRAL,"Winning Centre
CENTRAL
Rental: HKD 25,000 / 50 p.s.f.
Size: 500 s.f.
High Floor, Open View
Prop.#: 52107","25,000"
"Wyndham Street, 31C-D",CENTRAL,"Wyndham Street, 31C-D
CENTRAL
Rental: HKD 25,000 / 25 p.s.f.
Size: 1,000 s.f.
Partially Fitted, High Floor, City View
Prop.#: 81778","25,000"
Conwell House,CENTRAL,"Conwell House
CENTRAL
Rental: HKD 25,000 / 26 p.s.f.
Size: 980 s.f.
Bare Shell, Low Floor, City View
Prop.#: 19703","25,000"
Supreme House,TSIM SHA TSUI,"Supreme House
TSIM SHA TSUI
Rental: HKD 24,999 / 42 p.s.f.
Size: 591 s.f.
Low Floor
Prop.#: 91679","24,999"
Winfield Commercial Building,TSIM SHA TSUI,"Winfield Commercial Building
TSIM SHA TSUI
Rental: HKD 24,999 / 29 p.s.f.
Size: 865 s.f.
Fully Fitted, Mid Floor, City View
Prop.#: 4037","24,999"
New York House,CENTRAL,"New York House
CENTRAL
Rental: HKD 24,998 / 31 p.s.f.
Size: 814 s.f.
Fully Fitted, Low Floor, City View
Prop.#: 639","24,998"
New York House,CENTRAL,"New York House
CENTRAL
Rental: HKD 24,998 / 31 p.s.f.
Size: 814 s.f.
Bare Shell, Low Floor, City View
Prop.#: 2060","24,998"
Success Commercial Building,WAN CHAI,"Success Commercial Building
WAN CHAI
Rental: HKD 24,996 / 22 p.s.f.
Price: HKD 10.3M / 8,994 p.s.f.
Size: 1,144 s.f.
Fully Fitted
Prop.#: 40059","24,996"
Carfield Commercial Building,CENTRAL,"Carfield Commercial Building
CENTRAL
Rental: HKD 24,993 / 18 p.s.f.
Size: 1,368 s.f.
Partially Fitted, Low Floor, City View
Prop.#: 74866","24,993"
Austin Tower,TSIM SHA TSUI,"Austin Tower
TSIM SHA TSUI
Rental: HKD 24,970 / 22 p.s.f.
Size: 1,135 s.f.
Fully Fitted, Mid Floor
Prop.#: 91558","24,970"
Wharf T & T Centre,TSIM SHA TSUI,"Wharf T & T Centre
TSIM SHA TSUI
Rental: HKD 24,969 / 29 p.s.f.
Size: 861 s.f.
Bare Shell
Prop.#: 91232","24,969"
Capitol Centre - Block 2,CAUSEWAY BAY,"Capitol Centre - Block 2
CAUSEWAY BAY
Rental: HKD 24,928 / 32 p.s.f.
Size: 779 s.f.
Bare Shell, Mid Floor, City View
Prop.#: 47682","24,928"
Ihome Centre,WAN CHAI,"Ihome Centre
WAN CHAI
Rental: HKD 24,928 / 32 p.s.f.
Size: 779 s.f.
Bare Shell, High Floor, City View
Prop.#: 70983","24,928"
Energy Plaza,TSIM SHA TSUI,"Energy Plaza
TSIM SHA TSUI
Rental: HKD 24,800 / 25 p.s.f.
Size: 992 s.f.
Bare Shell, High Floor, City View
Prop.#: 91109","24,800"
Pacific Plaza,WESTERN / KENNEDY TOWN,"Pacific Plaza
WESTERN / KENNEDY TOWN
Rental: HKD 24,726 / 26 p.s.f.
Size: 951 s.f.
Fully Fitted, Mid Floor, Partial Seaview
Prop.#: 64685","24,726"
Eastern Flower Centre,TSIM SHA TSUI,"Eastern Flower Centre
TSIM SHA TSUI
Rental: HKD 24,720 / 24 p.s.f.
Size: 1,030 s.f.
Bare Shell, Low Floor, City View
Prop.#: 4776","24,720"
Eastern Flower Centre,TSIM SHA TSUI,"Eastern Flower Centre
TSIM SHA TSUI
Rental: HKD 24,720 / 24 p.s.f.
Size: 1,030 s.f.
Fully Fitted, Mid Floor, City View
Prop.#: 10049","24,720"
Capitol Centre - Block 2,CAUSEWAY BAY,"Capitol Centre - Block 2
CAUSEWAY BAY
Rental: HKD 24,640 / 32 p.s.f.
Size: 770 s.f.
High Floor
Prop.#: 55340","24,640"
Beautiful Group Tower,SHEUNG WAN,"Beautiful Group Tower
SHEUNG WAN
Rental: HKD 24,600 / 30 p.s.f.
Size: 820 s.f.
Fully Fitted, Low Floor, City View
Prop.#: 2101","24,600"
Austin Plaza,JORDAN,"Austin Plaza
JORDAN
Rental: HKD 24,556 / 28 p.s.f.
Size: 877 s.f.
Bare Shell, Mid Floor, Open View
Prop.#: 4812","24,556"
Ocean Centre,TSIM SHA TSUI,"Ocean Centre
TSIM SHA TSUI
Rental: HKD 24,552 / 31 p.s.f.
Size: 792 s.f.
Bare Shell, Mid Floor, Sea View
Prop.#: 17942","24,552"
Sing Shun Centre,CHEUNG SHA WAN / LAI CHI KOK,"Sing Shun Centre
CHEUNG SHA WAN / LAI CHI KOK
Rental: HKD 24,420 / 22 p.s.f.
Size: 1,110 s.f.
Fully Fitted
Prop.#: 92094","24,420"
Tern Commercial Building,TSIM SHA TSUI,"Tern Commercial Building
TSIM SHA TSUI
Rental: HKD 24,396 / 38 p.s.f.
Size: 642 s.f.
Fully Fitted, Mid Floor, City View
Prop.#: 75372","24,396"
Tern Commercial Building,TSIM SHA TSUI,"Tern Commercial Building
TSIM SHA TSUI
Rental: HKD 24,396 / 38 p.s.f.
Size: 642 s.f.
Bare Shell, Low Floor, City View
Prop.#: 87318","24,396"
Tern Commercial Building,TSIM SHA TSUI,"Tern Commercial Building
TSIM SHA TSUI
Rental: HKD 24,396 / 38 p.s.f.
Size: 642 s.f.
Bare Shell, High Floor, City View
Prop.#: 88192","24,396"
Hollywood Centre,SHEUNG WAN,"Hollywood Centre
SHEUNG WAN
Rental: HKD 24,360 / 28 p.s.f.
Size: 870 s.f.
Fully Fitted, Mid Floor, Open View
Prop.#: 15750","24,360"
Goldmark,CAUSEWAY BAY,"Goldmark
CAUSEWAY BAY
Rental: HKD 24,336 / 36 p.s.f.
Size: 676 s.f.
Bare Shell, High Floor, City View
Prop.#: 4164","24,336"
Omega Plaza,MONG KOK / TAI KOK TSUI,"Omega Plaza
MONG KOK / TAI KOK TSUI
Rental: HKD 24,310 / 26 p.s.f.
Size: 935 s.f.
Fully Fitted, Mid Floor, City View
Prop.#: 73751","24,310"
Prosperity Millennia Plaza,NORTH POINT,"Prosperity Millennia Plaza
NORTH POINT
Rental: HKD 24,244 / 22 p.s.f.
Size: 1,102 s.f.
Bare Shell, Mid Floor
Prop.#: 15656","24,244"
Charmhill Centre,TSIM SHA TSUI,"Charmhill Centre
TSIM SHA TSUI
Rental: HKD 24,240 / 24 p.s.f.
Size: 1,010 s.f.
Bare Shell, Low Floor, City View
Prop.#: 89595","24,240"
Yee On 168 (E168),SHEUNG WAN,"Yee On 168 (E168)
SHEUNG WAN
Rental: HKD 24,240 / 30 p.s.f.
Size: 808 s.f.
Partially Fitted, Low Floor, City View
Prop.#: 49927","24,240"
Cameron Plaza,TSIM SHA TSUI,"Cameron Plaza
TSIM SHA TSUI
Rental: HKD 24,228 / 36 p.s.f.
Size: 673 s.f.
Bare Shell, City View
Prop.#: 90637","24,228"
Wui Tat Centre,WESTERN / KENNEDY TOWN,"Wui Tat Centre
WESTERN / KENNEDY TOWN
Rental: HKD 24,228 / 18 p.s.f.
Size: 1,346 s.f.
Fully Fitted, Low Floor, Sea View
Prop.#: 28197","24,228"
Arion Commercial Centre,SHEUNG WAN,"Arion Commercial Centre
SHEUNG WAN
Rental: HKD 24,200 / 25 p.s.f.
Size: 968 s.f.
Bare Shell, City View
Prop.#: 50375","24,200"
Austin Tower,TSIM SHA TSUI,"Austin Tower
TSIM SHA TSUI
Rental: HKD 24,200 / 22 p.s.f.
Size: 1,100 s.f.
Fully Fitted, High Floor, City View
Prop.#: 84081","24,200"
Keen Hung Commercial Building,WAN CHAI,"Keen Hung Commercial Building
WAN CHAI
Rental: HKD 24,168 / 29 p.s.f.
Size: 848 s.f.
Partially Fitted
Prop.#: 92135","24,168"
Bowtie Life Insurance Tower,WAN CHAI,"Bowtie Life Insurance Tower
WAN CHAI
Rental: HKD 24,150 / 42 p.s.f.
Size: 575 s.f.
Fully Fitted, High Floor, City View
Prop.#: 91568","24,150"
Tai Tung Building,WAN CHAI,"Tai Tung Building
WAN CHAI
Rental: HKD 24,120 / 36 p.s.f.
Size: 670 s.f.
Bare Shell
Prop.#: 91644","24,120"
Ihome Centre,WAN CHAI,"Ihome Centre
WAN CHAI
Rental: HKD 24,096 / 32 p.s.f.
Size: 753 s.f.
Bare Shell, Low Floor
Prop.#: 70204","24,096"
East Town Building,WAN CHAI,"East Town Building
WAN CHAI
Rental: HKD 24,087 / 31 p.s.f.
Size: 777 s.f.
Bare Shell
Prop.#: 82348","24,087"
135 Bonham Strand Trade Centre,SHEUNG WAN,"135 Bonham Strand Trade Centre
SHEUNG WAN
Rental: HKD 24,075 / 25 p.s.f.
Size: 963 s.f.
Fully Fitted, Low Floor
Prop.#: 24326","24,075"
135 Bonham Strand Trade Centre,SHEUNG WAN,"135 Bonham Strand Trade Centre
SHEUNG WAN
Rental: HKD 24,075 / 25 p.s.f.
Size: 963 s.f.
Bare Shell, Low Floor, City View
Prop.#: 24327","24,075"
Ocean Centre,TSIM SHA TSUI,"Ocean Centre
TSIM SHA TSUI
Rental: HKD 24,056 / 31 p.s.f.
Size: 776 s.f.
Prop.#: 92138","24,056"
Goldmark,CAUSEWAY BAY,"Goldmark
CAUSEWAY BAY
Rental: HKD 24,010 / 35 p.s.f.
Size: 686 s.f.
Bare Shell, Low Floor, City View
Prop.#: 11444","24,010"
Alpha House,TSIM SHA TSUI,"Alpha House
TSIM SHA TSUI
Rental: HKD 24,005 / 24 p.s.f.
Size: 1,015 s.f.
Fully Fitted, Low Floor, City View
Prop.#: 63733","24,005"
Kam Hing Building,TSIM SHA TSUI,"Kam Hing Building
TSIM SHA TSUI
Rental: HKD 24,003 / 25 p.s.f.
Size: 945 s.f.
Fully Fitted, Mid Floor
Prop.#: 75874","24,003"
EIB Tower,WAN CHAI,"EIB Tower
WAN CHAI
Rental: HKD 24,003 / 19 p.s.f.
Size: 1,287 s.f.
Partially Fitted, Mid Floor, City View
Prop.#: 71841","24,003"
Nam Wo Hong Building,SHEUNG WAN,"Nam Wo Hong Building
SHEUNG WAN
Rental: HKD 24,000 / 25 p.s.f.
Size: 949 s.f.
High Floor, City View
Prop.#: 2159","24,000"
Kuo Wah Building,WAN CHAI,"Kuo Wah Building
WAN CHAI
Rental: HKD 24,000 / 15 p.s.f.
Size: 1,600 s.f.
Partially Fitted
Prop.#: 69636","24,000"
New World Tower 1,CENTRAL,"New World Tower 1
CENTRAL
Rental: HKD 24,000 / 60 p.s.f.
Size: 400 s.f.
Fully Fitted, Mid Floor, City View
Prop.#: 73721","24,000"
Valley Centre,WAN CHAI,"Valley Centre
WAN CHAI
Rental: HKD 24,000 / 20 p.s.f.
Size: 1,200 s.f.
High Floor, Open View
Prop.#: 18532","24,000"
Knutsford Commercial Building,TSIM SHA TSUI,"Knutsford Commercial Building
TSIM SHA TSUI
Rental: HKD 23,998 / 25 p.s.f.
Price: HKD 10.6M / 11,000 p.s.f.
Size: 963 s.f.
Fully Fitted, Mid Floor, City View
Prop.#: 80706","23,998"
Jing Long Commercial Building,CAUSEWAY BAY,"Jing Long Commercial Building
CAUSEWAY BAY
Rental: HKD 23,997 / 26 p.s.f.
Price: HKD 11.2M / 12,000 p.s.f.
Size: 937 s.f.
Bare Shell, High Floor
Prop.#: 86060","23,997"
Easey Commercial Building,WAN CHAI,"Easey Commercial Building
WAN CHAI
Rental: HKD 23,976 / 27 p.s.f.
Size: 888 s.f.
Fully Fitted, Mid Floor
Prop.#: 56416","23,976"
Goldmark,CAUSEWAY BAY,"Goldmark
CAUSEWAY BAY
Rental: HKD 23,905 / 35 p.s.f.
Size: 683 s.f.
Bare Shell, Mid Floor, City View
Prop.#: 63842","23,905"
Wah Hing Commercial Building,WAN CHAI,"Wah Hing Commercial Building
WAN CHAI
Rental: HKD 23,884 / 28 p.s.f.
Size: 853 s.f.
Bare Shell, Low Floor
Prop.#: 73625","23,884"
China Insurance Building,TSIM SHA TSUI,"China Insurance Building
TSIM SHA TSUI
Rental: HKD 23,828 / 28 p.s.f.
Size: 851 s.f.
Partially Fitted, Low Floor, City View
Prop.#: 58290","23,828"
Hang Lung House,SHEUNG WAN,"Hang Lung House
SHEUNG WAN
Rental: HKD 23,802 / 27 p.s.f.
Price: HKD 8.5M / 9,692 p.s.f.
Size: 877 s.f.
Partially Fitted
Prop.#: 46993","23,802"
Hing Yip Commercial Centre,SHEUNG WAN,"Hing Yip Commercial Centre
SHEUNG WAN
Rental: HKD 23,801 / 159 p.s.f.
Size: 150 s.f.
Bare Shell, Low Floor
Prop.#: 82425","23,801"
Sze Lai Building,WAN CHAI,"Sze Lai Building
WAN CHAI
Rental: HKD 23,800 / 24 p.s.f.
Price: HKD 6.8M / 6,800 p.s.f.
Size: 1,000 s.f.
Fully Fitted, Low Floor
Prop.#: 69696","23,800"
Dah Sing Financial Centre,WAN CHAI,"Dah Sing Financial Centre
WAN CHAI
Rental: HKD 23,790 / 30 p.s.f.
Size: 793 s.f.
Bare Shell, Low Floor
Prop.#: 90261","23,790"
Eastern Flower Centre,TSIM SHA TSUI,"Eastern Flower Centre
TSIM SHA TSUI
Rental: HKD 23,760 / 24 p.s.f.
Size: 990 s.f.
Bare Shell, Mid Floor, City View
Prop.#: 4775","23,760"
Eastern Flower Centre,TSIM SHA TSUI,"Eastern Flower Centre
TSIM SHA TSUI
Rental: HKD 23,760 / 24 p.s.f.
Size: 990 s.f.
Fully Fitted, High Floor
Prop.#: 49403","23,760"
Wilson House,CENTRAL,"Wilson House
CENTRAL
Rental: HKD 23,760 / 33 p.s.f.
Size: 720 s.f.
Partially Fitted, Mid Floor, Open View
Prop.#: 54272","23,760"
Energy Plaza,TSIM SHA TSUI,"Energy Plaza
TSIM SHA TSUI
Rental: HKD 23,750 / 25 p.s.f.
Size: 950 s.f.
Fully Fitted, Low Floor, City View
Prop.#: 50710","23,750"
Austin Plaza,JORDAN,"Austin Plaza
JORDAN
Rental: HKD 23,716 / 28 p.s.f.
Size: 847 s.f.
Fully Fitted, Low Floor
Prop.#: 30327","23,716"
Pioneer Centre,MONG KOK / TAI KOK TSUI,"Pioneer Centre
MONG KOK / TAI KOK TSUI
Rental: HKD 23,640 / 40 p.s.f.
Size: 591 s.f.
Fully Fitted, Mid Floor, City View
Prop.#: 77509","23,640"
Connaught Commercial Building,WAN CHAI,"Connaught Commercial Building
WAN CHAI
Rental: HKD 23,625 / 25 p.s.f.
Size: 945 s.f.
Bare Shell, Low Floor, City View
Prop.#: 14409","23,625"
Ocean Centre,TSIM SHA TSUI,"Ocean Centre
TSIM SHA TSUI
Rental: HKD 23,580 / 30 p.s.f.
Size: 786 s.f.
Bare Shell, Low Floor, City View
Prop.#: 25563","23,580"
"King's Road, 383",NORTH POINT,"King's Road, 383
NORTH POINT
Rental: HKD 23,550 / 25 p.s.f.
Size: 942 s.f.
Bare Shell, Mid Floor, City View
Prop.#: 87417","23,550"
Ocean Centre,TSIM SHA TSUI,"Ocean Centre
TSIM SHA TSUI
Rental: HKD 23,520 / 30 p.s.f.
Size: 784 s.f.
Bare Shell
Prop.#: 91231","23,520"
Mirror Tower,TSIM SHA TSUI,"Mirror Tower
TSIM SHA TSUI
Rental: HKD 23,501 / 33 p.s.f.
Size: 720 s.f.
Fully Fitted, Low Floor, Garden View
Prop.#: 69969","23,501"
OfficePlus @Sheung Wan,SHEUNG WAN,"OfficePlus @Sheung Wan
SHEUNG WAN
Rental: HKD 23,500 / 47 p.s.f.
Size: 500 s.f.
Furnished, Low Floor, City View
Prop.#: 85754","23,500"
East Town Building,WAN CHAI,"East Town Building
WAN CHAI
Rental: HKD 23,498 / 31 p.s.f.
Size: 758 s.f.
Low Floor
Prop.#: 8557","23,498"
East Town Building,WAN CHAI,"East Town Building
WAN CHAI
Rental: HKD 23,498 / 31 p.s.f.
Size: 758 s.f.
Bare Shell, Mid Floor, City View
Prop.#: 60537","23,498"
"Grand Plaza Office Tower, Two",MONG KOK / TAI KOK TSUI,"Grand Plaza Office Tower, Two
MONG KOK / TAI KOK TSUI
Rental: HKD 23,450 / 35 p.s.f.
Size: 670 s.f.
Bare Shell, Mid Floor, City View
Prop.#: 22277","23,450"
Fortune Centre,CAUSEWAY BAY,"Fortune Centre
CAUSEWAY BAY
Rental: HKD 23,436 / 28 p.s.f.
Size: 837 s.f.
Bare Shell, High Floor
Prop.#: 92029","23,436"
East Ocean Centre,TSIM SHA TSUI,"East Ocean Centre
TSIM SHA TSUI
Rental: HKD 23,328 / 24 p.s.f.
Size: 972 s.f.
Fully Fitted, Low Floor, City View
Prop.#: 14285","23,328"
Jonsim Place,WAN CHAI,"Jonsim Place
WAN CHAI
Rental: HKD 23,276 / 22 p.s.f.
Size: 1,058 s.f.
Fully Fitted, Low Floor, City View
Prop.#: 47668","23,276"
Cambridge House,TSIM SHA TSUI,"Cambridge House
TSIM SHA TSUI
Rental: HKD 23,184 / 28 p.s.f.
Size: 828 s.f.
Fully Fitted, Mid Floor, City View
Prop.#: 11852","23,184"
Cambridge House,TSIM SHA TSUI,"Cambridge House
TSIM SHA TSUI
Rental: HKD 23,184 / 28 p.s.f.
Size: 828 s.f.
Fully Fitted, High Floor, City View
Prop.#: 27010","23,184"
Millennium City 1 - Tower 01,KWUN TONG,"Millennium City 1 - Tower 01
KWUN TONG
Rental: HKD 23,139 / 27 p.s.f.
Size: 857 s.f.
Fully Fitted, High Floor
Prop.#: 89462","23,139"
Ocean Centre,TSIM SHA TSUI,"Ocean Centre
TSIM SHA TSUI
Rental: HKD 23,070 / 30 p.s.f.
Size: 769 s.f.
Fully Fitted, Mid Floor, City View
Prop.#: 15251","23,070"
Wilson House,CENTRAL,"Wilson House
CENTRAL
Rental: HKD 23,040 / 32 p.s.f.
Size: 720 s.f.
Partially Fitted, Low Floor
Prop.#: 1431","23,040"
Plaza 2000,CAUSEWAY BAY,"Plaza 2000
CAUSEWAY BAY
Rental: HKD 23,037 / 23 p.s.f.
Size: 1,006 s.f.
Bare Shell, Low Floor, City View
Prop.#: 88299","23,037"
Ocean Centre,TSIM SHA TSUI,"Ocean Centre
TSIM SHA TSUI
Rental: HKD 23,033 / 31 p.s.f.
Size: 743 s.f.
Bare Shell, Mid Floor
Prop.#: 7306","23,033"
Toi Shan Association Building,WAN CHAI,"Toi Shan Association Building
WAN CHAI
Rental: HKD 23,005 / 21 p.s.f.
Size: 1,077 s.f.
Partially Fitted, Mid Floor, City View
Prop.#: 80064","23,005"
Toi Shan Association Building,WAN CHAI,"Toi Shan Association Building
WAN CHAI
Rental: HKD 23,005 / 21 p.s.f.
Size: 1,077 s.f.
Partially Fitted, Mid Floor
Prop.#: 62432","23,005"
Toi Shan Association Building,WAN CHAI,"Toi Shan Association Building
WAN CHAI
Rental: HKD 23,005 / 21 p.s.f.
Size: 1,077 s.f.
Fully Fitted, High Floor
Prop.#: 63501","23,005"
Dominion Centre,WAN CHAI,"Dominion Centre
WAN CHAI
Rental: HKD 23,005 / 31 p.s.f.
Size: 754 s.f.
Fully Fitted, High Floor
Prop.#: 84412","23,005"
ZJ 300,WAN CHAI,"ZJ 300
WAN CHAI
Rental: HKD 23,004 / 22 p.s.f.
Price: HKD 8.9M / 8,365 p.s.f.
Size: 1,064 s.f.
Fully Fitted, Low Floor
Prop.#: 32529","23,004"
Toi Shan Centre,WAN CHAI,"Toi Shan Centre
WAN CHAI
Rental: HKD 23,004 / 35 p.s.f.
Size: 655 s.f.
Fully Fitted, Mid Floor, Open View
Prop.#: 5386","23,004"
Toi Shan Centre,WAN CHAI,"Toi Shan Centre
WAN CHAI
Rental: HKD 23,004 / 35 p.s.f.
Size: 655 s.f.
Low Floor
Prop.#: 89861","23,004"
Kai Kwong House,CENTRAL,"Kai Kwong House
CENTRAL
Rental: HKD 23,002 / 28 p.s.f.
Size: 828 s.f.
Partially Fitted, Low Floor, City View
Prop.#: 11617","23,002"
Dominion Centre,WAN CHAI,"Dominion Centre
WAN CHAI
Rental: HKD 23,001 / 24 p.s.f.
Size: 945 s.f.
Partially Fitted, Mid Floor, City View
Prop.#: 65808","23,001"
"Hillwood Road, 23",TSIM SHA TSUI,"Hillwood Road, 23
TSIM SHA TSUI
Rental: HKD 23,001 / 23 p.s.f.
Size: 980 s.f.
Bare Shell, Mid Floor, City View
Prop.#: 4857","23,001"
Loon Kee Building,SHEUNG WAN,"Loon Kee Building
SHEUNG WAN
Rental: HKD 23,000 / 29 p.s.f.
Size: 800 s.f.
Partially Fitted, Mid Floor
Prop.#: 5033","23,000"
Loon Kee Building,SHEUNG WAN,"Loon Kee Building
SHEUNG WAN
Rental: HKD 23,000 / 29 p.s.f.
Size: 800 s.f.
Partially Fitted, Mid Floor
Prop.#: 85850","23,000"
Centre Mark II,SHEUNG WAN,"Centre Mark II
SHEUNG WAN
Rental: HKD 22,998 / 28 p.s.f.
Size: 819 s.f.
Fully Fitted, Mid Floor, City View
Prop.#: 40778","22,998"
Toi Shan Centre,WAN CHAI,"Toi Shan Centre
WAN CHAI
Rental: HKD 22,997 / 35 p.s.f.
Size: 655 s.f.
Fully Fitted, Mid Floor
Prop.#: 63500","22,997"
Mirror Tower,TSIM SHA TSUI,"Mirror Tower
TSIM SHA TSUI
Rental: HKD 22,997 / 35 p.s.f.
Size: 650 s.f.
Partially Fitted, High Floor, City View
Prop.#: 90859","22,997"
Lee West Commercial Building,WAN CHAI,"Lee West Commercial Building
WAN CHAI
Rental: HKD 22,925 / 25 p.s.f.
Size: 917 s.f.
Fully Fitted, Mid Floor
Prop.#: 86438","22,925"
Lee West Commercial Building,WAN CHAI,"Lee West Commercial Building
WAN CHAI
Rental: HKD 22,925 / 25 p.s.f.
Size: 917 s.f.
Bare Shell, Low Floor
Prop.#: 88075","22,925"
Lee West Commercial Building,WAN CHAI,"Lee West Commercial Building
WAN CHAI
Rental: HKD 22,925 / 25 p.s.f.
Size: 917 s.f.
Fully Fitted, Low Floor, City View
Prop.#: 17205","22,925"
Omega Plaza,MONG KOK / TAI KOK TSUI,"Omega Plaza
MONG KOK / TAI KOK TSUI
Rental: HKD 22,880 / 26 p.s.f.
Size: 880 s.f.
Low Floor, City View
Prop.#: 9315","22,880"
SoHo 77,SHEUNG WAN,"SoHo 77
SHEUNG WAN
Rental: HKD 22,803 / 35 p.s.f.
Size: 648 s.f.
Partially Fitted, High Floor
Prop.#: 49411","22,803"
Tai Sang Bank Building,SHEUNG WAN,"Tai Sang Bank Building
SHEUNG WAN
Rental: HKD 22,802 / 28 p.s.f.
Size: 810 s.f.
Partially Fitted, High Floor, Partial Seaview
Prop.#: 15337","22,802"
Austin Tower,TSIM SHA TSUI,"Austin Tower
TSIM SHA TSUI
Rental: HKD 22,770 / 22 p.s.f.
Size: 1,035 s.f.
Fully Fitted, Mid Floor, City View
Prop.#: 21654","22,770"
Dominion Centre,WAN CHAI,"Dominion Centre
WAN CHAI
Rental: HKD 22,680 / 24 p.s.f.
Size: 945 s.f.
Fully Fitted, Low Floor
Prop.#: 75050","22,680"
Aveny,CENTRAL,"Aveny
CENTRAL
Rental: HKD 22,630 / 31 p.s.f.
Size: 730 s.f.
Bare Shell, Low Floor, City View
Prop.#: 84036","22,630"
C C Wu Building,WAN CHAI,"C C Wu Building
WAN CHAI
Rental: HKD 22,624 / 28 p.s.f.
Size: 808 s.f.
Bare Shell, Mid Floor, City View
Prop.#: 74570","22,624"
C C Wu Building,WAN CHAI,"C C Wu Building
WAN CHAI
Rental: HKD 22,624 / 28 p.s.f.
Size: 808 s.f.
Mid Floor, City View
Prop.#: 47870","22,624"
C C Wu Building,WAN CHAI,"C C Wu Building
WAN CHAI
Rental: HKD 22,624 / 28 p.s.f.
Size: 808 s.f.
Bare Shell, Mid Floor, City View
Prop.#: 30338","22,624"
C C Wu Building,WAN CHAI,"C C Wu Building
WAN CHAI
Rental: HKD 22,624 / 28 p.s.f.
Size: 808 s.f.
Bare Shell, Mid Floor, City View
Prop.#: 15374","22,624"
C C Wu Building,WAN CHAI,"C C Wu Building
WAN CHAI
Rental: HKD 22,624 / 28 p.s.f.
Size: 808 s.f.
Bare Shell, High Floor, Open View
Prop.#: 47703","22,624"
C C Wu Building,WAN CHAI,"C C Wu Building
WAN CHAI
Rental: HKD 22,624 / 28 p.s.f.
Size: 808 s.f.
Bare Shell, City View
Prop.#: 76471","22,624"
C C Wu Building,WAN CHAI,"C C Wu Building
WAN CHAI
Rental: HKD 22,624 / 28 p.s.f.
Size: 808 s.f.
Bare Shell, Mid Floor, City View
Prop.#: 7250","22,624"
Wilson House,CENTRAL,"Wilson House
CENTRAL
Rental: HKD 22,605 / 33 p.s.f.
Size: 685 s.f.
Partially Fitted, Mid Floor, Open View
Prop.#: 39954","22,605"
Hang Lung Centre,CAUSEWAY BAY,"Hang Lung Centre
CAUSEWAY BAY
Rental: HKD 22,600 / 50 p.s.f.
Size: 452 s.f.
Bare Shell, Mid Floor
Prop.#: 91482","22,600"
Capitol Centre - Block 2,CAUSEWAY BAY,"Capitol Centre - Block 2
CAUSEWAY BAY
Rental: HKD 22,591 / 29 p.s.f.
Size: 779 s.f.
Fully Fitted, Mid Floor
Prop.#: 91914","22,591"
Mirror Tower,TSIM SHA TSUI,"Mirror Tower
TSIM SHA TSUI
Rental: HKD 22,576 / 33 p.s.f.
Size: 680 s.f.
Bare Shell, Low Floor, City View
Prop.#: 46797","22,576"
Way On Commercial Building,CAUSEWAY BAY,"Way On Commercial Building
CAUSEWAY BAY
Rental: HKD 22,568 / 28 p.s.f.
Size: 806 s.f.
Bare Shell, City View
Prop.#: 90431","22,568"
HK Chinese Bank (CWB) Centre,CAUSEWAY BAY,"HK Chinese Bank (CWB) Centre
CAUSEWAY BAY
Rental: HKD 22,500 / 25 p.s.f.
Size: 900 s.f.
Partially Fitted, Mid Floor
Prop.#: 91298","22,500"
135 Bonham Strand Trade Centre,SHEUNG WAN,"135 Bonham Strand Trade Centre
SHEUNG WAN
Rental: HKD 22,496 / 23 p.s.f.
Size: 963 s.f.
Fully Fitted, Low Floor, City View
Prop.#: 49774","22,496"
YF Life Centre,WAN CHAI,"YF Life Centre
WAN CHAI
Rental: HKD 22,480 / 40 p.s.f.
Size: 562 s.f.
Bare Shell, Low Floor, City View
Prop.#: 62674","22,480"
Anton Building,WAN CHAI,"Anton Building
WAN CHAI
Rental: HKD 22,356 / 23 p.s.f.
Size: 972 s.f.
Bare Shell, Mid Floor, City View
Prop.#: 29147","22,356"
Nanyang Plaza,KWUN TONG,"Nanyang Plaza
KWUN TONG
Rental: HKD 22,262 / 14 p.s.f.
Size: 1,649 s.f.
Fully Fitted, City View
Prop.#: 62625","22,262"
China Insurance Building,TSIM SHA TSUI,"China Insurance Building
TSIM SHA TSUI
Rental: HKD 22,232 / 28 p.s.f.
Size: 794 s.f.
Fully Fitted, Mid Floor, City View
Prop.#: 74979","22,232"
Omega Plaza,MONG KOK / TAI KOK TSUI,"Omega Plaza
MONG KOK / TAI KOK TSUI
Rental: HKD 22,230 / 26 p.s.f.
Size: 855 s.f.
Mid Floor
Prop.#: 20286","22,230"
299QRC,SHEUNG WAN,"299QRC
SHEUNG WAN
Rental: HKD 22,204 / 28 p.s.f.
Size: 793 s.f.
Fully Fitted, Mid Floor, City View
Prop.#: 24191","22,204"
"Jordan Road, 8",JORDAN,"Jordan Road, 8
JORDAN
Rental: HKD 22,204 / 28 p.s.f.
Size: 793 s.f.
Fully Fitted
Prop.#: 91672","22,204"
"Jordan Road, 8",JORDAN,"Jordan Road, 8
JORDAN
Rental: HKD 22,204 / 28 p.s.f.
Size: 793 s.f.
Fully Fitted, High Floor, City View
Prop.#: 78557","22,204"
"Jordan Road, 8",JORDAN,"Jordan Road, 8
JORDAN
Rental: HKD 22,204 / 28 p.s.f.
Size: 793 s.f.
Bare Shell, Mid Floor
Prop.#: 83018","22,204"
Arion Commercial Centre,SHEUNG WAN,"Arion Commercial Centre
SHEUNG WAN
Rental: HKD 22,200 / 25 p.s.f.
Size: 888 s.f.
Partially Fitted, Low Floor, City View
Prop.#: 50369","22,200"
Lee & Man Commercial Center,NORTH POINT,"Lee & Man Commercial Center
NORTH POINT
Rental: HKD 22,195 / 23 p.s.f.
Size: 965 s.f.
Fully Fitted, Low Floor, City View
Prop.#: 91842","22,195"
Bartlock Centre,CAUSEWAY BAY,"Bartlock Centre
CAUSEWAY BAY
Rental: HKD 22,020 / 30 p.s.f.
Size: 734 s.f.
Fully Fitted, Low Floor, City View
Prop.#: 57590","22,020"
Wing Kwok Centre,JORDAN,"Wing Kwok Centre
JORDAN
Rental: HKD 22,007 / 26 p.s.f.
Size: 863 s.f.
Partially Fitted, Mid Floor
Prop.#: 52990","22,007"
Java Commercial Centre,NORTH POINT,"Java Commercial Centre
NORTH POINT
Rental: HKD 22,004 / 20 p.s.f.
Size: 1,092 s.f.
Bare Shell
Prop.#: 55590","22,004"
Tung Yiu Commercial Building,CENTRAL,"Tung Yiu Commercial Building
CENTRAL
Rental: HKD 22,001 / 28 p.s.f.
Size: 781 s.f.
Bare Shell, Low Floor, City View
Prop.#: 74786","22,001"
Henan Building,WAN CHAI,"Henan Building
WAN CHAI
Rental: HKD 22,000 / 22 p.s.f.
Size: 1,000 s.f.
Fully Fitted, High Floor
Prop.#: 78913","22,000"
"Queen's Road East, 23",WAN CHAI,"Queen's Road East, 23
WAN CHAI
Rental: HKD 22,000 / 22 p.s.f.
Size: 1,000 s.f.
Bare Shell, Mid Floor
Prop.#: 66248","22,000"
"Queen's Road East, 23",WAN CHAI,"Queen's Road East, 23
WAN CHAI
Rental: HKD 22,000 / 22 p.s.f.
Size: 1,000 s.f.
Low Floor
Prop.#: 66250","22,000"
Times Media Centre,WAN CHAI,"Times Media Centre
WAN CHAI
Rental: HKD 22,000 / 22 p.s.f.
Size: 1,000 s.f.
Partially Fitted, Low Floor, City View
Prop.#: 50779","22,000"
Well On Commercial Building,CENTRAL,"Well On Commercial Building
CENTRAL
Rental: HKD 22,000 / 45 p.s.f.
Size: 485 s.f.
Bare Shell, Mid Floor, City View
Prop.#: 23318","22,000"
Well On Commercial Building,CENTRAL,"Well On Commercial Building
CENTRAL
Rental: HKD 22,000 / 45 p.s.f.
Size: 485 s.f.
Bare Shell, City View
Prop.#: 61318","22,000"
Well On Commercial Building,CENTRAL,"Well On Commercial Building
CENTRAL
Rental: HKD 22,000 / 45 p.s.f.
Size: 485 s.f.
Bare Shell, City View
Prop.#: 62599","22,000"
Chun Wo Commercial Centre,SHEUNG WAN,"Chun Wo Commercial Centre
SHEUNG WAN
Rental: HKD 21,998 / 21 p.s.f.
Size: 1,071 s.f.
Partially Fitted, Mid Floor, City View
Prop.#: 70795","21,998"
Richmake Commercial Building,SHEUNG WAN,"Richmake Commercial Building
SHEUNG WAN
Rental: HKD 21,997 / 28 p.s.f.
Price: HKD 15.5M / 20,000 p.s.f.
Size: 774 s.f.
High Floor
Prop.#: 76012","21,997"
Southgate Commercial Centre,TSIM SHA TSUI,"Southgate Commercial Centre
TSIM SHA TSUI
Rental: HKD 21,945 / 33 p.s.f.
Size: 665 s.f.
Fully Fitted, Mid Floor, City View
Prop.#: 16910","21,945"
Wing Kwok Centre,JORDAN,"Wing Kwok Centre
JORDAN
Rental: HKD 21,905 / 26 p.s.f.
Size: 859 s.f.
Fully Fitted, Low Floor, City View
Prop.#: 78522","21,905"
Wing Kwok Centre,JORDAN,"Wing Kwok Centre
JORDAN
Rental: HKD 21,905 / 26 p.s.f.
Size: 859 s.f.
Fully Fitted, Mid Floor, City View
Prop.#: 13073","21,905"
Ocean Building,JORDAN,"Ocean Building
JORDAN
Rental: HKD 21,900 / 25 p.s.f.
Size: 876 s.f.
Bare Shell, Mid Floor, Partial Seaview
Prop.#: 44133","21,900"
Lucky Centre,WAN CHAI,"Lucky Centre
WAN CHAI
Rental: HKD 21,897 / 27 p.s.f.
Size: 811 s.f.
Partially Fitted, High Floor, Open View
Prop.#: 1918","21,897"
"Chinachem Exchange Square, Two",NORTH POINT,"Chinachem Exchange Square, Two
NORTH POINT
Rental: HKD 21,868 / 22 p.s.f.
Size: 994 s.f.
Fully Fitted, Low Floor, City View
Prop.#: 22000","21,868"
"Heung Yip Road, 41",WONG CHUK HANG,"Heung Yip Road, 41
WONG CHUK HANG
Rental: HKD 21,840 / 21 p.s.f.
Size: 1,040 s.f.
Fully Fitted, Open View
Prop.#: 76223","21,840"
Omega Plaza,MONG KOK / TAI KOK TSUI,"Omega Plaza
MONG KOK / TAI KOK TSUI
Rental: HKD 21,814 / 26 p.s.f.
Size: 839 s.f.
Mid Floor, City View
Prop.#: 86456","21,814"
Capitol Centre - Block 2,CAUSEWAY BAY,"Capitol Centre - Block 2
CAUSEWAY BAY
Rental: HKD 21,812 / 28 p.s.f.
Size: 779 s.f.
Bare Shell, Low Floor, City View
Prop.#: 15362","21,812"
Tern Plaza,TSIM SHA TSUI,"Tern Plaza
TSIM SHA TSUI
Rental: HKD 21,792 / 32 p.s.f.
Size: 681 s.f.
Low Floor, City View
Prop.#: 17592","21,792"
Tern Plaza,TSIM SHA TSUI,"Tern Plaza
TSIM SHA TSUI
Rental: HKD 21,792 / 32 p.s.f.
Size: 681 s.f.
Mid Floor
Prop.#: 79443","21,792"
Star House,TSIM SHA TSUI,"Star House
TSIM SHA TSUI
Rental: HKD 21,775 / 25 p.s.f.
Size: 871 s.f.
Mid Floor
Prop.#: 25073","21,775"
The Workstation,CENTRAL,"The Workstation
CENTRAL
Rental: HKD 21,728 / 28 p.s.f.
Size: 776 s.f.
Fully Fitted, Low Floor, City View
Prop.#: 27173","21,728"
The Workstation,CENTRAL,"The Workstation
CENTRAL
Rental: HKD 21,728 / 28 p.s.f.
Size: 776 s.f.
Fully Fitted, Low Floor, City View
Prop.#: 31031","21,728"
Bangkok Bank Building,SHEUNG WAN,"Bangkok Bank Building
SHEUNG WAN
Rental: HKD 21,620 / 23 p.s.f.
Size: 940 s.f.
Bare Shell, City View
Prop.#: 89803","21,620"
Ritz Plaza,JORDAN,"Ritz Plaza
JORDAN
Rental: HKD 21,600 / 25 p.s.f.
Size: 864 s.f.
Partially Fitted, Low Floor, City View
Prop.#: 31021","21,600"
Ritz Plaza,JORDAN,"Ritz Plaza
JORDAN
Rental: HKD 21,600 / 25 p.s.f.
Size: 864 s.f.
Fully Fitted, Low Floor, City View
Prop.#: 92077","21,600"
Winfield Commercial Building,TSIM SHA TSUI,"Winfield Commercial Building
TSIM SHA TSUI
Rental: HKD 21,570 / 30 p.s.f.
Size: 719 s.f.
Bare Shell, Mid Floor, City View
Prop.#: 12129","21,570"
OfficePlus @Sheung Wan,SHEUNG WAN,"VR TOUR
OfficePlus @Sheung Wan
SHEUNG WAN
Rental: HKD 21,502 / 48 p.s.f.
Size: 446 s.f.
Furnished, Low Floor, City View
Prop.#: 23998","21,502"
Bonham Centre,SHEUNG WAN,"Bonham Centre
SHEUNG WAN
Rental: HKD 21,500 / 25 p.s.f.
Size: 860 s.f.
Partially Fitted, Low Floor, City View
Prop.#: 4386","21,500"
Bonham Centre,SHEUNG WAN,"Bonham Centre
SHEUNG WAN
Rental: HKD 21,500 / 25 p.s.f.
Size: 860 s.f.
Bare Shell, Low Floor, City View
Prop.#: 4389","21,500"
Energy Plaza,TSIM SHA TSUI,"Energy Plaza
TSIM SHA TSUI
Rental: HKD 21,500 / 25 p.s.f.
Size: 860 s.f.
Bare Shell
Prop.#: 91105","21,500"
Haleson Building,SHEUNG WAN,"Haleson Building
SHEUNG WAN
Rental: HKD 21,497 / 31 p.s.f.
Size: 700 s.f.
Partially Fitted, City View
Prop.#: 28813","21,497"
"Hart Avenue, 8",TSIM SHA TSUI,"Hart Avenue, 8
TSIM SHA TSUI
Rental: HKD 21,398 / 26 p.s.f.
Size: 823 s.f.
Fully Fitted, Mid Floor, City View
Prop.#: 64715","21,398"
Easey Commercial Building,WAN CHAI,"Easey Commercial Building
WAN CHAI
Rental: HKD 21,384 / 27 p.s.f.
Size: 792 s.f.
Mid Floor, City View
Prop.#: 3090","21,384"
Well View Commercial Building,SHEUNG WAN,"Well View Commercial Building
SHEUNG WAN
Rental: HKD 21,344 / 23 p.s.f.
Size: 928 s.f.
Fully Fitted, Low Floor
Prop.#: 15184","21,344"
Well View Commercial Building,SHEUNG WAN,"Well View Commercial Building
SHEUNG WAN
Rental: HKD 21,344 / 23 p.s.f.
Size: 928 s.f.
Fully Fitted, High Floor, City View
Prop.#: 15327","21,344"
Well View Commercial Building,SHEUNG WAN,"Well View Commercial Building
SHEUNG WAN
Rental: HKD 21,344 / 23 p.s.f.
Size: 928 s.f.
High Floor
Prop.#: 85328","21,344"
Well View Commercial Building,SHEUNG WAN,"Well View Commercial Building
SHEUNG WAN
Rental: HKD 21,344 / 23 p.s.f.
Size: 928 s.f.
Bare Shell, High Floor, City View
Prop.#: 47873","21,344"
Well View Commercial Building,SHEUNG WAN,"Well View Commercial Building
SHEUNG WAN
Rental: HKD 21,344 / 23 p.s.f.
Size: 928 s.f.
High Floor
Prop.#: 89049","21,344"
Well View Commercial Building,SHEUNG WAN,"Well View Commercial Building
SHEUNG WAN
Rental: HKD 21,344 / 23 p.s.f.
Size: 928 s.f.
Bare Shell, Mid Floor
Prop.#: 62165","21,344"
K Wah Centre,NORTH POINT,"K Wah Centre
NORTH POINT
Rental: HKD 21,280 / 20 p.s.f.
Size: 1,064 s.f.
Partially Fitted, Low Floor, Partial Seaview
Prop.#: 8657","21,280"
Easey Commercial Building,WAN CHAI,"Easey Commercial Building
WAN CHAI
Rental: HKD 21,276 / 27 p.s.f.
Size: 788 s.f.
Bare Shell, High Floor
Prop.#: 84051","21,276"
Easey Commercial Building,WAN CHAI,"Easey Commercial Building
WAN CHAI
Rental: HKD 21,276 / 27 p.s.f.
Size: 788 s.f.
Mid Floor, City View
Prop.#: 63796","21,276"
Empress Plaza,TSIM SHA TSUI,"Empress Plaza
TSIM SHA TSUI
Rental: HKD 21,252 / 28 p.s.f.
Size: 759 s.f.
Partially Fitted, Mid Floor, Open View
Prop.#: 73176","21,252"
Wing On Cheong Building,SHEUNG WAN,"Wing On Cheong Building
SHEUNG WAN
Rental: HKD 21,201 / 26 p.s.f.
Size: 817 s.f.
Fully Fitted, Mid Floor, City View
Prop.#: 17118","21,201"
Fortress Tower,NORTH POINT,"Fortress Tower
NORTH POINT
Rental: HKD 21,063 / 17 p.s.f.
Size: 1,239 s.f.
Fully Fitted, High Floor, Open View
Prop.#: 22264","21,063"
Multifield Plaza,TSIM SHA TSUI,"Multifield Plaza
TSIM SHA TSUI
Rental: HKD 21,003 / 33 p.s.f.
Size: 638 s.f.
Partially Fitted, High Floor, City View
Prop.#: 70775","21,003"
Cameron Commercial Centre,CAUSEWAY BAY,"Cameron Commercial Centre
CAUSEWAY BAY
Rental: HKD 21,001 / 34 p.s.f.
Size: 613 s.f.
Partially Fitted, Mid Floor, City View
Prop.#: 23092","21,001"
"Sea View Estate, Block B",NORTH POINT,"Sea View Estate, Block B
NORTH POINT
Rental: HKD 21,000 / 17 p.s.f.
Size: 1,253 s.f.
Fully Fitted, City View
Prop.#: 30202","21,000"
"Sea View Estate, Block B",NORTH POINT,"Sea View Estate, Block B
NORTH POINT
Rental: HKD 21,000 / 17 p.s.f.
Price: HKD 7.5M / 5,985 p.s.f.
Size: 1,253 s.f.
Fully Fitted, Mid Floor
Prop.#: 6137","21,000"
"Sea View Estate, Block B",NORTH POINT,"Sea View Estate, Block B
NORTH POINT
Rental: HKD 21,000 / 17 p.s.f.
Size: 1,253 s.f.
Partially Fitted, High Floor, City View
Prop.#: 60372","21,000"
Centre Mark II,SHEUNG WAN,"Centre Mark II
SHEUNG WAN
Rental: HKD 21,000 / 25 p.s.f.
Price: HKD 10.0M / 11,976 p.s.f.
Size: 835 s.f.
Fully Fitted, High Floor, City View
Prop.#: 85901","21,000"
Fortune House,CENTRAL,"Fortune House
CENTRAL
Rental: HKD 21,000 / 35 p.s.f.
Size: 600 s.f.
Fully Fitted, Low Floor, City View
Prop.#: 11177","21,000"
Fortune House,CENTRAL,"Fortune House
CENTRAL
Rental: HKD 21,000 / 35 p.s.f.
Size: 600 s.f.
Bare Shell, Low Floor, City View
Prop.#: 14198","21,000"
Cameron Commercial Centre,CAUSEWAY BAY,"Cameron Commercial Centre
CAUSEWAY BAY
Rental: HKD 20,997 / 36 p.s.f.
Size: 588 s.f.
Fully Fitted, Mid Floor, City View
Prop.#: 25328","20,997"
China Insurance Building,TSIM SHA TSUI,"China Insurance Building
TSIM SHA TSUI
Rental: HKD 20,888 / 28 p.s.f.
Size: 746 s.f.
Fully Fitted, Low Floor, City View
Prop.#: 17855","20,888"
"Heung Yip Road, 41",WONG CHUK HANG,"Heung Yip Road, 41
WONG CHUK HANG
Rental: HKD 20,800 / 20 p.s.f.
Size: 1,040 s.f.
Fully Fitted, Open View
Prop.#: 76224","20,800"
Austin Plaza,JORDAN,"Austin Plaza
JORDAN
Rental: HKD 20,664 / 28 p.s.f.
Size: 738 s.f.
Fully Fitted, High Floor
Prop.#: 4718","20,664"
China Insurance Building,TSIM SHA TSUI,"China Insurance Building
TSIM SHA TSUI
Rental: HKD 20,636 / 28 p.s.f.
Size: 737 s.f.
Partially Fitted, High Floor, City View
Prop.#: 78506","20,636"
Wah Kit Commercial Centre,SHEUNG WAN,"Wah Kit Commercial Centre
SHEUNG WAN
Rental: HKD 20,602 / 24 p.s.f.
Size: 870 s.f.
Fully Fitted, Mid Floor
Prop.#: 59539","20,602"
Easey Commercial Building,WAN CHAI,"Easey Commercial Building
WAN CHAI
Rental: HKD 20,574 / 27 p.s.f.
Size: 762 s.f.
Mid Floor
Prop.#: 53098","20,574"
Capitol Centre - Block 1,CAUSEWAY BAY,"Capitol Centre - Block 1
CAUSEWAY BAY
Rental: HKD 20,570 / 34 p.s.f.
Size: 605 s.f.
High Floor
Prop.#: 91915","20,570"
Blissful Building,SHEUNG WAN,"Blissful Building
SHEUNG WAN
Rental: HKD 20,498 / 28 p.s.f.
Size: 720 s.f.
Partially Fitted, High Floor, City View
Prop.#: 58973","20,498"
Wharf T & T Centre,TSIM SHA TSUI,"Wharf T & T Centre
TSIM SHA TSUI
Rental: HKD 20,387 / 29 p.s.f.
Size: 703 s.f.
Bare Shell, City View
Prop.#: 82763","20,387"
"Chinachem Exchange Square, Two",NORTH POINT,"Chinachem Exchange Square, Two
NORTH POINT
Rental: HKD 20,309 / 23 p.s.f.
Size: 883 s.f.
Fully Fitted, High Floor, City View
Prop.#: 91524","20,309"
Shiu Fung Hong Building,SHEUNG WAN,"Shiu Fung Hong Building
SHEUNG WAN
Rental: HKD 20,240 / 22 p.s.f.
Size: 920 s.f.
Fully Fitted
Prop.#: 88662","20,240"
Morrison Plaza,WAN CHAI,"Morrison Plaza
WAN CHAI
Rental: HKD 20,217 / 23 p.s.f.
Size: 879 s.f.
Fully Fitted, High Floor, Open View
Prop.#: 20173","20,217"
Prosperity Millennia Plaza,NORTH POINT,"Prosperity Millennia Plaza
NORTH POINT
Rental: HKD 20,181 / 21 p.s.f.
Size: 961 s.f.
Bare Shell, Low Floor
Prop.#: 64886","20,181"
Far East Consortium Building,SHEUNG WAN,"Far East Consortium Building
SHEUNG WAN
Rental: HKD 20,152 / 22 p.s.f.
Price: HKD 8.2M / 9,000 p.s.f.
Size: 916 s.f.
Partially Fitted, Low Floor
Prop.#: 88461","20,152"
Easey Commercial Building,WAN CHAI,"Easey Commercial Building
WAN CHAI
Rental: HKD 20,115 / 27 p.s.f.
Size: 745 s.f.
Mid Floor
Prop.#: 20499","20,115"
Hanford Commercial Centre,JORDAN,"Hanford Commercial Centre
JORDAN
Rental: HKD 20,064 / 38 p.s.f.
Size: 528 s.f.
Bare Shell, Mid Floor
Prop.#: 90966","20,064"
CNT Commercial Building,SHEUNG WAN,"CNT Commercial Building
SHEUNG WAN
Rental: HKD 20,003 / 22 p.s.f.
Size: 891 s.f.
Fully Fitted, City View
Prop.#: 90015","20,003"
Eton Building,SHEUNG WAN,"Eton Building
SHEUNG WAN
Rental: HKD 20,003 / 25 p.s.f.
Size: 790 s.f.
Fully Fitted, Mid Floor, City View
Prop.#: 55281","20,003"
Prosperous Commercial Building,CAUSEWAY BAY,"Prosperous Commercial Building
CAUSEWAY BAY
Rental: HKD 20,002 / 34 p.s.f.
Size: 584 s.f.
Prop.#: 79944","20,002"
Mirror Tower,TSIM SHA TSUI,"Mirror Tower
TSIM SHA TSUI
Rental: HKD 20,001 / 34 p.s.f.
Size: 590 s.f.
Fully Fitted, Low Floor, City View
Prop.#: 17955","20,001"
Glory Centre,TSIM SHA TSUI,"Glory Centre
TSIM SHA TSUI
Rental: HKD 20,000 / 26 p.s.f.
Price: HKD 6.5M / 8,500 p.s.f.
Size: 766 s.f.
Fully Fitted, Open View
Prop.#: 81060","20,000"
New East Ocean Centre,TSIM SHA TSUI,"New East Ocean Centre
TSIM SHA TSUI
Rental: HKD 19,950 / 29 p.s.f.
Size: 700 s.f.
Fully Fitted, Low Floor, City View
Prop.#: 79165","19,950"
299QRC,SHEUNG WAN,"299QRC
SHEUNG WAN
Rental: HKD 19,494 / 27 p.s.f.
Size: 722 s.f.
Fully Fitted, Low Floor, City View
Prop.#: 32089","19,494"
Well View Commercial Building,SHEUNG WAN,"Well View Commercial Building
SHEUNG WAN
Rental: HKD 19,488 / 21 p.s.f.
Size: 928 s.f.
Fully Fitted, Mid Floor, City View
Prop.#: 15187","19,488"
Arion Commercial Centre,SHEUNG WAN,"Arion Commercial Centre
SHEUNG WAN
Rental: HKD 18,900 / 25 p.s.f.
Size: 756 s.f.
Partially Fitted, Low Floor, City View
Prop.#: 50376","18,900"
Plaza 2000,CAUSEWAY BAY,"Plaza 2000
CAUSEWAY BAY
Rental: HKD 18,210 / 30 p.s.f.
Size: 607 s.f.
Bare Shell, Mid Floor
Prop.#: 2214","18,210"
Yam Tze Commercial Building,WAN CHAI,"Yam Tze Commercial Building
WAN CHAI
Rental: HKD 17,460 / 20 p.s.f.
Size: 873 s.f.
Partially Fitted, Mid Floor
Prop.#: 92039","17,460"
CS Tower,SHEUNG WAN,"CS Tower
SHEUNG WAN
Rental: HKD 16,380 / 26 p.s.f.
Size: 630 s.f.
Bare Shell, Mid Floor
Prop.#: 74637","16,380"
