bldg_name,district,price,sq_ft,price_total,price_sq_ft,latitude,longitude,num_gyms_within_100m,num_cafes_within_100m,num_restaurants_within_100m
"IFC, Two",CENTRAL,20399340,156918,20399340,130,22.2852514,114.15931,0.0,6.0,9.0
Three Garden Road - Champion Tower,CENTRAL,3116151,33507,3116151,93,22.2784355,114.160606,1.0,4.0,10.0
"IFC, One",CENTRAL,2963800,21170,2963800,140,22.2849042,114.1569078,0.0,7.0,15.0
"IFC, One",CENTRAL,2963800,21170,2963800,140,22.2849042,114.1569078,0.0,7.0,15.0
International Commerce Centre (ICC),TSIM SHA TSUI,2880810,32009,2880810,90,22.3034032,114.1601907,1.0,3.0,13.0
International Commerce Centre (ICC),TSIM SHA TSUI,2875770,31953,2875770,90,22.3034032,114.1601907,1.0,3.0,13.0
Cheung Kong Center,CENTRAL,2860780,22006,2860780,130,22.2794704,114.1603101,0.0,2.0,4.0
Cheung Kong Center,CENTRAL,2827305,20943,2827305,135,22.2794704,114.1603101,0.0,2.0,4.0
Cheung Kong Center,CENTRAL,2827305,20943,2827305,135,22.2794704,114.1603101,0.0,2.0,4.0
Cheung Kong Center,CENTRAL,2827305,20943,2827305,135,22.2794704,114.1603101,0.0,2.0,4.0
Cheung Kong Center,CENTRAL,2827305,20943,2827305,135,22.2794704,114.1603101,0.0,2.0,4.0
Cheung Kong Center,CENTRAL,2827305,20943,2827305,135,22.2794704,114.1603101,0.0,2.0,4.0
Cheung Kong Center,CENTRAL,2568625,20549,2568625,125,22.2794704,114.1603101,0.0,2.0,4.0
Cheung Kong Center,CENTRAL,2519625,20157,2519625,125,22.2794704,114.1603101,0.0,2.0,4.0
Cheung Kong Center,CENTRAL,2215950,14773,2215950,150,22.2794704,114.1603101,0.0,2.0,4.0
Cheung Kong Center II,CENTRAL,1903000,17300,1903000,110,22.2810482,114.1626069,1.0,3.0,8.0
Cheung Kong Center II,CENTRAL,1897940,17254,1897940,110,22.2810482,114.1626069,1.0,3.0,8.0
Fairmont House,CENTRAL,1800088,22760,1800088,79,22.2799508,114.1626534,1.0,2.0,10.0
Three Garden Road - Champion Tower,CENTRAL,1628895,17515,1628895,93,22.2784355,114.160606,1.0,4.0,10.0
"Nathan Road, 352",JORDAN,1617300,16173,1617300,100,22.3071255,114.171608,3.0,6.0,20.0
International Commerce Centre (ICC),TSIM SHA TSUI,1584300,21124,1584300,75,22.3034032,114.1601907,1.0,3.0,13.0
Three Garden Road - ICBC Tower,CENTRAL,1551147,16679,1551147,93,22.2783737,114.1609727,1.0,3.0,10.0
Euro Trade Centre,CENTRAL,1499919,26727,1499919,56,22.282815,114.157614,6.0,3.0,20.0
Three Garden Road - ICBC Tower,CENTRAL,1487256,15992,1487256,93,22.2783737,114.1609727,1.0,3.0,10.0
Chinachem Golden Plaza,TSIM SHA TSUI,1444800,41280,1444800,35,22.2988123,114.1721746,3.0,6.0,20.0
International Commerce Centre (ICC),TSIM SHA TSUI,1438514,18682,1438514,77,22.3034032,114.1601907,1.0,3.0,13.0
Cheung Kong Center,CENTRAL,1385100,9234,1385100,150,22.2794704,114.1603101,0.0,2.0,4.0
Cheung Kong Center,CENTRAL,1383250,11066,1383250,125,22.2794704,114.1603101,0.0,2.0,4.0
Cheung Kong Center,CENTRAL,1365650,10505,1365650,130,22.2794704,114.1603101,0.0,2.0,4.0
Cheung Kong Center,CENTRAL,1301040,10008,1301040,130,22.2794704,114.1603101,0.0,2.0,4.0
United Centre,ADMIRALTY,1256400,31410,1256400,40,22.2784312,114.1654177,0.0,5.0,12.0
Cheung Kong Center,CENTRAL,1184125,9473,1184125,125,22.2794704,114.1603101,0.0,2.0,4.0
China Resources Building,WAN CHAI,1147410,20862,1147410,55,22.2799943,114.1750916,0.0,0.0,5.0
Cosco Tower,SHEUNG WAN,1141250,20750,1141250,55,22.2856235,114.1529485,10.0,10.0,20.0
Cheung Kong Center,CENTRAL,1136375,9091,1136375,125,22.2794704,114.1603101,0.0,2.0,4.0
Cheung Kong Center,CENTRAL,1133125,9065,1133125,125,22.2794704,114.1603101,0.0,2.0,4.0
International Commerce Centre (ICC),TSIM SHA TSUI,1099200,14656,1099200,75,22.3034032,114.1601907,1.0,3.0,13.0
Cheung Kong Center,CENTRAL,1088500,8708,1088500,125,22.2794704,114.1603101,0.0,2.0,4.0
Central Plaza,WAN CHAI,1059300,19260,1059300,55,22.2799097,114.1737282,0.0,0.0,0.0
Central Crossing,CENTRAL,1055700,10557,1055700,100,22.283431,114.1541085,11.0,13.0,20.0
Central Crossing,CENTRAL,1055700,10557,1055700,100,22.283431,114.1541085,11.0,13.0,20.0
Central Crossing,CENTRAL,1055700,10557,1055700,100,22.283431,114.1541085,11.0,13.0,20.0
Central Crossing,CENTRAL,1055700,10557,1055700,100,22.283431,114.1541085,11.0,13.0,20.0
Central Crossing,CENTRAL,1055700,10557,1055700,100,22.283431,114.1541085,11.0,13.0,20.0
Fairmont House,CENTRAL,1037582,13119,1037582,79,22.2799508,114.1626534,1.0,2.0,10.0
CITIC Tower,ADMIRALTY,1035580,14794,1035580,70,22.2806658,114.1672514,0.0,0.0,6.0
Man Yee Building,CENTRAL,1033380,11482,1033380,90,22.2835772,114.1561146,19.0,6.0,20.0
Peninsula Centre,TSIM SHA TSUI,1030607,44809,1030607,23,22.2990655,114.177277,0.0,3.0,20.0
"IFC, Two",CENTRAL,1028580,7347,1028580,140,22.2852514,114.15931,0.0,6.0,9.0
Mall Plus,WAN CHAI,990034,16823,990034,58,22.2786533,114.1798487,9.0,2.0,20.0
Lee Garden Three,CAUSEWAY BAY,983564,16958,983564,58,22.2781872,114.1852118,1.0,14.0,20.0
The Center,CENTRAL,969020,14908,969020,65,22.2846202,114.1547347,3.0,17.0,20.0
"Nathan Road, 352",JORDAN,965500,9655,965500,100,22.3071255,114.171608,3.0,6.0,20.0
"Queen's Road Central, 9",CENTRAL,963830,13769,963830,70,22.2803695,114.1581007,3.0,12.0,20.0
"IFC, One",CENTRAL,949900,6785,949900,140,22.2849042,114.1569078,0.0,7.0,15.0
Cheung Kong Center II,CENTRAL,948970,8627,948970,110,22.2810482,114.1626069,1.0,3.0,8.0
Cheung Kong Center II,CENTRAL,948970,8627,948970,110,22.2810482,114.1626069,1.0,3.0,8.0
Cheung Kong Center II,CENTRAL,948970,8627,948970,110,22.2810482,114.1626069,1.0,3.0,8.0
Cheung Kong Center II,CENTRAL,948970,8627,948970,110,22.2810482,114.1626069,1.0,3.0,8.0
Three Garden Road - Champion Tower,CENTRAL,931023,10011,931023,93,22.2784355,114.160606,1.0,4.0,10.0
V Heun Building,CENTRAL,913320,22833,913320,40,22.2839685,114.154231,10.0,11.0,20.0
K11 Atelier King's Road,QUARRY BAY,908550,20190,908550,45,22.2883738,114.209851,1.0,1.0,20.0
Lippo Centre - Tower 1,ADMIRALTY,902500,18050,902500,50,22.2791796,114.1636752,0.0,3.0,17.0
Peninsula Centre,TSIM SHA TSUI,879840,48000,879840,18,22.2990655,114.177277,0.0,3.0,20.0
Central Crossing,CENTRAL,876231,10557,876231,83,22.283431,114.1541085,11.0,13.0,20.0
"Grand Plaza Office Tower, One",MONG KOK / TAI KOK TSUI,871100,17422,871100,50,22.3203648,114.169773,5.0,8.0,20.0
Central Crossing,CENTRAL,865674,10557,865674,82,22.283431,114.1541085,11.0,13.0,20.0
Central Crossing,CENTRAL,865674,10557,865674,82,22.283431,114.1541085,11.0,13.0,20.0
Man Yee Building,CENTRAL,863645,9091,863645,95,22.2835772,114.1561146,19.0,6.0,20.0
Times Square - Tower 2,CAUSEWAY BAY,857296,19484,857296,44,22.278151,114.1821136,12.0,20.0,20.0
Times Square - Tower 1,CAUSEWAY BAY,846867,17283,846867,49,22.278151,114.1821136,12.0,20.0,20.0
Central Crossing,CENTRAL,844560,10557,844560,80,22.283431,114.1541085,11.0,13.0,20.0
Central Crossing,CENTRAL,844560,10557,844560,80,22.283431,114.1541085,11.0,13.0,20.0
Two Harbour Square,KWUN TONG,832580,29735,832580,28,22.3097058,114.2212389,2.0,4.0,13.0
Central Crossing,CENTRAL,823446,10557,823446,78,22.283431,114.1541085,11.0,13.0,20.0
"Harbourfront, Two",HUNG HOM / TO KWA WAN,816156,22671,816156,36,22.3173373,114.1879691,0.0,0.0,14.0
Central Crossing,CENTRAL,791775,10557,791775,75,22.283431,114.1541085,11.0,13.0,20.0
Central Crossing,CENTRAL,791775,10557,791775,75,22.283431,114.1541085,11.0,13.0,20.0
International Commerce Centre (ICC),TSIM SHA TSUI,788736,10112,788736,78,22.3034032,114.1601907,1.0,3.0,13.0
Cosco Tower,SHEUNG WAN,766703,15647,766703,49,22.2856235,114.1529485,10.0,10.0,20.0
Central Plaza,WAN CHAI,764390,13898,764390,55,22.2799097,114.1737282,0.0,0.0,0.0
Nexxus Building,CENTRAL,762525,10167,762525,75,22.2842258,114.1565212,3.0,7.0,20.0
Fairmont House,CENTRAL,762507,9641,762507,79,22.2799508,114.1626534,1.0,2.0,10.0
China Resources Building,WAN CHAI,762300,13860,762300,55,22.2799943,114.1750916,0.0,0.0,5.0
"Peninsula Office Tower, The",TSIM SHA TSUI,762280,11210,762280,68,22.295381,114.171764,2.0,6.0,20.0
"Peninsula Office Tower, The",TSIM SHA TSUI,762280,11210,762280,68,22.295381,114.171764,2.0,6.0,20.0
Central Crossing,CENTRAL,760104,10557,760104,72,22.283431,114.1541085,11.0,13.0,20.0
Central Crossing,CENTRAL,760104,10557,760104,72,22.283431,114.1541085,11.0,13.0,20.0
Hopewell Centre,WAN CHAI,758688,15806,758688,48,22.2746386,114.1717253,3.0,10.0,20.0
Central Crossing,CENTRAL,738990,10557,738990,70,22.283431,114.1541085,11.0,13.0,20.0
Harcourt House,WAN CHAI,736890,17545,736890,42,22.2790727,114.1698835,0.0,0.0,10.0
"Peninsula Office Tower, The",TSIM SHA TSUI,728650,11210,728650,65,22.295381,114.171764,2.0,6.0,20.0
PCCW Tower,QUARRY BAY,711250,14225,711250,50,22.2871707,114.2121915,6.0,8.0,20.0
Central Crossing,CENTRAL,711130,10159,711130,70,22.283431,114.1541085,11.0,13.0,20.0
Central Tower,CENTRAL,710820,7898,710820,90,22.2811334,114.1568012,15.0,14.0,20.0
Cosco Tower,SHEUNG WAN,710820,19745,710820,36,22.2856235,114.1529485,10.0,10.0,20.0
PCCW Tower,QUARRY BAY,707250,14145,707250,50,22.2871707,114.2121915,6.0,8.0,20.0
Harcourt House,WAN CHAI,705894,16807,705894,42,22.2790727,114.1698835,0.0,0.0,10.0
Central Plaza,WAN CHAI,703820,13535,703820,52,22.2799097,114.1737282,0.0,0.0,0.0
Tower 535,CAUSEWAY BAY,702720,11712,702720,60,22.2813782,114.1839728,3.0,20.0,20.0
Punfet Building,MONG KOK / TAI KOK TSUI,699197,10148,699197,68,22.3198474,114.1620857,0.0,6.0,20.0
Peninsula Centre,TSIM SHA TSUI,693680,30160,693680,23,22.2990655,114.177277,0.0,3.0,20.0
PCCW Tower,QUARRY BAY,691750,13835,691750,50,22.2871707,114.2121915,6.0,8.0,20.0
Central Crossing,CENTRAL,688935,10599,688935,65,22.283431,114.1541085,11.0,13.0,20.0
Central Crossing,CENTRAL,688935,10599,688935,65,22.283431,114.1541085,11.0,13.0,20.0
Central Crossing,CENTRAL,688935,10599,688935,65,22.283431,114.1541085,11.0,13.0,20.0
Central Crossing,CENTRAL,688935,10599,688935,65,22.283431,114.1541085,11.0,13.0,20.0
Central Crossing,CENTRAL,688935,10599,688935,65,22.283431,114.1541085,11.0,13.0,20.0
Three Garden Road - Champion Tower,CENTRAL,682527,7339,682527,93,22.2784355,114.160606,1.0,4.0,10.0
Millennium City 1 - Tower 01,KWUN TONG,680850,20025,680850,34,22.3136835,114.2212449,1.0,3.0,20.0
Millennium City 1 - Tower 01,KWUN TONG,680850,20025,680850,34,22.3136835,114.2212449,1.0,3.0,20.0
Millennium City 1 - Tower 01,KWUN TONG,680850,20025,680850,34,22.3136835,114.2212449,1.0,3.0,20.0
China Hong Kong City - Tower 6,TSIM SHA TSUI,678840,22628,678840,30,22.3008733,114.1679008,0.0,5.0,15.0
Hopewell Centre,WAN CHAI,675200,6752,675200,100,22.2746386,114.1717253,3.0,10.0,20.0
New World Tower 1,CENTRAL,667550,10270,667550,65,22.280329,114.1568538,6.0,11.0,20.0
Central Crossing,CENTRAL,657138,10599,657138,62,22.283431,114.1541085,11.0,13.0,20.0
Central Crossing,CENTRAL,657138,10599,657138,62,22.283431,114.1541085,11.0,13.0,20.0
One Island South,WONG CHUK HANG,656656,29848,656656,22,22.2459198,114.1664957,0.0,1.0,3.0
Hopewell Centre,WAN CHAI,655836,15252,655836,43,22.2746386,114.1717253,3.0,10.0,20.0
Hopewell Centre,WAN CHAI,655836,15252,655836,43,22.2746386,114.1717253,3.0,10.0,20.0
Hopewell Centre,WAN CHAI,655836,15252,655836,43,22.2746386,114.1717253,3.0,10.0,20.0
Central Plaza,WAN CHAI,654976,10234,654976,64,22.2799097,114.1737282,0.0,0.0,0.0
Wu Chung House,WAN CHAI,654540,21818,654540,30,22.2742239,114.1728051,3.0,5.0,20.0
Hopewell Centre,WAN CHAI,652826,15182,652826,43,22.2746386,114.1717253,3.0,10.0,20.0
"Nathan Road, 352",JORDAN,648128,17056,648128,38,22.3071255,114.171608,3.0,6.0,20.0
"Nathan Road, 352",JORDAN,648128,17056,648128,38,22.3071255,114.171608,3.0,6.0,20.0
"Nathan Road, 352",JORDAN,648128,17056,648128,38,22.3071255,114.171608,3.0,6.0,20.0
"Nathan Road, 352",JORDAN,648128,17056,648128,38,22.3071255,114.171608,3.0,6.0,20.0
International Commerce Centre (ICC),TSIM SHA TSUI,646275,8617,646275,75,22.3034032,114.1601907,1.0,3.0,13.0
Central Crossing,CENTRAL,635940,10599,635940,60,22.283431,114.1541085,11.0,13.0,20.0
Central Crossing,CENTRAL,635940,10599,635940,60,22.283431,114.1541085,11.0,13.0,20.0
Central Crossing,CENTRAL,635940,10599,635940,60,22.283431,114.1541085,11.0,13.0,20.0
China Taiping Finance Centre,NORTH POINT,631098,10179,631098,62,22.2887193,114.1914023,0.0,3.0,20.0
Cheung Kong Center,CENTRAL,628935,5469,628935,115,22.2794704,114.1603101,0.0,2.0,4.0
Cheung Kong Center,CENTRAL,627120,5226,627120,120,22.2794704,114.1603101,0.0,2.0,4.0
Cheung Kong Center,CENTRAL,626080,4816,626080,130,22.2794704,114.1603101,0.0,2.0,4.0
"Nathan Road, 352",JORDAN,625176,16452,625176,38,22.3071255,114.171608,3.0,6.0,20.0
Mira Place Tower A (Miramar Tower),TSIM SHA TSUI,623917,12733,623917,49,22.301131,114.1726444,4.0,11.0,20.0
Plaza 2000,CAUSEWAY BAY,620352,2872,620352,216,22.2786238,114.1816028,7.0,15.0,20.0
Central Plaza,WAN CHAI,620144,11074,620144,56,22.2799097,114.1737282,0.0,0.0,0.0
China Building,CENTRAL,613535,9439,613535,65,22.281752,114.156841,7.0,10.0,20.0
"Nathan Road, 352",JORDAN,609672,16044,609672,38,22.3071255,114.171608,3.0,6.0,20.0
Agricultural Bank Of China Tower,CENTRAL,604695,5759,604695,105,22.2850642,114.1558991,1.0,10.0,20.0
Three Garden Road - ICBC Tower,CENTRAL,602454,6478,602454,93,22.2783737,114.1609727,1.0,3.0,10.0
Lippo Centre - Tower 1,ADMIRALTY,600480,13344,600480,45,22.2791796,114.1636752,0.0,3.0,17.0
"Nathan Road, 352",JORDAN,599526,15777,599526,38,22.3071255,114.171608,3.0,6.0,20.0
Millennium City 1 - Tower 01,KWUN TONG,596936,20584,596936,29,22.3136835,114.2212449,1.0,3.0,20.0
Millennium City 1 - Tower 01,KWUN TONG,596936,20584,596936,29,22.3136835,114.2212449,1.0,3.0,20.0
Millennium City 1 - Tower 01,KWUN TONG,596936,20584,596936,29,22.3136835,114.2212449,1.0,3.0,20.0
Millennium City 1 - Tower 01,KWUN TONG,596936,20584,596936,29,22.3136835,114.2212449,1.0,3.0,20.0
Millennium City 1 - Tower 01,KWUN TONG,596936,20584,596936,29,22.3136835,114.2212449,1.0,3.0,20.0
Capital Centre,WAN CHAI,596892,18883,596892,31,22.2794349,114.1772835,1.0,1.0,20.0
Agricultural Bank Of China Tower,CENTRAL,590850,6565,590850,90,22.2850642,114.1558991,1.0,10.0,20.0
The Center,CENTRAL,589120,8416,589120,70,22.2846202,114.1547347,3.0,17.0,20.0
"Pacific Place, Six",WAN CHAI,587760,7347,587760,80,22.2769704,114.1689714,4.0,12.0,20.0
"Pacific Place, Six",WAN CHAI,587760,7347,587760,80,22.2769704,114.1689714,4.0,12.0,20.0
Cheung Kong Center II,CENTRAL,579480,5268,579480,110,22.2810482,114.1626069,1.0,3.0,8.0
Cheung Kong Center II,CENTRAL,579480,5268,579480,110,22.2810482,114.1626069,1.0,3.0,8.0
Cheung Kong Center II,CENTRAL,579480,5268,579480,110,22.2810482,114.1626069,1.0,3.0,8.0
Cheung Kong Center II,CENTRAL,579480,5268,579480,110,22.2810482,114.1626069,1.0,3.0,8.0
Cheung Kong Center II,CENTRAL,579480,5268,579480,110,22.2810482,114.1626069,1.0,3.0,8.0
Cheung Kong Center II,CENTRAL,579480,5268,579480,110,22.2810482,114.1626069,1.0,3.0,8.0
Cheung Kong Center II,CENTRAL,579480,5268,579480,110,22.2810482,114.1626069,1.0,3.0,8.0
"Pacific Place, Six",WAN CHAI,573000,7640,573000,75,22.2769704,114.1689714,4.0,12.0,20.0
"Pacific Place, Six",WAN CHAI,573000,7640,573000,75,22.2769704,114.1689714,4.0,12.0,20.0
Harcourt House,WAN CHAI,562320,12496,562320,45,22.2790727,114.1698835,0.0,0.0,10.0
"Pacific Place, Six",WAN CHAI,558825,7451,558825,75,22.2769704,114.1689714,4.0,12.0,20.0
Three Garden Road - Champion Tower,CENTRAL,557349,5993,557349,93,22.2784355,114.160606,1.0,4.0,10.0
Grand Millennium Plaza,SHEUNG WAN,556236,15451,556236,36,22.2856235,114.1529485,10.0,10.0,20.0
"Pacific Place, Six",WAN CHAI,551025,7347,551025,75,22.2769704,114.1689714,4.0,12.0,20.0
Three Garden Road - ICBC Tower,CENTRAL,546003,5871,546003,93,22.2783737,114.1609727,1.0,3.0,10.0
"Pacific Place, Six",WAN CHAI,544875,7265,544875,75,22.2769704,114.1689714,4.0,12.0,20.0
Cheung Kong Center,CENTRAL,542880,4176,542880,130,22.2794704,114.1603101,0.0,2.0,4.0
Grand Millennium Plaza,SHEUNG WAN,540785,15451,540785,35,22.2856235,114.1529485,10.0,10.0,20.0
China Taiping Finance Centre,NORTH POINT,531440,7592,531440,70,22.2887193,114.1914023,0.0,3.0,20.0
YF Life Centre,WAN CHAI,527940,17598,527940,30,22.279064,114.1693057,0.0,0.0,2.0
Agricultural Bank Of China Tower,CENTRAL,525200,6565,525200,80,22.2850642,114.1558991,1.0,10.0,20.0
Capital Centre,WAN CHAI,518991,15727,518991,33,22.2794349,114.1772835,1.0,1.0,20.0
"IFC, Two",CENTRAL,518420,3703,518420,140,22.2852514,114.15931,0.0,6.0,9.0
Crawford House,CENTRAL,518238,8226,518238,63,22.2826315,114.1555936,20.0,12.0,20.0
YF Life Centre,WAN CHAI,517170,17239,517170,30,22.279064,114.1693057,0.0,0.0,2.0
Three Garden Road - ICBC Tower,CENTRAL,515964,5548,515964,93,22.2783737,114.1609727,1.0,3.0,10.0
"IFC, Two",CENTRAL,510160,3644,510160,140,22.2852514,114.15931,0.0,6.0,9.0
China Resources Building,WAN CHAI,507815,9233,507815,55,22.2799943,114.1750916,0.0,0.0,5.0
Capital Centre,WAN CHAI,507375,15375,507375,33,22.2794349,114.1772835,1.0,1.0,20.0
Entertainment Building,CENTRAL,504360,5604,504360,90,22.2814411,114.1564406,18.0,12.0,20.0
Millennium City 1 - Standard Chartered Tower,KWUN TONG,500625,20025,500625,25,22.3135663,114.2216182,2.0,5.0,20.0
Millennium City 1 - Standard Chartered Tower,KWUN TONG,500625,20025,500625,25,22.3135663,114.2216182,2.0,5.0,20.0
Chubb Tower (Windsor House),CAUSEWAY BAY,500472,13902,500472,36,22.280292,114.1864779,4.0,2.0,20.0
Infinitus Plaza,SHEUNG WAN,499758,11899,499758,42,22.2864399,114.1536781,2.0,8.0,20.0
Infinitus Plaza,SHEUNG WAN,499758,11899,499758,42,22.2864399,114.1536781,2.0,8.0,20.0
The Center,CENTRAL,495375,6605,495375,75,22.2846202,114.1547347,3.0,17.0,20.0
"Yee Wo Street, 68",CAUSEWAY BAY,494844,17673,494844,28,22.2791924,114.1865722,6.0,4.0,20.0
Millennium City 1 - Standard Chartered Tower,KWUN TONG,494208,20592,494208,24,22.3135663,114.2216182,2.0,5.0,20.0
Cheung Kong Center,CENTRAL,494125,3953,494125,125,22.2794704,114.1603101,0.0,2.0,4.0
Harcourt House,WAN CHAI,492570,10946,492570,45,22.2790727,114.1698835,0.0,0.0,10.0
Cheung Kong Center,CENTRAL,492500,3940,492500,125,22.2794704,114.1603101,0.0,2.0,4.0
Chubb Tower (Windsor House),CAUSEWAY BAY,490716,13631,490716,36,22.280292,114.1864779,4.0,2.0,20.0
Chuang's London Plaza,JORDAN,489973,17108,489973,28,22.3034473,114.1715118,4.0,3.0,20.0
K11 Atelier Victoria Dockside,TSIM SHA TSUI,488920,5752,488920,85,22.2949178,114.1755332,2.0,6.0,19.0
AIA Tower,NORTH POINT,487149,12491,487149,39,22.2880413,114.1923207,3.0,9.0,20.0
Island Place Tower,NORTH POINT,482160,20090,482160,24,22.2914596,114.2030318,1.0,4.0,20.0
Island Place Tower,NORTH POINT,482160,20090,482160,24,22.2914596,114.2030318,1.0,4.0,20.0
Times Square - Tower 2,CAUSEWAY BAY,481344,10028,481344,48,22.278151,114.1821136,12.0,20.0,20.0
Berkshire House,QUARRY BAY,480690,13734,480690,35,22.2876231,114.2133236,6.0,5.0,7.0
The Center,CENTRAL,480550,6865,480550,70,22.2846202,114.1547347,3.0,17.0,20.0
Berkshire House,QUARRY BAY,479325,13695,479325,35,22.2876231,114.2133236,6.0,5.0,7.0
"Pacific Place, Six",WAN CHAI,474975,6333,474975,75,22.2769704,114.1689714,4.0,12.0,20.0
Man Yee Building,CENTRAL,472530,4974,472530,95,22.2835772,114.1561146,19.0,6.0,20.0
Ho Lee Commercial Building,CENTRAL,470400,9800,470400,48,,,,,
Convention Plaza Office Tower,WAN CHAI,470350,9407,470350,50,22.2809259,114.1740414,0.0,4.0,14.0
Three Garden Road - Champion Tower,CENTRAL,466767,5019,466767,93,22.2784355,114.160606,1.0,4.0,10.0
Millennium City 6,KWUN TONG,462159,17117,462159,27,22.3103686,114.2227035,7.0,4.0,20.0
Millennium City 6,KWUN TONG,462159,17117,462159,27,22.3103686,114.2227035,7.0,4.0,20.0
Millennium City 6,KWUN TONG,462159,17117,462159,27,22.3103686,114.2227035,7.0,4.0,20.0
International Commerce Centre (ICC),TSIM SHA TSUI,459382,5966,459382,77,22.3034032,114.1601907,1.0,3.0,13.0
Hopewell Centre,WAN CHAI,456000,9500,456000,48,22.2746386,114.1717253,3.0,10.0,20.0
One Island South,WONG CHUK HANG,454752,18948,454752,24,22.2459198,114.1664957,0.0,1.0,3.0
Coda Commercial Building,CENTRAL,450009,2100,450009,214,22.2799907,114.1587983,1.0,7.0,17.0
Sunshine Plaza,WAN CHAI,449966,14821,449966,30,22.2794665,114.1787996,7.0,3.0,20.0
Central Plaza,WAN CHAI,446936,7981,446936,56,22.2799097,114.1737282,0.0,0.0,0.0
Cheung Kong Center,CENTRAL,446125,3569,446125,125,22.2794704,114.1603101,0.0,2.0,4.0
World Trade Centre,CAUSEWAY BAY,445648,9688,445648,46,22.2815279,114.1842189,2.0,14.0,20.0
COFCO Tower,CAUSEWAY BAY,440135,4633,440135,95,22.2815626,114.1828848,3.0,11.0,20.0
Mirror Tower,TSIM SHA TSUI,438022,14240,438022,30,22.297553,114.176456,1.0,3.0,20.0
H Code,CENTRAL,437290,6247,437290,70,22.2821827,114.1542985,17.0,18.0,20.0
Allied Kajima Building,WAN CHAI,437276,9506,437276,46,22.2792687,114.176401,3.0,4.0,16.0
Bank of America Tower,CENTRAL,435850,8717,435850,50,,,,,
Lucky Centre,WAN CHAI,432192,13506,432192,32,22.2768993,114.1770513,2.0,4.0,20.0
Berkshire House,QUARRY BAY,431904,13497,431904,32,22.2876231,114.2133236,6.0,5.0,7.0
Central Plaza,WAN CHAI,430696,7691,430696,56,22.2799097,114.1737282,0.0,0.0,0.0
Millennium City 1 - Tower 01,KWUN TONG,427837,14753,427837,29,22.3136835,114.2212449,1.0,3.0,20.0
Great Eagle Centre,WAN CHAI,426910,7762,426910,55,22.28092,114.175095,0.0,6.0,20.0
PCCW Tower,QUARRY BAY,426700,8534,426700,50,22.2871707,114.2121915,6.0,8.0,20.0
Sun Hung Kai Centre,WAN CHAI,424204,6842,424204,62,22.2804582,114.1768125,0.0,3.0,20.0
"Observatory Road, 8",TSIM SHA TSUI,422210,10635,422210,39,22.30117,114.17572,1.0,6.0,20.0
Nan Fung Tower,SHEUNG WAN,422010,9378,422010,45,22.2863943,114.1491375,5.0,3.0,20.0
Landmark South,WONG CHUK HANG,420150,14005,420150,30,22.249265,114.167138,2.0,2.0,7.0
Man Yee Building,CENTRAL,419490,4661,419490,90,22.2835772,114.1561146,19.0,6.0,20.0
"King's Road, 1063",QUARRY BAY,418152,11004,418152,38,22.2849855,114.213756,6.0,4.0,11.0
"King's Road, 1063",QUARRY BAY,418152,11004,418152,38,22.2849855,114.213756,6.0,4.0,11.0
"King's Road, 1063",QUARRY BAY,418152,11004,418152,38,22.2849855,114.213756,6.0,4.0,11.0
Three Garden Road - ICBC Tower,CENTRAL,418035,4495,418035,93,22.2783737,114.1609727,1.0,3.0,10.0
Central Plaza,WAN CHAI,416900,7580,416900,55,22.2799097,114.1737282,0.0,0.0,0.0
Grand Century Place - Tower II,MONG KOK / TAI KOK TSUI,415872,11552,415872,36,22.3198474,114.1620857,0.0,6.0,20.0
Nexxus Building,CENTRAL,415440,5770,415440,72,22.2842258,114.1565212,3.0,7.0,20.0
Central Plaza,WAN CHAI,410696,7898,410696,52,22.2799097,114.1737282,0.0,0.0,0.0
Millennium City 6,KWUN TONG,408450,13615,408450,30,22.3103686,114.2227035,7.0,4.0,20.0
"Observatory Road, 8",TSIM SHA TSUI,408047,10420,408047,39,22.30117,114.17572,1.0,6.0,20.0
Two Harbour Square,KWUN TONG,406392,14514,406392,28,22.3097058,114.2212389,2.0,4.0,13.0
The Tonnochy,WAN CHAI,404012,16154,404012,25,22.2790556,114.1776685,8.0,2.0,20.0
Dah Sing Financial Centre,WAN CHAI,402382,10589,402382,38,22.2747521,114.1735215,2.0,8.0,20.0
Two Harbour Square,KWUN TONG,399532,14269,399532,28,22.3097058,114.2212389,2.0,4.0,13.0
Convention Plaza Office Tower,WAN CHAI,398208,8296,398208,48,22.2809259,114.1740414,0.0,4.0,14.0
Cheung Kong Center,CENTRAL,397410,3057,397410,130,22.2794704,114.1603101,0.0,2.0,4.0
Tak Shing House,CENTRAL,390804,4492,390804,87,22.2822268,114.157196,7.0,3.0,20.0
Island Place Tower,NORTH POINT,388492,12532,388492,31,22.2914596,114.2030318,1.0,4.0,20.0
"Observatory Road, 8",TSIM SHA TSUI,385187,10670,385187,36,22.30117,114.17572,1.0,6.0,20.0
"Observatory Road, 8",TSIM SHA TSUI,385052,10590,385052,36,22.30117,114.17572,1.0,6.0,20.0
Lee Garden Three,CAUSEWAY BAY,384360,6406,384360,60,22.2781872,114.1852118,1.0,14.0,20.0
St. George's Building,CENTRAL,384100,3841,384100,100,22.2820638,114.1589289,0.0,7.0,20.0
California Tower,CENTRAL,383400,6390,383400,60,22.280906,114.1554893,20.0,10.0,20.0
China Building,CENTRAL,382380,6373,382380,60,22.281752,114.156841,7.0,10.0,20.0
The Center,CENTRAL,381498,4891,381498,78,22.2846202,114.1547347,3.0,17.0,20.0
South Seas Centre - Tower 1,TSIM SHA TSUI,380374,16538,380374,23,22.3000671,114.178459,1.0,6.0,20.0
Trade Square,CHEUNG SHA WAN / LAI CHI KOK,379620,21090,379620,18,22.3349378,114.1567759,0.0,0.0,4.0
Millennium City 1 - Standard Chartered Tower,KWUN TONG,379512,15813,379512,24,22.3135663,114.2216182,2.0,5.0,20.0
Landmark South,WONG CHUK HANG,378135,14005,378135,27,22.249265,114.167138,2.0,2.0,7.0
Capital Centre,WAN CHAI,377000,14500,377000,26,22.2794349,114.1772835,1.0,1.0,20.0
Capital Centre,WAN CHAI,376864,11777,376864,32,22.2794349,114.1772835,1.0,1.0,20.0
Tsim Sha Tsui Centre - East Tower,TSIM SHA TSUI,374748,11022,374748,34,22.2976578,114.1778408,0.0,4.0,20.0
"Gateway, The - Tower 1",TSIM SHA TSUI,373700,10100,373700,37,22.2988123,114.1721746,3.0,6.0,20.0
H Code,CENTRAL,372000,6200,372000,60,22.2821827,114.1542985,17.0,18.0,20.0
New World Tower 2,CENTRAL,369000,4920,369000,75,22.2806547,114.1570799,8.0,14.0,20.0
Cheung Kong Center,CENTRAL,368160,3068,368160,120,22.2794704,114.1603101,0.0,2.0,4.0
Trade Square,CHEUNG SHA WAN / LAI CHI KOK,368004,20220,368004,18,22.3349378,114.1567759,0.0,0.0,4.0
China Hong Kong City - Tower 6,TSIM SHA TSUI,367220,13115,367220,28,22.3008733,114.1679008,0.0,5.0,15.0
K11 Atelier Victoria Dockside,TSIM SHA TSUI,365500,4300,365500,85,22.2949178,114.1755332,2.0,6.0,19.0
International Commerce Centre (ICC),TSIM SHA TSUI,365430,4685,365430,78,22.3034032,114.1601907,1.0,3.0,13.0
Millennium City 1 - Tower 01,KWUN TONG,361775,12475,361775,29,22.3136835,114.2212449,1.0,3.0,20.0
Allied Kajima Building,WAN CHAI,361228,9506,361228,38,22.2792687,114.176401,3.0,4.0,16.0
The Centrium,CENTRAL,359024,9448,359024,38,22.2806003,114.1546621,7.0,7.0,20.0
H Queen's,CENTRAL,358382,4843,358382,74,22.2830115,114.1552938,20.0,14.0,20.0
YF Life Centre,WAN CHAI,357240,8931,357240,40,22.279064,114.1693057,0.0,0.0,2.0
The Center,CENTRAL,356153,4291,356153,83,22.2846202,114.1547347,3.0,17.0,20.0
YF Life Centre,WAN CHAI,355840,8896,355840,40,22.279064,114.1693057,0.0,0.0,2.0
YF Life Centre,WAN CHAI,355520,8888,355520,40,22.279064,114.1693057,0.0,0.0,2.0
Harcourt House,WAN CHAI,353790,7862,353790,45,22.2790727,114.1698835,0.0,0.0,10.0
The Center,CENTRAL,352632,8396,352632,42,22.2846202,114.1547347,3.0,17.0,20.0
H Queen's,CENTRAL,351870,4755,351870,74,22.2830115,114.1552938,20.0,14.0,20.0
Man Yee Building,CENTRAL,351280,4391,351280,80,22.2835772,114.1561146,19.0,6.0,20.0
The Center,CENTRAL,351232,7168,351232,49,22.2846202,114.1547347,3.0,17.0,20.0
New World Tower 1,CENTRAL,351225,4683,351225,75,22.280329,114.1568538,6.0,11.0,20.0
"D'Aguilar Street, 23",CENTRAL,350014,2810,350014,124,22.2811584,114.1553265,20.0,7.0,20.0
"Gateway, The - Tower 1",TSIM SHA TSUI,347424,8272,347424,42,22.2988123,114.1721746,3.0,6.0,20.0
Central Crossing,CENTRAL,346140,5769,346140,60,22.283431,114.1541085,11.0,13.0,20.0
"Central Des Voeux, 308",SHEUNG WAN,344688,8016,344688,43,22.2866328,114.1506702,10.0,6.0,20.0
Lee Garden Three,CAUSEWAY BAY,344340,5739,344340,60,22.2781872,114.1852118,1.0,14.0,20.0
H Code,CENTRAL,341000,6200,341000,55,22.2821827,114.1542985,17.0,18.0,20.0
H Code,CENTRAL,341000,6200,341000,55,22.2821827,114.1542985,17.0,18.0,20.0
V Heun Building,CENTRAL,340800,8520,340800,40,22.2839685,114.154231,10.0,11.0,20.0
"Heung Yip Road, 41",WONG CHUK HANG,340576,11744,340576,29,22.2477698,114.1632639,4.0,2.0,3.0
Central Plaza,WAN CHAI,339092,6521,339092,52,22.2799097,114.1737282,0.0,0.0,0.0
Harcourt House,WAN CHAI,338898,8069,338898,42,22.2790727,114.1698835,0.0,0.0,10.0
YF Life Tower,WAN CHAI,338637,8683,338637,39,22.2785293,114.1699751,1.0,2.0,20.0
Energy Plaza,TSIM SHA TSUI,337157,14659,337157,23,22.2999261,114.1767262,0.0,2.0,11.0
Peninsula Centre,TSIM SHA TSUI,336927,14649,336927,23,22.2990655,114.177277,0.0,3.0,20.0
V Heun Building,CENTRAL,336400,8410,336400,40,22.2839685,114.154231,10.0,11.0,20.0
Island Place Tower,NORTH POINT,336336,14014,336336,24,22.2914596,114.2030318,1.0,4.0,20.0
"Nathan Road, 26",TSIM SHA TSUI,336284,5798,336284,58,22.2958616,114.1726391,3.0,6.0,20.0
"Gateway, The - Tower 1",TSIM SHA TSUI,335960,9080,335960,37,22.2988123,114.1721746,3.0,6.0,20.0
YF Life Tower,WAN CHAI,333957,8563,333957,39,22.2785293,114.1699751,1.0,2.0,20.0
"King's Road, 1001",QUARRY BAY,332710,9506,332710,35,22.2849349,114.2124481,1.0,6.0,20.0
YF Life Centre,WAN CHAI,331520,8288,331520,40,22.279064,114.1693057,0.0,0.0,2.0
The Center,CENTRAL,330174,4233,330174,78,22.2846202,114.1547347,3.0,17.0,20.0
Cheung Kong Center,CENTRAL,327080,2516,327080,130,22.2794704,114.1603101,0.0,2.0,4.0
Tai Yau Building,WAN CHAI,324900,10830,324900,30,22.276967,114.17455,3.0,8.0,20.0
"Heung Yip Road, 41",WONG CHUK HANG,323147,11143,323147,29,22.2477698,114.1632639,4.0,2.0,3.0
World Wide House,CENTRAL,321255,7139,321255,45,22.2825285,114.1578668,4.0,4.0,20.0
"Pacific Place, Five (Hennessy Road, 28)",WAN CHAI,320775,4935,320775,65,22.2774464,114.1692851,5.0,7.0,20.0
Man Yee Building,CENTRAL,320720,3376,320720,95,22.2835772,114.1561146,19.0,6.0,20.0
CITIC Tower,ADMIRALTY,320300,3203,320300,100,22.2806658,114.1672514,0.0,0.0,6.0
Plaza 2000,CAUSEWAY BAY,320007,1576,320007,203,22.2786238,114.1816028,7.0,15.0,20.0
Eastcore,KWUN TONG,320000,20000,320000,16,22.313354,114.2228428,12.0,6.0,20.0
J Senses,WAN CHAI,319969,3877,319969,82,22.2759627,114.1708858,3.0,18.0,20.0
New Henry House,CENTRAL,317100,4530,317100,70,22.2808196,114.1584629,2.0,16.0,20.0
"Harbourfront, One",HUNG HOM / TO KWA WAN,316440,8790,316440,36,22.3173373,114.1879691,0.0,0.0,14.0
"Central Des Voeux, 308",SHEUNG WAN,312624,8016,312624,39,22.2866328,114.1506702,10.0,6.0,20.0
Albion Plaza,TSIM SHA TSUI,311600,7600,311600,41,22.2993375,114.1726271,6.0,14.0,20.0
Tak Shing House,CENTRAL,311150,4445,311150,70,22.2822268,114.157196,7.0,3.0,20.0
AIA Central,CENTRAL,310680,3452,310680,90,22.2811332,114.1619461,0.0,2.0,3.0
Ruttonjee Centre - Dina House,CENTRAL,310040,7751,310040,40,22.2800925,114.1569893,5.0,7.0,20.0
"Gateway, The - Tower 6",TSIM SHA TSUI,308771,7531,308771,41,22.2981807,114.1676828,0.0,6.0,20.0
Cosco Tower,SHEUNG WAN,306504,7128,306504,43,22.2856235,114.1529485,10.0,10.0,20.0
Great Eagle Centre,WAN CHAI,305188,5869,305188,52,22.28092,114.175095,0.0,6.0,20.0
COFCO Tower,CAUSEWAY BAY,304896,6352,304896,48,22.2815626,114.1828848,3.0,11.0,20.0
China Taiping Finance Centre,NORTH POINT,304668,4836,304668,63,22.2887193,114.1914023,0.0,3.0,20.0
Three Garden Road - Champion Tower,CENTRAL,304482,3274,304482,93,22.2784355,114.160606,1.0,4.0,10.0
"Gateway, The - Tower 2",TSIM SHA TSUI,302956,8188,302956,37,22.2988123,114.1721746,3.0,6.0,20.0
United Centre,ADMIRALTY,302412,9164,302412,33,22.2784312,114.1654177,0.0,5.0,12.0
Cosco Tower,SHEUNG WAN,301400,5480,301400,55,22.2856235,114.1529485,10.0,10.0,20.0
"Yee Wo Street, 68",CAUSEWAY BAY,300524,10733,300524,28,22.2791924,114.1865722,6.0,4.0,20.0
"Yee Wo Street, 68",CAUSEWAY BAY,300524,10733,300524,28,22.2791924,114.1865722,6.0,4.0,20.0
China Taiping Finance Centre,NORTH POINT,299832,4836,299832,62,22.2887193,114.1914023,0.0,3.0,20.0
Agricultural Bank Of China Tower,CENTRAL,298560,3732,298560,80,22.2850642,114.1558991,1.0,10.0,20.0
Millennium City 1 - Tower 01,KWUN TONG,298468,10292,298468,29,22.3136835,114.2212449,1.0,3.0,20.0
Carnarvon Plaza,TSIM SHA TSUI,298033,7599,298033,39,22.2992107,114.1732428,8.0,11.0,20.0
The Center,CENTRAL,296310,4233,296310,70,22.2846202,114.1547347,3.0,17.0,20.0
"Pacific Place, Five (Hennessy Road, 28)",WAN CHAI,296100,4935,296100,60,22.2774464,114.1692851,5.0,7.0,20.0
New World Tower 2,CENTRAL,295200,4920,295200,60,22.2806547,114.1570799,8.0,14.0,20.0
Millennium City 2,KWUN TONG,294786,10918,294786,27,22.3144685,114.2201636,2.0,0.0,4.0
Tak Shing House,CENTRAL,294120,3870,294120,76,22.2822268,114.157196,7.0,3.0,20.0
"Heung Yip Road, 41",WONG CHUK HANG,293600,11744,293600,25,22.2477698,114.1632639,4.0,2.0,3.0
"Heung Yip Road, 41",WONG CHUK HANG,293600,11744,293600,25,22.2477698,114.1632639,4.0,2.0,3.0
World Trade Centre,CAUSEWAY BAY,293500,5870,293500,50,22.2815279,114.1842189,2.0,14.0,20.0
Times Square - Tower 2,CAUSEWAY BAY,293050,5861,293050,50,22.278151,114.1821136,12.0,20.0,20.0
The Center,CENTRAL,293013,4651,293013,63,22.2846202,114.1547347,3.0,17.0,20.0
The Center,CENTRAL,292810,4183,292810,70,22.2846202,114.1547347,3.0,17.0,20.0
COFCO Tower,CAUSEWAY BAY,292192,6352,292192,46,22.2815626,114.1828848,3.0,11.0,20.0
Times Square - Tower 2,CAUSEWAY BAY,291950,5839,291950,50,22.278151,114.1821136,12.0,20.0,20.0
"Queen's Road Central, 9",CENTRAL,291540,4859,291540,60,22.2803695,114.1581007,3.0,12.0,20.0
Hopewell Centre,WAN CHAI,291300,2913,291300,100,22.2746386,114.1717253,3.0,10.0,20.0
Landmark South,WONG CHUK HANG,290738,7651,290738,38,22.249265,114.167138,2.0,2.0,7.0
Bank of East Asia Harbour View Centre,WAN CHAI,290709,7857,290709,37,22.2787113,114.1711527,2.0,4.0,20.0
Chuang's London Plaza,JORDAN,290706,7454,290706,39,22.3034473,114.1715118,4.0,3.0,20.0
Guardian House,WAN CHAI,290700,11628,290700,25,22.2770242,114.179625,1.0,6.0,20.0
Guardian House,WAN CHAI,290700,11628,290700,25,22.2770242,114.179625,1.0,6.0,20.0
H Queen's,CENTRAL,290580,4843,290580,60,22.2830115,114.1552938,20.0,14.0,20.0
H Queen's,CENTRAL,290580,4843,290580,60,22.2830115,114.1552938,20.0,14.0,20.0
Times Media Centre,WAN CHAI,289983,4825,289983,60,22.2766702,114.1760788,6.0,5.0,20.0
Trade Square,CHEUNG SHA WAN / LAI CHI KOK,289895,15670,289895,18,22.3349378,114.1567759,0.0,0.0,4.0
Cosco Tower,SHEUNG WAN,287627,6689,287627,43,22.2856235,114.1529485,10.0,10.0,20.0
China Building,CENTRAL,287625,4425,287625,65,22.281752,114.156841,7.0,10.0,20.0
Victoria Centre,NORTH POINT,287500,11500,287500,25,52.9572325,-1.147849,1.0,5.0,9.0
Leighton Centre,CAUSEWAY BAY,287496,7986,287496,36,22.2776353,114.1829035,12.0,16.0,20.0
Lee Garden Five (18 Hysan Avenue),CAUSEWAY BAY,287320,5224,287320,55,22.278241,114.1855547,1.0,11.0,20.0
Tak Shing House,CENTRAL,286848,3984,286848,72,22.2822268,114.157196,7.0,3.0,20.0
Sun Hung Kai Centre,WAN CHAI,286378,4619,286378,62,22.2804582,114.1768125,0.0,3.0,20.0
Energy Plaza,TSIM SHA TSUI,285821,12427,285821,23,22.2999261,114.1767262,0.0,2.0,11.0
"Harbourfront, One",HUNG HOM / TO KWA WAN,285732,7937,285732,36,22.3173373,114.1879691,0.0,0.0,14.0
Lee & Man Commercial Center,NORTH POINT,284284,10153,284284,28,22.287503,114.191589,4.0,6.0,20.0
Cosco Tower,SHEUNG WAN,284080,7102,284080,40,22.2856235,114.1529485,10.0,10.0,20.0
Silver Fortune Plaza,CENTRAL,282420,4707,282420,60,22.2811073,114.1561361,20.0,15.0,20.0
Shun Tak Centre - China Merchants Tower,SHEUNG WAN,280539,6405,280539,43,22.287639,114.1524863,1.0,3.0,20.0
China Overseas Building,WAN CHAI,280455,8013,280455,35,22.2778337,114.1727784,2.0,7.0,20.0
"King's Road, 1063",QUARRY BAY,279946,7367,279946,38,22.2849855,114.213756,6.0,4.0,11.0
Hopewell Centre,WAN CHAI,278460,6188,278460,45,22.2746386,114.1717253,3.0,10.0,20.0
Tower 535,CAUSEWAY BAY,277920,4632,277920,60,22.2813782,114.1839728,3.0,20.0,20.0
Three Garden Road - Champion Tower,CENTRAL,277698,2986,277698,93,22.2784355,114.160606,1.0,4.0,10.0
Entertainment Building,CENTRAL,276850,3955,276850,70,22.2814411,114.1564406,18.0,12.0,20.0
"Wyndham Street, 33",CENTRAL,276780,4613,276780,60,22.2805678,114.1550338,11.0,10.0,20.0
Agricultural Bank Of China Tower,CENTRAL,276675,3689,276675,75,22.2850642,114.1558991,1.0,10.0,20.0
Times Square - Tower 1,CAUSEWAY BAY,275918,5206,275918,53,22.278151,114.1821136,12.0,20.0,20.0
Tower 535,CAUSEWAY BAY,274615,4993,274615,55,22.2813782,114.1839728,3.0,20.0,20.0
Man Yee Building,CENTRAL,274482,3519,274482,78,22.2835772,114.1561146,19.0,6.0,20.0
Lee & Man Commercial Center,NORTH POINT,274131,10153,274131,27,22.287503,114.191589,4.0,6.0,20.0
"Gateway, The - Tower 6",TSIM SHA TSUI,272064,5668,272064,48,22.2981807,114.1676828,0.0,6.0,20.0
Three Garden Road - Champion Tower,CENTRAL,271932,2924,271932,93,22.2784355,114.160606,1.0,4.0,10.0
"Nathan Road, 700",MONG KOK / TAI KOK TSUI,271586,7147,271586,38,22.3206,114.1694808,5.0,8.0,20.0
Chinachem Golden Plaza,TSIM SHA TSUI,271377,11799,271377,23,22.2988123,114.1721746,3.0,6.0,20.0
Three Garden Road - ICBC Tower,CENTRAL,270537,2909,270537,93,22.2783737,114.1609727,1.0,3.0,10.0
The Center,CENTRAL,270396,4292,270396,63,22.2846202,114.1547347,3.0,17.0,20.0
Connaught Marina,SHEUNG WAN,270360,2253,270360,120,22.2880436,114.1481523,1.0,2.0,10.0
"Heung Yip Road, 41",WONG CHUK HANG,270112,11744,270112,23,22.2477698,114.1632639,4.0,2.0,3.0
Lee & Man Commercial Center,NORTH POINT,270025,10801,270025,25,22.287503,114.191589,4.0,6.0,20.0
Luk Kwok Centre,WAN CHAI,268905,6895,268905,39,22.278865,114.172354,0.0,6.0,20.0
Luk Kwok Centre,WAN CHAI,268905,6895,268905,39,22.278865,114.172354,0.0,6.0,20.0
Luk Kwok Centre,WAN CHAI,268905,6895,268905,39,22.278865,114.172354,0.0,6.0,20.0
Luk Kwok Centre,WAN CHAI,268905,6895,268905,39,22.278865,114.172354,0.0,6.0,20.0
Luk Kwok Centre,WAN CHAI,268905,6895,268905,39,22.278865,114.172354,0.0,6.0,20.0
Nan Fung Tower,SHEUNG WAN,268686,5841,268686,46,22.2863943,114.1491375,5.0,3.0,20.0
Harcourt House,WAN CHAI,268674,6397,268674,42,22.2790727,114.1698835,0.0,0.0,10.0
Cosco Tower,SHEUNG WAN,267996,5826,267996,46,22.2856235,114.1529485,10.0,10.0,20.0
Chinachem Golden Plaza,TSIM SHA TSUI,267720,11640,267720,23,22.2988123,114.1721746,3.0,6.0,20.0
Infinitus Plaza,SHEUNG WAN,267456,6368,267456,42,22.2864399,114.1536781,2.0,8.0,20.0
Connaught Marina,SHEUNG WAN,267150,1781,267150,150,22.2880436,114.1481523,1.0,2.0,10.0
Cheung Kong Center,CENTRAL,266090,2419,266090,110,22.2794704,114.1603101,0.0,2.0,4.0
Tak Shing House,CENTRAL,266070,3801,266070,70,22.2822268,114.157196,7.0,3.0,20.0
Asia Standard Tower,CENTRAL,265600,5312,265600,50,22.2830055,114.155849,20.0,10.0,20.0
AIA Central,CENTRAL,265050,2945,265050,90,22.2811332,114.1619461,0.0,2.0,3.0
The Center,CENTRAL,262990,3757,262990,70,22.2846202,114.1547347,3.0,17.0,20.0
The Center,CENTRAL,262400,3280,262400,80,22.2846202,114.1547347,3.0,17.0,20.0
Chubb Tower (Windsor House),CAUSEWAY BAY,261468,7263,261468,36,22.280292,114.1864779,4.0,2.0,20.0
Hopewell Centre,WAN CHAI,260600,2606,260600,100,22.2746386,114.1717253,3.0,10.0,20.0
Mira Place Tower A (Miramar Tower),TSIM SHA TSUI,260386,5314,260386,49,22.301131,114.1726444,4.0,11.0,20.0
YF Life Centre,WAN CHAI,259720,6493,259720,40,22.279064,114.1693057,0.0,0.0,2.0
Lee Garden One (The Lee Gardens),CAUSEWAY BAY,259624,3818,259624,68,22.2784388,114.1847145,4.0,15.0,20.0
AIA Central,CENTRAL,258210,2869,258210,90,22.2811332,114.1619461,0.0,2.0,3.0
"Harbourfront, Two",HUNG HOM / TO KWA WAN,258156,7171,258156,36,22.3173373,114.1879691,0.0,0.0,14.0
Great Eagle Centre,WAN CHAI,257900,5158,257900,50,22.28092,114.175095,0.0,6.0,20.0
Central Tower,CENTRAL,257700,3436,257700,75,22.2811334,114.1568012,15.0,14.0,20.0
Victoria Centre,NORTH POINT,257625,10305,257625,25,52.9572325,-1.147849,1.0,5.0,9.0
Man Yee Building,CENTRAL,257070,2706,257070,95,22.2835772,114.1561146,19.0,6.0,20.0
H Code,CENTRAL,256992,5354,256992,48,22.2821827,114.1542985,17.0,18.0,20.0
H Code,CENTRAL,256992,5354,256992,48,22.2821827,114.1542985,17.0,18.0,20.0
H Code,CENTRAL,256992,5354,256992,48,22.2821827,114.1542985,17.0,18.0,20.0
H Code,CENTRAL,256992,5354,256992,48,22.2821827,114.1542985,17.0,18.0,20.0
Times Square - Tower 2,CAUSEWAY BAY,256900,5138,256900,50,22.278151,114.1821136,12.0,20.0,20.0
YF Life Centre,WAN CHAI,256880,6422,256880,40,22.279064,114.1693057,0.0,0.0,2.0
Millennium City 5 - BEA Tower,KWUN TONG,256156,7534,256156,34,22.3128725,114.2246845,3.0,13.0,20.0
"King's Road, 633",NORTH POINT,256148,10045,256148,25,22.2922452,114.2066352,1.0,1.0,17.0
"King's Road, 633",NORTH POINT,256148,10045,256148,25,22.2922452,114.2066352,1.0,1.0,17.0
Shui On Centre,WAN CHAI,256032,8001,256032,32,22.2801875,114.1716875,0.0,5.0,11.0
"Queen's Road Central, 8",CENTRAL,256020,3012,256020,85,22.280149,114.1576472,3.0,5.0,20.0
"Queen's Road Central, 8",CENTRAL,256020,3012,256020,85,22.280149,114.1576472,3.0,5.0,20.0
Lee & Man Commercial Center,NORTH POINT,255650,10226,255650,25,22.287503,114.191589,4.0,6.0,20.0
Standard Chartered Bank Building,CENTRAL,255600,3195,255600,80,22.2799907,114.1587983,1.0,7.0,17.0
K Wah Centre,NORTH POINT,254664,14148,254664,18,22.2932357,114.2047775,0.0,2.0,0.0
Lee & Man Commercial Center,NORTH POINT,252576,10524,252576,24,22.287503,114.191589,4.0,6.0,20.0
Central Plaza,WAN CHAI,251680,4576,251680,55,22.2799097,114.1737282,0.0,0.0,0.0
H8,TSIM SHA TSUI,250001,3235,250001,77,22.2995904,114.1745566,6.0,9.0,20.0
Hua Chiao Commercial Centre,MONG KOK / TAI KOK TSUI,250000,5542,250000,45,22.3198474,114.1620857,0.0,6.0,20.0
Kowloon Centre,TSIM SHA TSUI,249956,16305,249956,15,22.2975863,114.1702704,10.0,7.0,20.0
"Queen's Road Central, 9",CENTRAL,249300,5540,249300,45,22.2803695,114.1581007,3.0,12.0,20.0
Ho Lee Commercial Building,CENTRAL,249100,5300,249100,47,,,,,
Wu Chung House,WAN CHAI,248850,8295,248850,30,22.2742239,114.1728051,3.0,5.0,20.0
"Nathan Road, 26",TSIM SHA TSUI,248248,4004,248248,62,22.2958616,114.1726391,3.0,6.0,20.0
Bank of America Tower,CENTRAL,247500,5500,247500,45,,,,,
Mira Place Tower A (Miramar Tower),TSIM SHA TSUI,247303,5047,247303,49,22.301131,114.1726444,4.0,11.0,20.0
K11 Atelier King's Road,QUARRY BAY,246600,5480,246600,45,22.2883738,114.209851,1.0,1.0,20.0
The Tonnochy,WAN CHAI,246505,7043,246505,35,22.2790556,114.1776685,8.0,2.0,20.0
International Commerce Centre (ICC),TSIM SHA TSUI,246375,3285,246375,75,22.3034032,114.1601907,1.0,3.0,13.0
Cosco Tower,SHEUNG WAN,246200,6155,246200,40,22.2856235,114.1529485,10.0,10.0,20.0
Lee & Man Commercial Center,NORTH POINT,245424,10226,245424,24,22.287503,114.191589,4.0,6.0,20.0
Jubilee Centre,WAN CHAI,242550,6930,242550,35,22.2789226,114.1706823,0.0,2.0,20.0
"Queen's Road Central, 8",CENTRAL,240960,3012,240960,80,22.280149,114.1576472,3.0,5.0,20.0
"Queen's Road Central, 8",CENTRAL,240960,3012,240960,80,22.280149,114.1576472,3.0,5.0,20.0
Lippo Centre - Tower 2,ADMIRALTY,240750,5350,240750,45,22.2792541,114.1636196,1.0,3.0,17.0
Grand Millennium Plaza,SHEUNG WAN,240142,7063,240142,34,22.2856235,114.1529485,10.0,10.0,20.0
Coda Plaza,CENTRAL,240000,5000,240000,48,22.2763624,114.1562254,0.0,0.0,7.0
Coda Plaza,CENTRAL,240000,5000,240000,48,22.2763624,114.1562254,0.0,0.0,7.0
California Tower,CENTRAL,239460,3991,239460,60,22.280906,114.1554893,20.0,10.0,20.0
Trade Square,CHEUNG SHA WAN / LAI CHI KOK,238017,10640,238017,22,22.3349378,114.1567759,0.0,0.0,4.0
"Nathan Road, 26",TSIM SHA TSUI,237974,4103,237974,58,22.2958616,114.1726391,3.0,6.0,20.0
Millennium City 5 - BEA Tower,KWUN TONG,237900,6100,237900,39,22.3128725,114.2246845,3.0,13.0,20.0
LHT Tower,CENTRAL,237660,2796,237660,85,22.2821589,114.1566345,17.0,8.0,20.0
Infinitus Plaza,SHEUNG WAN,237440,1484,237440,160,22.2864399,114.1536781,2.0,8.0,20.0
East Town Building,WAN CHAI,236940,7180,236940,33,22.2783849,114.1705822,2.0,4.0,20.0
East Town Building,WAN CHAI,236940,7180,236940,33,22.2783849,114.1705822,2.0,4.0,20.0
East Town Building,WAN CHAI,236940,7180,236940,33,22.2783849,114.1705822,2.0,4.0,20.0
Silver Fortune Plaza,CENTRAL,236340,3636,236340,65,22.2811073,114.1561361,20.0,15.0,20.0
"Harbourfront, Two",HUNG HOM / TO KWA WAN,236196,6561,236196,36,22.3173373,114.1879691,0.0,0.0,14.0
V Heun Building,CENTRAL,236120,5903,236120,40,22.2839685,114.154231,10.0,11.0,20.0
"Harbourfront, One",HUNG HOM / TO KWA WAN,235800,6550,235800,36,22.3173373,114.1879691,0.0,0.0,14.0
Lee & Man Commercial Center,NORTH POINT,235198,10226,235198,23,22.287503,114.191589,4.0,6.0,20.0
Millennium City 1 - Tower 01,KWUN TONG,235161,8109,235161,29,22.3136835,114.2212449,1.0,3.0,20.0
World Finance Centre - North,TSIM SHA TSUI,235080,7836,235080,30,22.2988123,114.1721746,3.0,6.0,20.0
Three Garden Road - ICBC Tower,CENTRAL,234267,2519,234267,93,22.2783737,114.1609727,1.0,3.0,10.0
Lippo Centre - Tower 1,ADMIRALTY,233505,5189,233505,45,22.2791796,114.1636752,0.0,3.0,17.0
K11 Atelier Victoria Dockside,TSIM SHA TSUI,232800,2910,232800,80,22.2949178,114.1755332,2.0,6.0,19.0
"Harbourfront, One",HUNG HOM / TO KWA WAN,232560,6460,232560,36,22.3173373,114.1879691,0.0,0.0,14.0
The Millennity - Tower 2,KWUN TONG,232372,8299,232372,28,22.3128405,114.2214032,2.0,3.0,20.0
Guangdong Investment Tower,SHEUNG WAN,231990,7733,231990,30,22.2871056,114.1511455,5.0,6.0,20.0
Ocean Centre,TSIM SHA TSUI,231270,7709,231270,30,22.296249,114.1689005,0.0,6.0,16.0
Central Plaza,WAN CHAI,231133,4361,231133,53,22.2799097,114.1737282,0.0,0.0,0.0
Chinachem Golden Plaza,TSIM SHA TSUI,230713,10031,230713,23,22.2988123,114.1721746,3.0,6.0,20.0
The Center,CENTRAL,230425,3545,230425,65,22.2846202,114.1547347,3.0,17.0,20.0
"Electric Road, 148",NORTH POINT,229740,8205,229740,28,22.2864911,114.1917255,6.0,8.0,20.0
Shun Tak Centre - West Tower,SHEUNG WAN,228360,4152,228360,55,22.2880334,114.1512041,0.0,1.0,20.0
Tower 535,CAUSEWAY BAY,227640,3794,227640,60,22.2813782,114.1839728,3.0,20.0,20.0
China Resources Building,WAN CHAI,227425,4135,227425,55,22.2799943,114.1750916,0.0,0.0,5.0
Chinachem Tower,CENTRAL,227370,4290,227370,53,22.2837458,114.1569637,6.0,6.0,20.0
China Taiping Finance Centre,NORTH POINT,227286,4209,227286,54,22.2887193,114.1914023,0.0,3.0,20.0
Times Square - Tower 2,CAUSEWAY BAY,226700,4534,226700,50,22.278151,114.1821136,12.0,20.0,20.0
Agricultural Bank Of China Tower,CENTRAL,226640,2833,226640,80,22.2850642,114.1558991,1.0,10.0,20.0
Golden Centre,SHEUNG WAN,226170,5385,226170,42,22.2859473,114.1533641,5.0,7.0,20.0
Golden Centre,SHEUNG WAN,226170,5385,226170,42,22.2859473,114.1533641,5.0,7.0,20.0
Golden Centre,SHEUNG WAN,226170,5385,226170,42,22.2859473,114.1533641,5.0,7.0,20.0
"Queen's Road Central, 8",CENTRAL,225900,3012,225900,75,22.280149,114.1576472,3.0,5.0,20.0
"Queen's Road Central, 8",CENTRAL,225900,3012,225900,75,22.280149,114.1576472,3.0,5.0,20.0
Cosco Tower,SHEUNG WAN,225120,3752,225120,60,22.2856235,114.1529485,10.0,10.0,20.0
One Peking,TSIM SHA TSUI,224000,3200,224000,70,22.2960514,114.1699584,2.0,3.0,20.0
Chinachem Tower,CENTRAL,223080,4290,223080,52,22.2837458,114.1569637,6.0,6.0,20.0
Chinachem Tower,CENTRAL,223080,4290,223080,52,22.2837458,114.1569637,6.0,6.0,20.0
Chinachem Tower,CENTRAL,223080,4290,223080,52,22.2837458,114.1569637,6.0,6.0,20.0
Chinachem Tower,CENTRAL,223080,4290,223080,52,22.2837458,114.1569637,6.0,6.0,20.0
Chinachem Tower,CENTRAL,223080,4290,223080,52,22.2837458,114.1569637,6.0,6.0,20.0
Millennium City 6,KWUN TONG,222804,8252,222804,27,22.3103686,114.2227035,7.0,4.0,20.0
"Central Des Voeux, 308",SHEUNG WAN,222568,5176,222568,43,22.2866328,114.1506702,10.0,6.0,20.0
Fortis Tower,WAN CHAI,222250,6350,222250,35,22.2788236,114.1726785,1.0,7.0,20.0
Infinitus Plaza,SHEUNG WAN,221840,4720,221840,47,22.2864399,114.1536781,2.0,8.0,20.0
Jubilee Centre,WAN CHAI,220869,6693,220869,33,22.2789226,114.1706823,0.0,2.0,20.0
Sino Plaza,CAUSEWAY BAY,220185,4893,220185,45,22.2814029,114.1824265,3.0,5.0,20.0
Lee Garden Two (Caroline Centre),CAUSEWAY BAY,219450,3990,219450,55,22.2785794,114.1855781,3.0,9.0,20.0
Asia Standard Tower,CENTRAL,219219,5621,219219,39,22.2830055,114.155849,20.0,10.0,20.0
Energy Plaza,TSIM SHA TSUI,219120,5478,219120,40,22.2999261,114.1767262,0.0,2.0,11.0
Ruttonjee Centre - Dina House,CENTRAL,218680,5467,218680,40,22.2800925,114.1569893,5.0,7.0,20.0
"Harbourfront, Two",HUNG HOM / TO KWA WAN,218400,6240,218400,35,22.3173373,114.1879691,0.0,0.0,14.0
Plaza 228,WAN CHAI,218330,6238,218330,35,22.278008,114.178712,13.0,8.0,20.0
Three Garden Road - Champion Tower,CENTRAL,218085,2345,218085,93,22.2784355,114.160606,1.0,4.0,10.0
Felicity Building - Res,SHEUNG WAN,218008,2380,218008,91,22.2863943,114.1491375,5.0,3.0,20.0
Sino Plaza,CAUSEWAY BAY,217080,4824,217080,45,22.2814029,114.1824265,3.0,5.0,20.0
Eastern Centre,QUARRY BAY,216612,12034,216612,18,22.2851153,114.2142514,6.0,4.0,8.0
"Gateway, The - Tower 5",TSIM SHA TSUI,216528,5552,216528,39,22.2981807,114.1676828,0.0,6.0,20.0
Tower 535,CAUSEWAY BAY,216000,1200,216000,180,22.2813782,114.1839728,3.0,20.0,20.0
Dominion Centre,WAN CHAI,215740,9380,215740,23,22.2764258,114.1692496,2.0,11.0,20.0
Chuang's Tower,CENTRAL,215592,4146,215592,52,22.2835613,114.1570651,9.0,6.0,20.0
Chuang's Tower,CENTRAL,215592,4146,215592,52,22.2835613,114.1570651,9.0,6.0,20.0
"Gateway, The - Tower 2",TSIM SHA TSUI,215377,5821,215377,37,22.2988123,114.1721746,3.0,6.0,20.0
Berkshire House,QUARRY BAY,215200,6725,215200,32,22.2876231,114.2133236,6.0,5.0,7.0
Chinachem Tower,CENTRAL,214500,4290,214500,50,22.2837458,114.1569637,6.0,6.0,20.0
HDH Centre,CAUSEWAY BAY,214500,3575,214500,60,22.2787948,114.186212,6.0,4.0,20.0
One Humphreys,TSIM SHA TSUI,213928,3536,213928,60,22.2982348,114.1724705,5.0,8.0,20.0
Elite Centre,KWUN TONG,213750,11875,213750,18,22.3133424,114.2191164,5.0,3.0,11.0
The Center,CENTRAL,213738,4362,213738,49,22.2846202,114.1547347,3.0,17.0,20.0
The Center,CENTRAL,213525,2847,213525,75,22.2846202,114.1547347,3.0,17.0,20.0
"Nathan Road, 700",MONG KOK / TAI KOK TSUI,212876,5602,212876,38,22.3206,114.1694808,5.0,8.0,20.0
AIA Tower,NORTH POINT,212100,5050,212100,42,22.2880413,114.1923207,3.0,9.0,20.0
YF Life Tower,WAN CHAI,211536,5424,211536,39,22.2785293,114.1699751,1.0,2.0,20.0
Asia Standard Tower,CENTRAL,211380,5420,211380,39,22.2830055,114.155849,20.0,10.0,20.0
The Center,CENTRAL,211140,4692,211140,45,22.2846202,114.1547347,3.0,17.0,20.0
New World Tower 1,CENTRAL,210975,2813,210975,75,22.280329,114.1568538,6.0,11.0,20.0
"King's Road, 633",NORTH POINT,210945,10045,210945,21,22.2922452,114.2066352,1.0,1.0,17.0
Three Garden Road - ICBC Tower,CENTRAL,210924,2268,210924,93,22.2783737,114.1609727,1.0,3.0,10.0
Baskerville House,CENTRAL,210870,3834,210870,55,22.2798091,114.1566967,3.0,2.0,20.0
"Queen's Road Central, 8",CENTRAL,210840,3012,210840,70,22.280149,114.1576472,3.0,5.0,20.0
Island Place Tower,NORTH POINT,210816,8784,210816,24,22.2914596,114.2030318,1.0,4.0,20.0
One Humphreys,TSIM SHA TSUI,210392,3536,210392,59,22.2982348,114.1724705,5.0,8.0,20.0
Pacific House,CENTRAL,210330,3690,210330,57,22.2809214,114.1570781,14.0,15.0,20.0
Citicorp Centre,NORTH POINT,210168,11676,210168,18,22.2862718,114.1902927,0.0,4.0,16.0
Sun Hung Kai Centre,WAN CHAI,209932,3386,209932,62,22.2804582,114.1768125,0.0,3.0,20.0
Dah Sing Financial Centre,WAN CHAI,208863,6054,208863,34,22.2747521,114.1735215,2.0,8.0,20.0
Lippo Centre - Tower 2,ADMIRALTY,208845,4641,208845,45,22.2792541,114.1636196,1.0,3.0,17.0
Causeway Bay Plaza II,CAUSEWAY BAY,208705,5963,208705,35,22.2805414,114.1821601,7.0,8.0,20.0
Admiralty Centre - Tower 1,ADMIRALTY,208590,6135,208590,34,22.2792728,114.1650221,0.0,4.0,20.0
Exchange Tower,KOWLOON BAY,207927,12231,207927,17,22.3211051,114.2094231,0.0,5.0,11.0
Wing On House,CENTRAL,206920,5912,206920,35,22.283883,114.156478,8.0,6.0,20.0
One Humphreys,TSIM SHA TSUI,206856,3536,206856,58,22.2982348,114.1724705,5.0,8.0,20.0
One Humphreys,TSIM SHA TSUI,206640,3360,206640,61,22.2982348,114.1724705,5.0,8.0,20.0
"King's Road, 633",NORTH POINT,205923,10045,205923,20,22.2922452,114.2066352,1.0,1.0,17.0
"King's Road, 633",NORTH POINT,205923,10045,205923,20,22.2922452,114.2066352,1.0,1.0,17.0
Chinachem Tower,CENTRAL,205920,4290,205920,48,22.2837458,114.1569637,6.0,6.0,20.0
Chinachem Tower,CENTRAL,205920,4290,205920,48,22.2837458,114.1569637,6.0,6.0,20.0
Chinachem Tower,CENTRAL,205920,4290,205920,48,22.2837458,114.1569637,6.0,6.0,20.0
Chinachem Tower,CENTRAL,205920,4290,205920,48,22.2837458,114.1569637,6.0,6.0,20.0
Chinachem Tower,CENTRAL,205920,4290,205920,48,22.2837458,114.1569637,6.0,6.0,20.0
Chinachem Tower,CENTRAL,205920,4290,205920,48,22.2837458,114.1569637,6.0,6.0,20.0
Chinachem Tower,CENTRAL,205920,4290,205920,48,22.2837458,114.1569637,6.0,6.0,20.0
Chinachem Tower,CENTRAL,205920,4290,205920,48,22.2837458,114.1569637,6.0,6.0,20.0
Chinachem Tower,CENTRAL,205920,4290,205920,48,22.2837458,114.1569637,6.0,6.0,20.0
Plaza 228,WAN CHAI,205240,5864,205240,35,22.278008,114.178712,13.0,8.0,20.0
One Humphreys,TSIM SHA TSUI,205239,3698,205239,55,22.2982348,114.1724705,5.0,8.0,20.0
"Sea View Estate, Block C",NORTH POINT,205040,12815,205040,16,22.2877685,114.1905199,2.0,1.0,4.0
"Wyndham Street, 33",CENTRAL,204800,5120,204800,40,22.2805678,114.1550338,11.0,10.0,20.0
Central Plaza,WAN CHAI,204655,3721,204655,55,22.2799097,114.1737282,0.0,0.0,0.0
South Seas Centre - Tower 1,TSIM SHA TSUI,204600,8525,204600,24,22.3000671,114.178459,1.0,6.0,20.0
YF Life Centre,WAN CHAI,204520,5113,204520,40,22.279064,114.1693057,0.0,0.0,2.0
Pedder Building,CENTRAL,204490,1573,204490,130,22.2818636,114.1570102,4.0,8.0,20.0
Entertainment Building,CENTRAL,203560,2908,203560,70,22.2814411,114.1564406,18.0,12.0,20.0
One Humphreys,TSIM SHA TSUI,203320,3536,203320,57,22.2982348,114.1724705,5.0,8.0,20.0
Hopewell Centre,WAN CHAI,203310,4518,203310,45,22.2746386,114.1717253,3.0,10.0,20.0
Century Square,CENTRAL,202850,4057,202850,50,22.281508,114.155987,20.0,7.0,20.0
Century Square,CENTRAL,202850,4057,202850,50,22.281508,114.155987,20.0,7.0,20.0
Great Eagle Centre,WAN CHAI,202662,3753,202662,54,22.28092,114.175095,0.0,6.0,20.0
China Insurance Group Building,SHEUNG WAN,201900,6730,201900,30,22.2863943,114.1491375,5.0,3.0,20.0
China Hong Kong City - Tower 2,TSIM SHA TSUI,201656,7202,201656,28,22.3008733,114.1679008,0.0,5.0,15.0
One Humphreys,TSIM SHA TSUI,201541,3698,201541,54,22.2982348,114.1724705,5.0,8.0,20.0
Hopewell Centre,WAN CHAI,201100,2011,201100,100,22.2746386,114.1717253,3.0,10.0,20.0
China Building,CENTRAL,200340,3339,200340,60,22.281752,114.156841,7.0,10.0,20.0
Millennium City 1 - Tower 01,KWUN TONG,200158,6902,200158,29,22.3136835,114.2212449,1.0,3.0,20.0
J Senses,WAN CHAI,200078,8302,200078,24,22.2759627,114.1708858,3.0,18.0,20.0
Richmond Plaza,CAUSEWAY BAY,199998,4268,199998,46,22.2809717,114.1829675,4.0,20.0,20.0
Ho Lee Commercial Building,CENTRAL,199980,4500,199980,44,,,,,
J Senses,WAN CHAI,199970,5364,199970,37,22.2759627,114.1708858,3.0,18.0,20.0
Tower 535,CAUSEWAY BAY,199860,3331,199860,60,22.2813782,114.1839728,3.0,20.0,20.0
One Humphreys,TSIM SHA TSUI,199784,3536,199784,56,22.2982348,114.1724705,5.0,8.0,20.0
DL Tower,CENTRAL,199343,3056,199343,65,22.2828131,114.1545762,16.0,20.0,20.0
World Wide House,CENTRAL,198720,4968,198720,40,22.2825285,114.1578668,4.0,4.0,20.0
One Humphreys,TSIM SHA TSUI,198625,3178,198625,62,22.2982348,114.1724705,5.0,8.0,20.0
Lippo Centre - Tower 2,ADMIRALTY,198192,4129,198192,48,22.2792541,114.1636196,1.0,3.0,17.0
Admiralty Centre - Tower 2,ADMIRALTY,198159,5081,198159,39,22.2791365,114.165544,0.0,4.0,20.0
Haleson Building,SHEUNG WAN,198018,5700,198018,34,22.2863943,114.1491375,5.0,3.0,20.0
Central Plaza,WAN CHAI,197888,3092,197888,64,22.2799097,114.1737282,0.0,0.0,0.0
One Humphreys,TSIM SHA TSUI,197843,3698,197843,53,22.2982348,114.1724705,5.0,8.0,20.0
Three Garden Road - Champion Tower,CENTRAL,197439,2123,197439,93,22.2784355,114.160606,1.0,4.0,10.0
St. John's Building,CENTRAL,197200,3400,197200,58,22.2777267,114.1591931,1.0,2.0,3.0
St. John's Building,CENTRAL,197200,3400,197200,58,22.2777267,114.1591931,1.0,2.0,3.0
Dah Sing Financial Centre,WAN CHAI,196536,5172,196536,38,22.2747521,114.1735215,2.0,8.0,20.0
Citicorp Centre,NORTH POINT,196200,10900,196200,18,22.2862718,114.1902927,0.0,4.0,16.0
Pedder Building,CENTRAL,195720,1631,195720,120,22.2818636,114.1570102,4.0,8.0,20.0
"Queen's Road Central, 9",CENTRAL,194600,2780,194600,70,22.2803695,114.1581007,3.0,12.0,20.0
299QRC,SHEUNG WAN,194211,7193,194211,27,22.2849577,114.150647,9.0,20.0,20.0
One Humphreys,TSIM SHA TSUI,194145,3698,194145,52,22.2982348,114.1724705,5.0,8.0,20.0
The Center,CENTRAL,193986,2487,193986,78,22.2846202,114.1547347,3.0,17.0,20.0
Allied Kajima Building,WAN CHAI,193936,4216,193936,46,22.2792687,114.176401,3.0,4.0,16.0
Hysan Place,CAUSEWAY BAY,193842,2178,193842,89,22.2795933,114.1839629,6.0,18.0,20.0
The Centrium,CENTRAL,193610,5095,193610,38,22.2806003,114.1546621,7.0,7.0,20.0
Plaza 228,WAN CHAI,193512,5864,193512,33,22.278008,114.178712,13.0,8.0,20.0
Plaza 228,WAN CHAI,193512,5864,193512,33,22.278008,114.178712,13.0,8.0,20.0
Plaza 228,WAN CHAI,193512,5864,193512,33,22.278008,114.178712,13.0,8.0,20.0
Sino Plaza,CAUSEWAY BAY,193200,4200,193200,46,22.2814029,114.1824265,3.0,5.0,20.0
"Queen's Road Central, 9",CENTRAL,193105,3511,193105,55,22.2803695,114.1581007,3.0,12.0,20.0
"Des Voeux Road West, 9",SHEUNG WAN,192752,6884,192752,28,22.2879843,114.1471659,0.0,3.0,12.0
South Seas Centre - Tower 1,TSIM SHA TSUI,192312,8013,192312,24,22.3000671,114.178459,1.0,6.0,20.0
Berkshire House,QUARRY BAY,192255,5493,192255,35,22.2876231,114.2133236,6.0,5.0,7.0
Pacific House,CENTRAL,191880,3690,191880,52,22.2809214,114.1570781,14.0,15.0,20.0
Sun Hung Kai Centre,WAN CHAI,191820,3197,191820,60,22.2804582,114.1768125,0.0,3.0,20.0
Hopewell Centre,WAN CHAI,191385,4253,191385,45,22.2746386,114.1717253,3.0,10.0,20.0
Prosperity Millennia Plaza,NORTH POINT,191222,8314,191222,23,22.2916983,114.2081683,1.0,1.0,5.0
Wai Fung Plaza,MONG KOK / TAI KOK TSUI,190912,5966,190912,32,22.3192117,114.1696727,4.0,11.0,20.0
One Humphreys,TSIM SHA TSUI,190447,3698,190447,51,22.2982348,114.1724705,5.0,8.0,20.0
One Humphreys,TSIM SHA TSUI,190373,2998,190373,63,22.2982348,114.1724705,5.0,8.0,20.0
Crawford House,CENTRAL,189834,3273,189834,58,22.2826315,114.1555936,20.0,12.0,20.0
China Building,CENTRAL,189567,3213,189567,59,22.281752,114.156841,7.0,10.0,20.0
China Resources Building,WAN CHAI,188220,3137,188220,60,22.2799943,114.1750916,0.0,0.0,5.0
K Wah Centre,NORTH POINT,188122,8551,188122,22,22.2932357,114.2047775,0.0,2.0,0.0
Grand Century Place - Tower I,MONG KOK / TAI KOK TSUI,188100,5225,188100,36,22.3198474,114.1620857,0.0,6.0,20.0
Multifield Plaza,TSIM SHA TSUI,188024,5805,188024,32,22.2983375,114.1743575,9.0,4.0,20.0
Berkshire House,QUARRY BAY,187565,5359,187565,35,22.2876231,114.2133236,6.0,5.0,7.0
Goldmark,CAUSEWAY BAY,186120,4136,186120,45,22.2798889,114.1842939,5.0,18.0,20.0
Tower 535,CAUSEWAY BAY,186120,3384,186120,55,22.2813782,114.1839728,3.0,20.0,20.0
Henley Building,CENTRAL,185900,2860,185900,65,22.2804745,114.1586081,1.0,10.0,20.0
Admiralty Centre - Tower 1,ADMIRALTY,185400,6180,185400,30,22.2792728,114.1650221,0.0,4.0,20.0
Three Garden Road - ICBC Tower,CENTRAL,185163,1991,185163,93,22.2783737,114.1609727,1.0,3.0,10.0
Three Garden Road - ICBC Tower,CENTRAL,185163,1991,185163,93,22.2783737,114.1609727,1.0,3.0,10.0
Chinachem Tower,CENTRAL,184470,4290,184470,43,22.2837458,114.1569637,6.0,6.0,20.0
Overseas Trust Bank Building,WAN CHAI,183600,7344,183600,25,22.2799271,114.1774112,0.0,1.0,20.0
Great Eagle Centre,WAN CHAI,183200,3664,183200,50,22.28092,114.175095,0.0,6.0,20.0
Shui On Centre,WAN CHAI,182952,4356,182952,42,22.2801875,114.1716875,0.0,5.0,11.0
"Gateway, The - Tower 6",TSIM SHA TSUI,182247,4673,182247,39,22.2981807,114.1676828,0.0,6.0,20.0
"Gateway, The - Prudential Tower",TSIM SHA TSUI,182169,4671,182169,39,22.2988123,114.1721746,3.0,6.0,20.0
China Resources Building,WAN CHAI,181610,2794,181610,65,22.2799943,114.1750916,0.0,0.0,5.0
Citicorp Centre,NORTH POINT,181525,7261,181525,25,22.2862718,114.1902927,0.0,4.0,16.0
Three Garden Road - ICBC Tower,CENTRAL,181181,1991,181181,91,22.2783737,114.1609727,1.0,3.0,10.0
The Center,CENTRAL,180810,3690,180810,49,22.2846202,114.1547347,3.0,17.0,20.0
China Resources Building,WAN CHAI,180786,3117,180786,58,22.2799943,114.1750916,0.0,0.0,5.0
"Gateway, The - Tower 6",TSIM SHA TSUI,180760,4519,180760,40,22.2981807,114.1676828,0.0,6.0,20.0
Harcourt House,WAN CHAI,180600,4300,180600,42,22.2790727,114.1698835,0.0,0.0,10.0
H Queen's,CENTRAL,180310,2774,180310,65,22.2830115,114.1552938,20.0,14.0,20.0
Richmond Plaza,CAUSEWAY BAY,180008,4122,180008,43,22.2809717,114.1829675,4.0,20.0,20.0
Coda Plaza,CENTRAL,180000,5000,180000,36,22.2763624,114.1562254,0.0,0.0,7.0
The L Place,CENTRAL,179998,4186,179998,43,22.2844596,114.153981,9.0,10.0,20.0
The L Place,CENTRAL,179998,4186,179998,43,22.2844596,114.153981,9.0,10.0,20.0
Alliance Building,SHEUNG WAN,179987,8767,179987,20,22.2870402,114.151975,6.0,4.0,20.0
Central Plaza,WAN CHAI,179968,2812,179968,64,22.2799097,114.1737282,0.0,0.0,0.0
Chuang's Tower,CENTRAL,179914,2534,179914,71,22.2835613,114.1570651,9.0,6.0,20.0
"Cheung Sha Wan Road, 909",CHEUNG SHA WAN / LAI CHI KOK,179790,6915,179790,26,22.3362653,114.1462645,2.0,4.0,7.0
AT Tower,NORTH POINT,179681,3823,179681,47,22.2879396,114.1925284,4.0,11.0,20.0
Convention Plaza Office Tower,WAN CHAI,179320,4483,179320,40,22.2809259,114.1740414,0.0,4.0,14.0
"Wyndham Street, 8",CENTRAL,179300,3586,179300,50,22.2809883,114.1566154,16.0,14.0,20.0
Wai Fung Plaza,MONG KOK / TAI KOK TSUI,178980,5966,178980,30,22.3192117,114.1696727,4.0,11.0,20.0
"Harbourfront, One",HUNG HOM / TO KWA WAN,178848,4968,178848,36,22.3173373,114.1879691,0.0,0.0,14.0
K11 Atelier King's Road,QUARRY BAY,178695,3971,178695,45,22.2883738,114.209851,1.0,1.0,20.0
YF Life Centre,WAN CHAI,178320,4458,178320,40,22.279064,114.1693057,0.0,0.0,2.0
Shun Tak Centre - China Merchants Tower,SHEUNG WAN,177925,3235,177925,55,22.287639,114.1524863,1.0,3.0,20.0
Harbour Centre,WAN CHAI,177840,3952,177840,45,22.2811111,114.1755556,0.0,7.0,20.0
Lippo Centre - Tower 2,ADMIRALTY,177795,3951,177795,45,22.2792541,114.1636196,1.0,3.0,17.0
Central Plaza,WAN CHAI,177595,3229,177595,55,22.2799097,114.1737282,0.0,0.0,0.0
"Chinachem Central, Two",CENTRAL,176605,2717,176605,65,22.2823371,114.157403,6.0,4.0,20.0
"Chinachem Central, Two",CENTRAL,176605,2717,176605,65,22.2823371,114.157403,6.0,4.0,20.0
The L Place,CENTRAL,175812,4186,175812,42,22.2844596,114.153981,9.0,10.0,20.0
The L Place,CENTRAL,175812,4186,175812,42,22.2844596,114.153981,9.0,10.0,20.0
The Center,CENTRAL,175600,3512,175600,50,22.2846202,114.1547347,3.0,17.0,20.0
Central Plaza,WAN CHAI,175560,3192,175560,55,22.2799097,114.1737282,0.0,0.0,0.0
Sun Hung Kai Centre,WAN CHAI,175334,3023,175334,58,22.2804582,114.1768125,0.0,3.0,20.0
United Asia Finance Centre,WAN CHAI,174900,5300,174900,33,22.276022,114.1751471,2.0,2.0,12.0
United Asia Finance Centre,WAN CHAI,174900,5300,174900,33,22.276022,114.1751471,2.0,2.0,12.0
United Asia Finance Centre,WAN CHAI,174900,5300,174900,33,22.276022,114.1751471,2.0,2.0,12.0
United Asia Finance Centre,WAN CHAI,174900,5300,174900,33,22.276022,114.1751471,2.0,2.0,12.0
United Asia Finance Centre,WAN CHAI,174900,5300,174900,33,22.276022,114.1751471,2.0,2.0,12.0
Landmark South,WONG CHUK HANG,174116,4582,174116,38,22.249265,114.167138,2.0,2.0,7.0
Three Garden Road - Champion Tower,CENTRAL,174096,1872,174096,93,22.2784355,114.160606,1.0,4.0,10.0
Hopewell Centre,WAN CHAI,173790,3862,173790,45,22.2746386,114.1717253,3.0,10.0,20.0
Lippo Centre - Tower 1,ADMIRALTY,173745,4455,173745,39,22.2791796,114.1636752,0.0,3.0,17.0
East Town Building,WAN CHAI,173448,5256,173448,33,22.2783849,114.1705822,2.0,4.0,20.0
88WL,SHEUNG WAN,173404,3941,173404,44,22.2865132,114.150992,15.0,7.0,20.0
The Millennity - Tower 2,KWUN TONG,173096,6182,173096,28,22.3128405,114.2214032,2.0,3.0,20.0
Goldmark,CAUSEWAY BAY,173075,4025,173075,43,22.2798889,114.1842939,5.0,18.0,20.0
Goldmark,CAUSEWAY BAY,173075,4025,173075,43,22.2798889,114.1842939,5.0,18.0,20.0
The L Place,CENTRAL,172746,4113,172746,42,22.2844596,114.153981,9.0,10.0,20.0
Harcourt House,WAN CHAI,172578,4109,172578,42,22.2790727,114.1698835,0.0,0.0,10.0
Grandtech Centre,SHATIN / FO TAN,172242,12303,172242,14,22.3913214,114.2080284,0.0,0.0,1.0
Grand Millennium Plaza,SHEUNG WAN,172202,5938,172202,29,22.2856235,114.1529485,10.0,10.0,20.0
HSH Mongkok Plaza (OfficePlus @Prince Ewdard),MONG KOK / TAI KOK TSUI,172161,5217,172161,33,22.3198474,114.1620857,0.0,6.0,20.0
Ruttonjee Centre - Dina House,CENTRAL,171100,3422,171100,50,22.2800925,114.1569893,5.0,7.0,20.0
One Humphreys,TSIM SHA TSUI,170796,2648,170796,64,22.2982348,114.1724705,5.0,8.0,20.0
"Pacific Place, Six",WAN CHAI,169840,2123,169840,80,22.2769704,114.1689714,4.0,12.0,20.0
Chinachem Golden Plaza,TSIM SHA TSUI,169830,6290,169830,27,22.2988123,114.1721746,3.0,6.0,20.0
Garden East,WAN CHAI,169800,1698,169800,100,22.274771,114.172693,4.0,9.0,20.0
Cosco Tower,SHEUNG WAN,169360,4234,169360,40,22.2856235,114.1529485,10.0,10.0,20.0
Central Plaza,WAN CHAI,169156,3253,169156,52,22.2799097,114.1737282,0.0,0.0,0.0
Hon Kwok Jordan Centre,TSIM SHA TSUI,169100,3382,169100,50,22.3028979,114.172367,10.0,7.0,20.0
Cosco Tower,SHEUNG WAN,168912,3519,168912,48,22.2856235,114.1529485,10.0,10.0,20.0
Cosco Tower,SHEUNG WAN,168800,5275,168800,32,22.2856235,114.1529485,10.0,10.0,20.0
West Exchange Tower,SHEUNG WAN,168663,5111,168663,33,22.2867749,114.1501825,7.0,8.0,20.0
West Exchange Tower,SHEUNG WAN,168663,5111,168663,33,22.2867749,114.1501825,7.0,8.0,20.0
West Exchange Tower,SHEUNG WAN,168663,5111,168663,33,22.2867749,114.1501825,7.0,8.0,20.0
The Centrium,CENTRAL,168644,4438,168644,38,22.2806003,114.1546621,7.0,7.0,20.0
Allied Kajima Building,WAN CHAI,168640,4216,168640,40,22.2792687,114.176401,3.0,4.0,16.0
"Chinachem Central, Two",CENTRAL,168454,2717,168454,62,22.2823371,114.157403,6.0,4.0,20.0
"Chinachem Central, Two",CENTRAL,168454,2717,168454,62,22.2823371,114.157403,6.0,4.0,20.0
"Nathan Road, 26",TSIM SHA TSUI,168392,2716,168392,62,22.2958616,114.1726391,3.0,6.0,20.0
"Yee Wo Street, 68",CAUSEWAY BAY,168252,6009,168252,28,22.2791924,114.1865722,6.0,4.0,20.0
Metroplaza - Tower 01,KWAI CHUNG,168246,6471,168246,26,22.3574364,114.1266565,1.0,1.0,20.0
BCC Building,TSIM SHA TSUI,168015,5047,168015,33,22.2982539,114.1738255,9.0,10.0,20.0
Milton Mansion,TSIM SHA TSUI,168004,997,168004,168,22.2994935,114.1722783,6.0,15.0,20.0
Grand Millennium Plaza,SHEUNG WAN,168000,4800,168000,35,22.2856235,114.1529485,10.0,10.0,20.0
Mass Resources Development Building,TSIM SHA TSUI,168000,5250,168000,32,22.2980484,114.1727601,4.0,10.0,20.0
Seabright Plaza,NORTH POINT,167466,6441,167466,26,22.2867349,114.1920989,4.0,5.0,20.0
163 QRE,WAN CHAI,167400,4185,167400,40,22.2750105,114.1716997,3.0,17.0,20.0
Leighton Centre,CAUSEWAY BAY,167356,3892,167356,43,22.2776353,114.1829035,12.0,16.0,20.0
Plaza 228,WAN CHAI,167243,5767,167243,29,22.278008,114.178712,13.0,8.0,20.0
Lee Garden One (The Lee Gardens),CAUSEWAY BAY,167115,2571,167115,65,22.2784388,114.1847145,4.0,15.0,20.0
One Humphreys,TSIM SHA TSUI,166410,3698,166410,45,22.2982348,114.1724705,5.0,8.0,20.0
One Humphreys,TSIM SHA TSUI,166410,3698,166410,45,22.2982348,114.1724705,5.0,8.0,20.0
K11 Atelier King's Road,QUARRY BAY,166275,3695,166275,45,22.2883738,114.209851,1.0,1.0,20.0
Trade Square,CHEUNG SHA WAN / LAI CHI KOK,166029,8960,166029,18,22.3349378,114.1567759,0.0,0.0,4.0
Grand Millennium Plaza,SHEUNG WAN,166022,4883,166022,34,22.2856235,114.1529485,10.0,10.0,20.0
World Trade Centre,CAUSEWAY BAY,165600,3600,165600,46,22.2815279,114.1842189,2.0,14.0,20.0
"Gloucester Road, 80",WAN CHAI,165009,3878,165009,42,22.2790306,114.1729085,1.0,4.0,20.0
Admiralty Centre - Tower 1,ADMIRALTY,164745,4707,164745,35,22.2792728,114.1650221,0.0,4.0,20.0
China Hong Kong City - Tower 5,TSIM SHA TSUI,164332,5869,164332,28,22.3008733,114.1679008,0.0,5.0,15.0
China Hong Kong City - Tower 1,TSIM SHA TSUI,164276,5867,164276,28,22.3008733,114.1679008,0.0,5.0,15.0
"King's Road, 1001",QUARRY BAY,164185,4691,164185,35,22.2849349,114.2124481,1.0,6.0,20.0
United Asia Finance Centre,WAN CHAI,164010,4970,164010,33,22.276022,114.1751471,2.0,2.0,12.0
Hing Wai Building,CENTRAL,163540,2516,163540,65,22.2818233,114.1562602,20.0,8.0,20.0
Lippo Centre - Tower 1,ADMIRALTY,163513,3337,163513,49,22.2791796,114.1636752,0.0,3.0,17.0
Regent Centre,CENTRAL,163350,4950,163350,33,55.0114905,-1.6233664,3.0,1.0,0.0
St. John's Building,CENTRAL,163200,3400,163200,48,22.2777267,114.1591931,1.0,2.0,3.0
World Trade Centre,CAUSEWAY BAY,163200,4080,163200,40,22.2815279,114.1842189,2.0,14.0,20.0
United Centre,ADMIRALTY,162294,4918,162294,33,22.2784312,114.1654177,0.0,5.0,12.0
China Minmetals Tower,TSIM SHA TSUI,162204,5793,162204,28,22.3008318,114.1758205,4.0,6.0,20.0
Three Garden Road - Champion Tower,CENTRAL,161700,1650,161700,98,22.2784355,114.160606,1.0,4.0,10.0
Entertainment Building,CENTRAL,161630,2309,161630,70,22.2814411,114.1564406,18.0,12.0,20.0
K11 Atelier King's Road,QUARRY BAY,161595,3591,161595,45,22.2883738,114.209851,1.0,1.0,20.0
"Gateway, The - Tower 1",TSIM SHA TSUI,161320,4360,161320,37,22.2988123,114.1721746,3.0,6.0,20.0
HDH Centre,CAUSEWAY BAY,161250,3225,161250,50,22.2787948,114.186212,6.0,4.0,20.0
HDH Centre,CAUSEWAY BAY,161250,3225,161250,50,22.2787948,114.186212,6.0,4.0,20.0
Unicorn Trade Centre,CENTRAL,160720,3920,160720,41,22.2852682,114.1552761,4.0,14.0,20.0
Silver Fortune Plaza,CENTRAL,160007,4397,160007,36,22.2811073,114.1561361,20.0,15.0,20.0
"Gloucester Road, 80",WAN CHAI,160002,4110,160002,38,22.2790306,114.1729085,1.0,4.0,20.0
Admiralty Centre - Tower 2,ADMIRALTY,160000,4000,160000,40,22.2791365,114.165544,0.0,4.0,20.0
Marina 8,WONG CHUK HANG,159510,6135,159510,26,22.2484741,114.1677273,4.0,2.0,12.0
Marina 8,WONG CHUK HANG,159510,6135,159510,26,22.2484741,114.1677273,4.0,2.0,12.0
Central Plaza,WAN CHAI,158872,2837,158872,56,22.2799097,114.1737282,0.0,0.0,0.0
Fortis Tower,WAN CHAI,158750,6350,158750,25,22.2788236,114.1726785,1.0,7.0,20.0
"Chinachem Central, One",CENTRAL,158400,2400,158400,66,22.2823371,114.157403,6.0,4.0,20.0
Guardian House,WAN CHAI,158200,6328,158200,25,22.2770242,114.179625,1.0,6.0,20.0
YF Life Centre,WAN CHAI,158200,3955,158200,40,22.279064,114.1693057,0.0,0.0,2.0
United Asia Finance Centre,WAN CHAI,158070,4790,158070,33,22.276022,114.1751471,2.0,2.0,12.0
"Gloucester Road, 80",WAN CHAI,157988,4110,157988,38,22.2790306,114.1729085,1.0,4.0,20.0
"Queen's Road Central, 9",CENTRAL,157872,3289,157872,48,22.2803695,114.1581007,3.0,12.0,20.0
"Chinachem Central, Two",CENTRAL,157586,2717,157586,58,22.2823371,114.157403,6.0,4.0,20.0
"Chinachem Central, Two",CENTRAL,157586,2717,157586,58,22.2823371,114.157403,6.0,4.0,20.0
163 QRE,WAN CHAI,157320,3933,157320,40,22.2750105,114.1716997,3.0,17.0,20.0
Golden Centre,SHEUNG WAN,157280,3932,157280,40,22.2859473,114.1533641,5.0,7.0,20.0
Mira Place Tower A (Miramar Tower),TSIM SHA TSUI,156912,3269,156912,48,22.301131,114.1726444,4.0,11.0,20.0
"Electric Road, 148",NORTH POINT,156856,5602,156856,28,22.2864911,114.1917255,6.0,8.0,20.0
Ka Wing Building - Res,TSIM SHA TSUI,156800,5600,156800,28,22.3001541,114.1738489,7.0,5.0,20.0
Pacific House,CENTRAL,156579,2747,156579,57,22.2809214,114.1570781,14.0,15.0,20.0
Times Square - Tower 1,CAUSEWAY BAY,156550,3131,156550,50,22.278151,114.1821136,12.0,20.0,20.0
Three Garden Road - Champion Tower,CENTRAL,156426,1682,156426,93,22.2784355,114.160606,1.0,4.0,10.0
Landmark South,WONG CHUK HANG,156377,6799,156377,23,22.249265,114.167138,2.0,2.0,7.0
K Wah Centre,NORTH POINT,155850,5195,155850,30,22.2932357,114.2047775,0.0,2.0,0.0
AIA Tower,NORTH POINT,154140,3670,154140,42,22.2880413,114.1923207,3.0,9.0,20.0
Landmark South,WONG CHUK HANG,154008,6696,154008,23,22.249265,114.167138,2.0,2.0,7.0
Kinwick Centre,CENTRAL,153710,4045,153710,38,22.2820704,114.1532016,10.0,20.0,20.0
China Resources Building,WAN CHAI,153318,2222,153318,69,22.2799943,114.1750916,0.0,0.0,5.0
Central Plaza,WAN CHAI,152845,2779,152845,55,22.2799097,114.1737282,0.0,0.0,0.0
Beautiful Group Tower,SHEUNG WAN,152178,3902,152178,39,22.2863943,114.1491375,5.0,3.0,20.0
"King's Road, 1001",QUARRY BAY,152118,5634,152118,27,22.2849349,114.2124481,1.0,6.0,20.0
Zing!,CAUSEWAY BAY,151772,3994,151772,38,22.2772714,114.1816445,9.0,15.0,20.0
Kai Tak Commercial Building,SHEUNG WAN,151554,5226,151554,29,22.2872433,114.1506702,2.0,6.0,20.0
United Asia Finance Centre,WAN CHAI,151470,4590,151470,33,22.276022,114.1751471,2.0,2.0,12.0
On Hing Building,CENTRAL,151140,4580,151140,33,22.2805487,114.1564993,13.0,14.0,20.0
"H Code, The Steps",CENTRAL,151130,2159,151130,70,22.2821827,114.1542985,17.0,18.0,20.0
"H Code, The Steps",CENTRAL,151130,2159,151130,70,22.2821827,114.1542985,17.0,18.0,20.0
Chinachem Golden Plaza,TSIM SHA TSUI,151100,6044,151100,25,22.2988123,114.1721746,3.0,6.0,20.0
North Point Industrial Building,NORTH POINT,151040,9440,151040,16,22.291881,114.2022726,0.0,2.0,20.0
Singga Commercial Centre,WESTERN / KENNEDY TOWN,150800,5200,150800,29,22.2822235,114.1292619,1.0,1.0,20.0
World Trade Centre,CAUSEWAY BAY,150512,3272,150512,46,22.2815279,114.1842189,2.0,14.0,20.0
Tai Tung Building,WAN CHAI,150160,3754,150160,40,22.2773668,114.1746362,4.0,5.0,20.0
Central Plaza,WAN CHAI,150095,2729,150095,55,22.2799097,114.1737282,0.0,0.0,0.0
Charmhill Centre,TSIM SHA TSUI,150012,3365,150012,44,22.2988123,114.1721746,3.0,6.0,20.0
Southgate Commercial Centre,TSIM SHA TSUI,150004,2516,150004,59,22.3001688,114.1739528,7.0,5.0,20.0
Honest Building,CAUSEWAY BAY,149994,4573,149994,32,22.276953,114.181412,6.0,8.0,20.0
Prince Tower,TSIM SHA TSUI,149994,2600,149994,57,22.2965144,114.1712853,8.0,6.0,20.0
"Hart Avenue, 4",TSIM SHA TSUI,149986,3800,149986,39,22.2978209,114.174439,10.0,9.0,20.0
Emperor Watch & Jewellery Centre,CAUSEWAY BAY,149985,4718,149985,31,22.2787435,114.1818118,6.0,14.0,20.0
Yardley Commercial Building,SHEUNG WAN,149976,6249,149976,24,22.2875054,114.1501129,0.0,3.0,16.0
Mira Place Tower A (Miramar Tower),TSIM SHA TSUI,149891,3059,149891,49,22.301131,114.1726444,4.0,11.0,20.0
Allied Kajima Building,WAN CHAI,149840,3746,149840,40,22.2792687,114.176401,3.0,4.0,16.0
Sun Hung Kai Centre,WAN CHAI,149820,2724,149820,55,22.2804582,114.1768125,0.0,3.0,20.0
Central Plaza,WAN CHAI,149544,2412,149544,62,22.2799097,114.1737282,0.0,0.0,0.0
New Mandarin Plaza - Tower A,TSIM SHA TSUI,149500,5750,149500,26,22.3005491,114.1786611,1.0,6.0,20.0
Silver Fortune Plaza,CENTRAL,149498,4397,149498,34,22.2811073,114.1561361,20.0,15.0,20.0
Three Garden Road - ICBC Tower,CENTRAL,149265,1605,149265,93,22.2783737,114.1609727,1.0,3.0,10.0
Sands Building,TSIM SHA TSUI,149048,4808,149048,31,22.2965222,114.1709494,8.0,3.0,20.0
On Hing Building,CENTRAL,148850,4580,148850,32,22.2805487,114.1564993,13.0,14.0,20.0
88WL,SHEUNG WAN,148832,4651,148832,32,22.2865132,114.150992,15.0,7.0,20.0
Central Plaza,WAN CHAI,148366,2393,148366,62,22.2799097,114.1737282,0.0,0.0,0.0
"The Chelsea (Jervois Street, 69)",SHEUNG WAN,148320,4120,148320,36,22.2852335,114.1511115,19.0,20.0,20.0
QRE Plaza,WAN CHAI,148140,3292,148140,45,22.2749857,114.1722029,3.0,13.0,20.0
QRE Plaza,WAN CHAI,148140,3292,148140,45,22.2749857,114.1722029,3.0,13.0,20.0
QRE Plaza,WAN CHAI,148140,3292,148140,45,22.2749857,114.1722029,3.0,13.0,20.0
QRE Plaza,WAN CHAI,148140,3292,148140,45,22.2749857,114.1722029,3.0,13.0,20.0
Grand Millennium Plaza,SHEUNG WAN,148045,5105,148045,29,22.2856235,114.1529485,10.0,10.0,20.0
Grand Place,MONG KOK / TAI KOK TSUI,148006,4300,148006,34,22.3198474,114.1620857,0.0,6.0,20.0
299QRC,SHEUNG WAN,147987,2349,147987,63,22.2849577,114.150647,9.0,20.0,20.0
Garden East,WAN CHAI,147700,1477,147700,100,22.274771,114.172693,4.0,9.0,20.0
Chinachem Tower,CENTRAL,146850,2670,146850,55,22.2837458,114.1569637,6.0,6.0,20.0
Lee & Man Commercial Center,NORTH POINT,146146,5621,146146,26,22.287503,114.191589,4.0,6.0,20.0
Island Place Tower,NORTH POINT,145824,6076,145824,24,22.2914596,114.2030318,1.0,4.0,20.0
Ruttonjee Centre - Dina House,CENTRAL,145200,2904,145200,50,22.2800925,114.1569893,5.0,7.0,20.0
Times Tower,WAN CHAI,145160,3820,145160,38,22.2801986,114.1800469,1.0,2.0,20.0
HDH Centre,CAUSEWAY BAY,145125,3225,145125,45,22.2787948,114.186212,6.0,4.0,20.0
HDH Centre,CAUSEWAY BAY,145125,3225,145125,45,22.2787948,114.186212,6.0,4.0,20.0
HDH Centre,CAUSEWAY BAY,145125,3225,145125,45,22.2787948,114.186212,6.0,4.0,20.0
HDH Centre,CAUSEWAY BAY,145125,3225,145125,45,22.2787948,114.186212,6.0,4.0,20.0
HDH Centre,CAUSEWAY BAY,145125,3225,145125,45,22.2787948,114.186212,6.0,4.0,20.0
HDH Centre,CAUSEWAY BAY,145125,3225,145125,45,22.2787948,114.186212,6.0,4.0,20.0
Health Aura,CAUSEWAY BAY,145008,1696,145008,85,22.278644,114.186537,1.0,5.0,20.0
Wong Tze Building,KWUN TONG,144960,7248,144960,20,22.311084,114.2250719,6.0,6.0,20.0
C C Wu Building,WAN CHAI,144368,5156,144368,28,22.2777777,114.1778408,6.0,6.0,20.0
"Heung Yip Road, 41",WONG CHUK HANG,144159,4971,144159,29,22.2477698,114.1632639,4.0,2.0,3.0
North Point Industrial Building,NORTH POINT,144000,9000,144000,16,22.291881,114.2022726,0.0,2.0,20.0
"Hing Fat Street, 88",NORTH POINT,143500,4100,143500,35,22.2857461,114.1907881,1.0,4.0,20.0
Harbour Centre,WAN CHAI,143385,2607,143385,55,22.2811111,114.1755556,0.0,7.0,20.0
Westlands Centre,QUARRY BAY,142681,8393,142681,17,22.2867201,114.2133469,9.0,4.0,6.0
H Code,CENTRAL,142600,6200,142600,23,22.2821827,114.1542985,17.0,18.0,20.0
"Johnston Road, 208",WAN CHAI,142350,2847,142350,50,22.2773147,114.1762227,8.0,4.0,20.0
Mall Plus,WAN CHAI,142200,1580,142200,90,22.2786533,114.1798487,9.0,2.0,20.0
New Henry House,CENTRAL,142100,2030,142100,70,22.2808196,114.1584629,2.0,16.0,20.0
COFCO Tower,CAUSEWAY BAY,141984,2958,141984,48,22.2815626,114.1828848,3.0,11.0,20.0
Albion Plaza,TSIM SHA TSUI,141860,3460,141860,41,22.2993375,114.1726271,6.0,14.0,20.0
"Harbourfront, Two",HUNG HOM / TO KWA WAN,141542,4163,141542,34,22.3173373,114.1879691,0.0,0.0,14.0
Cosco Tower,SHEUNG WAN,141375,2175,141375,65,22.2856235,114.1529485,10.0,10.0,20.0
YF Life Tower,WAN CHAI,141375,3625,141375,39,22.2785293,114.1699751,1.0,2.0,20.0
New Henry House,CENTRAL,140980,2014,140980,70,22.2808196,114.1584629,2.0,16.0,20.0
Sun Hung Kai Centre,WAN CHAI,140580,2343,140580,60,22.2804582,114.1768125,0.0,3.0,20.0
88WL,SHEUNG WAN,140349,4253,140349,33,22.2865132,114.150992,15.0,7.0,20.0
88WL,SHEUNG WAN,140349,4253,140349,33,22.2865132,114.150992,15.0,7.0,20.0
United Centre,ADMIRALTY,140118,4246,140118,33,22.2784312,114.1654177,0.0,5.0,12.0
Park Commercial Centre,CAUSEWAY BAY,139980,4666,139980,30,22.2819266,114.1920769,0.0,1.0,4.0
China Hong Kong City - Tower 5,TSIM SHA TSUI,139692,4989,139692,28,22.3008733,114.1679008,0.0,5.0,15.0
Cosco Tower,SHEUNG WAN,139680,2328,139680,60,22.2856235,114.1529485,10.0,10.0,20.0
Concordia Plaza,TSIM SHA TSUI,139265,3979,139265,35,22.2988123,114.1721746,3.0,6.0,20.0
Man Yee Building,CENTRAL,139080,1464,139080,95,22.2835772,114.1561146,19.0,6.0,20.0
Plaza 2000,CAUSEWAY BAY,139020,3972,139020,35,22.2786238,114.1816028,7.0,15.0,20.0
Infinitus Plaza,SHEUNG WAN,138936,3308,138936,42,22.2864399,114.1536781,2.0,8.0,20.0
Cosco Tower,SHEUNG WAN,138285,3073,138285,45,22.2856235,114.1529485,10.0,10.0,20.0
Mirror Tower,TSIM SHA TSUI,138020,4285,138020,32,22.297553,114.176456,1.0,3.0,20.0
Eu Yan Sang Tower,TSIM SHA TSUI,138006,3400,138006,40,22.2969073,114.1751611,1.0,2.0,20.0
Milton Mansion,TSIM SHA TSUI,137999,660,137999,209,22.2994935,114.1722783,6.0,15.0,20.0
Neich Tower,WAN CHAI,137990,4798,137990,28,22.2792685,114.1757735,2.0,4.0,8.0
Island Place Tower,NORTH POINT,137980,4753,137980,29,22.2914596,114.2030318,1.0,4.0,20.0
Entertainment Building,CENTRAL,137970,1971,137970,70,22.2814411,114.1564406,18.0,12.0,20.0
Mira Place Tower A (Miramar Tower),TSIM SHA TSUI,137906,2602,137906,53,22.301131,114.1726444,4.0,11.0,20.0
Cosco Tower,SHEUNG WAN,137880,3064,137880,45,22.2856235,114.1529485,10.0,10.0,20.0
Chinachem Tower,CENTRAL,137540,2990,137540,46,22.2837458,114.1569637,6.0,6.0,20.0
"King's Road, 1001",QUARRY BAY,137125,5485,137125,25,22.2849349,114.2124481,1.0,6.0,20.0
Standard Chartered Bank Building,CENTRAL,136960,1712,136960,80,22.2799907,114.1587983,1.0,7.0,17.0
Energy Plaza,TSIM SHA TSUI,136885,3911,136885,35,22.2999261,114.1767262,0.0,2.0,11.0
East Town Building,WAN CHAI,136617,4407,136617,31,22.2783849,114.1705822,2.0,4.0,20.0
St. George's Building,CENTRAL,136612,1394,136612,98,22.2820638,114.1589289,0.0,7.0,20.0
Genesis,WONG CHUK HANG,136560,9104,136560,15,22.2459198,114.1664957,0.0,1.0,3.0
K Wah Centre,NORTH POINT,136482,5934,136482,23,22.2932357,114.2047775,0.0,2.0,0.0
Tung Hip Commercial Building,SHEUNG WAN,136360,4870,136360,28,22.2862512,114.1521567,15.0,8.0,20.0
Energy Plaza,TSIM SHA TSUI,136356,6198,136356,22,22.2999261,114.1767262,0.0,2.0,11.0
The Center,CENTRAL,136188,1746,136188,78,22.2846202,114.1547347,3.0,17.0,20.0
Cosco Tower,SHEUNG WAN,136184,2348,136184,58,22.2856235,114.1529485,10.0,10.0,20.0
The Center,CENTRAL,135940,3884,135940,35,22.2846202,114.1547347,3.0,17.0,20.0
Entertainment Building,CENTRAL,135920,1699,135920,80,22.2814411,114.1564406,18.0,12.0,20.0
Causeway Bay Plaza II,CAUSEWAY BAY,135730,3878,135730,35,22.2805414,114.1821601,7.0,8.0,20.0
Wheelock House,CENTRAL,135447,1963,135447,69,22.282005,114.1573585,7.0,4.0,20.0
"Chinese Bank Building, The",CENTRAL,135415,3869,135415,35,,,,,
"Chinese Bank Building, The",CENTRAL,134928,3748,134928,36,,,,,
Siu On Plaza,CAUSEWAY BAY,134904,4088,134904,33,22.2808991,114.1827881,3.0,20.0,20.0
Millennium City 1 - Tower 01,KWUN TONG,134720,4210,134720,32,22.3136835,114.2212449,1.0,3.0,20.0
"King's Road, 1063",QUARRY BAY,134558,3541,134558,38,22.2849855,114.213756,6.0,4.0,11.0
H Queen's,CENTRAL,134485,2069,134485,65,22.2830115,114.1552938,20.0,14.0,20.0
Shui On Centre,WAN CHAI,134480,3362,134480,40,22.2801875,114.1716875,0.0,5.0,11.0
Chubb Tower (Windsor House),CAUSEWAY BAY,134475,5379,134475,25,22.280292,114.1864779,4.0,2.0,20.0
Lippo Centre - Tower 2,ADMIRALTY,134316,3731,134316,36,22.2792541,114.1636196,1.0,3.0,17.0
Millennium City 1 - Tower 01,KWUN TONG,134272,4196,134272,32,22.3136835,114.2212449,1.0,3.0,20.0
New Mandarin Plaza - Tower B,TSIM SHA TSUI,134225,3835,134225,35,22.3005491,114.1786611,1.0,6.0,20.0
Central Plaza,WAN CHAI,134145,2439,134145,55,22.2799097,114.1737282,0.0,0.0,0.0
Grand Millennium Plaza,SHEUNG WAN,133994,3941,133994,34,22.2856235,114.1529485,10.0,10.0,20.0
"Electric Road, 148",NORTH POINT,133868,4781,133868,28,22.2864911,114.1917255,6.0,8.0,20.0
Leighton Centre,CAUSEWAY BAY,133856,2848,133856,47,22.2776353,114.1829035,12.0,16.0,20.0
Central Plaza,WAN CHAI,133588,2569,133588,52,22.2799097,114.1737282,0.0,0.0,0.0
Three Garden Road - ICBC Tower,CENTRAL,133548,1436,133548,93,22.2783737,114.1609727,1.0,3.0,10.0
Jubilee Centre,WAN CHAI,133420,3812,133420,35,22.2789226,114.1706823,0.0,2.0,20.0
Mira Place Tower A (Miramar Tower),TSIM SHA TSUI,133354,2899,133354,46,22.301131,114.1726444,4.0,11.0,20.0
Central Plaza,WAN CHAI,133320,2222,133320,60,22.2799097,114.1737282,0.0,0.0,0.0
Hopewell Centre,WAN CHAI,133200,1332,133200,100,22.2746386,114.1717253,3.0,10.0,20.0
Citicorp Centre,NORTH POINT,133150,5326,133150,25,22.2862718,114.1902927,0.0,4.0,16.0
COFCO Tower,CAUSEWAY BAY,133110,2958,133110,45,22.2815626,114.1828848,3.0,11.0,20.0
"King's Road, 1001",QUARRY BAY,133105,3803,133105,35,22.2849349,114.2124481,1.0,6.0,20.0
New Henry House,CENTRAL,133000,1900,133000,70,22.2808196,114.1584629,2.0,16.0,20.0
New Henry House,CENTRAL,133000,1900,133000,70,22.2808196,114.1584629,2.0,16.0,20.0
"Johnston Road, 208",WAN CHAI,132986,2891,132986,46,22.2773147,114.1762227,8.0,4.0,20.0
China Insurance Group Building,SHEUNG WAN,132900,4430,132900,30,22.2863943,114.1491375,5.0,3.0,20.0
HKHC Tower,JORDAN,132896,4153,132896,32,22.3051095,114.1713618,2.0,3.0,20.0
Infinitus Plaza,SHEUNG WAN,132869,2827,132869,47,22.2864399,114.1536781,2.0,8.0,20.0
Guardian House,WAN CHAI,132500,5300,132500,25,22.2770242,114.179625,1.0,6.0,20.0
Prosperous Building,CENTRAL,132280,3307,132280,40,22.2833466,114.1564528,20.0,7.0,20.0
Goldlion Holdings Centre,SHATIN / FO TAN,132000,11000,132000,12,22.3985709,114.1929428,1.0,0.0,9.0
"Observatory Road, 8",TSIM SHA TSUI,131975,6730,131975,19,22.30117,114.17572,1.0,6.0,20.0
Lippo Centre - Tower 1,ADMIRALTY,131915,3769,131915,35,22.2791796,114.1636752,0.0,3.0,17.0
Times Square - Tower 1,CAUSEWAY BAY,131850,2637,131850,50,22.278151,114.1821136,12.0,20.0,20.0
Silvercord - Tower 1,TSIM SHA TSUI,131307,3979,131307,33,22.2973783,114.1695911,2.0,6.0,20.0
Genesis,WONG CHUK HANG,131251,10254,131251,12,22.2459198,114.1664957,0.0,1.0,3.0
Hang Lung Centre,CAUSEWAY BAY,131120,2384,131120,55,22.2802143,114.1859353,5.0,3.0,20.0
Sun Hung Kai Centre,WAN CHAI,130955,2381,130955,55,22.2804582,114.1768125,0.0,3.0,20.0
China Overseas Building,WAN CHAI,130860,3635,130860,36,22.2778337,114.1727784,2.0,7.0,20.0
"Heung Yip Road, 41",WONG CHUK HANG,130750,5230,130750,25,22.2477698,114.1632639,4.0,2.0,3.0
Two Chinachem Plaza,SHEUNG WAN,130606,3437,130606,38,22.2863943,114.1491375,5.0,3.0,20.0
Two Chinachem Plaza,SHEUNG WAN,130606,3437,130606,38,22.2863943,114.1491375,5.0,3.0,20.0
Grand Centre,TSIM SHA TSUI,130500,2610,130500,50,22.2986055,114.1735857,4.0,6.0,20.0
Lee Garden Six (111 Leighton Road),CAUSEWAY BAY,130365,2897,130365,45,22.2777432,114.185842,0.0,7.0,20.0
"Hing Fat Street, 88",NORTH POINT,130200,4200,130200,31,22.2857461,114.1907881,1.0,4.0,20.0
Chinachem Tower,CENTRAL,130000,2000,130000,65,22.2837458,114.1569637,6.0,6.0,20.0
LKF29 (Onfem Tower),CENTRAL,129999,2878,129999,45,22.280332,114.155545,11.0,10.0,20.0
Oliv,CAUSEWAY BAY,129998,2090,129998,62,22.2778545,114.1821968,12.0,20.0,20.0
Sun Hung Kai Centre,WAN CHAI,129978,2241,129978,58,22.2804582,114.1768125,0.0,3.0,20.0
Ruttonjee Centre - Dina House,CENTRAL,129960,3249,129960,40,22.2800925,114.1569893,5.0,7.0,20.0
China Minmetals Tower,TSIM SHA TSUI,129920,4640,129920,28,22.3008318,114.1758205,4.0,6.0,20.0
The Center,CENTRAL,129402,2054,129402,63,22.2846202,114.1547347,3.0,17.0,20.0
Sino Plaza,CAUSEWAY BAY,129024,2688,129024,48,22.2814029,114.1824265,3.0,5.0,20.0
Tai Tung Building,WAN CHAI,129024,3584,129024,36,22.2773668,114.1746362,4.0,5.0,20.0
Man Yee Building,CENTRAL,128970,1433,128970,90,22.2835772,114.1561146,19.0,6.0,20.0
Sup Tower,NORTH POINT,128915,5605,128915,23,22.2860458,114.1927047,3.0,3.0,20.0
Leighton Centre,CAUSEWAY BAY,128880,3222,128880,40,22.2776353,114.1829035,12.0,16.0,20.0
China Resources Building,WAN CHAI,128702,2219,128702,58,22.2799943,114.1750916,0.0,0.0,5.0
Admiralty Centre - Tower 1,ADMIRALTY,128630,3385,128630,38,22.2792728,114.1650221,0.0,4.0,20.0
Man Yee Building,CENTRAL,128610,1429,128610,90,22.2835772,114.1561146,19.0,6.0,20.0
Infinitus Plaza,SHEUNG WAN,128520,3060,128520,42,22.2864399,114.1536781,2.0,8.0,20.0
Sands Building,TSIM SHA TSUI,127314,3858,127314,33,22.2965222,114.1709494,8.0,3.0,20.0
Strand 50 (Bonham Trade Centre),SHEUNG WAN,127230,4241,127230,30,22.285767,114.1512853,20.0,14.0,20.0
Nan Fung Tower,SHEUNG WAN,127160,2312,127160,55,22.2863943,114.1491375,5.0,3.0,20.0
299QRC,SHEUNG WAN,127020,4380,127020,29,22.2849577,114.150647,9.0,20.0,20.0
Tung Hip Commercial Building,SHEUNG WAN,126620,4870,126620,26,22.2862512,114.1521567,15.0,8.0,20.0
Millennium City 1 - Tower 01,KWUN TONG,126208,4352,126208,29,22.3136835,114.2212449,1.0,3.0,20.0
Manulife Tower (West Tower),KWUN TONG,125120,6256,125120,20,22.315698,114.2331057,0.0,0.0,0.0
"The Chelsea (Jervois Street, 69)",SHEUNG WAN,124872,3784,124872,33,22.2852335,114.1511115,19.0,20.0,20.0
"Duddell Street, 1",CENTRAL,124850,2270,124850,55,22.2802574,114.1572424,6.0,9.0,20.0
Lippo Centre - Tower 2,ADMIRALTY,124678,3281,124678,38,22.2792541,114.1636196,1.0,3.0,17.0
Times Square - Tower 1,CAUSEWAY BAY,124593,2443,124593,51,22.278151,114.1821136,12.0,20.0,20.0
Mira Place Tower A (Miramar Tower),TSIM SHA TSUI,124560,2595,124560,48,22.301131,114.1726444,4.0,11.0,20.0
Times Square - Tower 1,CAUSEWAY BAY,124540,2395,124540,52,22.278151,114.1821136,12.0,20.0,20.0
St. George's Building,CENTRAL,124500,1245,124500,100,22.2820638,114.1589289,0.0,7.0,20.0
Admiralty Centre - Tower 1,ADMIRALTY,124362,2961,124362,42,22.2792728,114.1650221,0.0,4.0,20.0
Hong Kong Diamond Exchange Building,CENTRAL,123750,2750,123750,45,22.2796908,114.1569637,0.0,1.0,15.0
The Center,CENTRAL,123669,1963,123669,63,22.2846202,114.1547347,3.0,17.0,20.0
Sino Plaza,CAUSEWAY BAY,123648,2688,123648,46,22.2814029,114.1824265,3.0,5.0,20.0
"Harbourfront, Two",HUNG HOM / TO KWA WAN,123488,3632,123488,34,22.3173373,114.1879691,0.0,0.0,14.0
New Henry House,CENTRAL,123200,1760,123200,70,22.2808196,114.1584629,2.0,16.0,20.0
Central Plaza,WAN CHAI,123188,2369,123188,52,22.2799097,114.1737282,0.0,0.0,0.0
CNT Tower,WAN CHAI,123003,1480,123003,83,22.278332,114.178819,15.0,6.0,20.0
"Hing Fat Street, 88",NORTH POINT,123000,4100,123000,30,22.2857461,114.1907881,1.0,4.0,20.0
Mira Place Tower A (Miramar Tower),TSIM SHA TSUI,122640,2555,122640,48,22.301131,114.1726444,4.0,11.0,20.0
Nina Tower,TSUEN WAN,122314,5318,122314,23,22.368611,114.113056,1.0,3.0,12.0
On Hing Building,CENTRAL,122220,3492,122220,35,22.2805487,114.1564993,13.0,14.0,20.0
"Grand Plaza Office Tower, Two",MONG KOK / TAI KOK TSUI,122150,3490,122150,35,22.3198474,114.1620857,0.0,6.0,20.0
Kinwick Centre,CENTRAL,122115,3489,122115,35,22.2820704,114.1532016,10.0,20.0,20.0
The HUB,WONG CHUK HANG,121704,5071,121704,24,22.2490089,114.1643124,2.0,0.0,3.0
The HUB,WONG CHUK HANG,121680,5070,121680,24,22.2490089,114.1643124,2.0,0.0,3.0
The HUB,WONG CHUK HANG,121680,5070,121680,24,22.2490089,114.1643124,2.0,0.0,3.0
Eastmark,KOWLOON BAY,121632,7602,121632,16,22.322232,114.211175,5.0,4.0,20.0
Asia Standard Tower,CENTRAL,121563,3117,121563,39,22.2830055,114.155849,20.0,10.0,20.0
Siu On Centre,WAN CHAI,121342,4667,121342,26,22.2781247,114.1742393,6.0,8.0,20.0
Siu On Centre,WAN CHAI,121342,4667,121342,26,22.2781247,114.1742393,6.0,8.0,20.0
Wellington Place/M88,CENTRAL,121320,3033,121320,40,22.2807553,114.156032,16.0,15.0,20.0
"Gateway, The - Tower 2",TSIM SHA TSUI,121138,3274,121138,37,22.2988123,114.1721746,3.0,6.0,20.0
Admiralty Centre - Tower 1,ADMIRALTY,120575,3445,120575,35,22.2792728,114.1650221,0.0,4.0,20.0
Central Plaza,WAN CHAI,120448,1882,120448,64,22.2799097,114.1737282,0.0,0.0,0.0
CNT Tower,WAN CHAI,120018,6773,120018,17,22.278332,114.178819,15.0,6.0,20.0
Fortune House,CENTRAL,120003,3900,120003,30,22.2854027,114.1556704,4.0,8.0,20.0
Kwan Chart Tower,WAN CHAI,120000,4693,120000,25,22.2792993,114.1780494,5.0,2.0,20.0
Convention Plaza Office Tower,WAN CHAI,119808,2496,119808,48,22.2809259,114.1740414,0.0,4.0,14.0
Sands Building,TSIM SHA TSUI,119598,3858,119598,31,22.2965222,114.1709494,8.0,3.0,20.0
"Electric Road, 148",NORTH POINT,119168,4256,119168,28,22.2864911,114.1917255,6.0,8.0,20.0
Great Eagle Centre,WAN CHAI,119160,1986,119160,60,22.28092,114.175095,0.0,6.0,20.0
Wilson House,CENTRAL,118848,3714,118848,32,22.2804986,114.1557097,19.0,11.0,20.0
AIA Tower,NORTH POINT,118734,2827,118734,42,22.2880413,114.1923207,3.0,9.0,20.0
East Town Building,WAN CHAI,118470,3590,118470,33,22.2783849,114.1705822,2.0,4.0,20.0
Trade Square,CHEUNG SHA WAN / LAI CHI KOK,118276,5670,118276,20,22.3349378,114.1567759,0.0,0.0,4.0
299QRC,SHEUNG WAN,118260,4380,118260,27,22.2849577,114.150647,9.0,20.0,20.0
299QRC,SHEUNG WAN,118260,4380,118260,27,22.2849577,114.150647,9.0,20.0,20.0
Trade Square,CHEUNG SHA WAN / LAI CHI KOK,118144,5680,118144,20,22.3349378,114.1567759,0.0,0.0,4.0
Admiralty Centre - Tower 2,ADMIRALTY,118003,3116,118003,37,22.2791365,114.165544,0.0,4.0,20.0
"King's Road, 1063",QUARRY BAY,117828,3273,117828,36,22.2849855,114.213756,6.0,4.0,11.0
"Electric Road, 148",NORTH POINT,117796,4207,117796,28,22.2864911,114.1917255,6.0,8.0,20.0
"Electric Road, 148",NORTH POINT,117796,4207,117796,28,22.2864911,114.1917255,6.0,8.0,20.0
Hip Shing Hong Centre,CENTRAL,117648,2736,117648,43,22.2834479,114.1569173,20.0,5.0,20.0
Grand Century Place - Tower II,MONG KOK / TAI KOK TSUI,117468,3263,117468,36,22.3198474,114.1620857,0.0,6.0,20.0
Hanford Commercial Centre,JORDAN,117360,3912,117360,30,22.3038952,114.1714619,4.0,3.0,20.0
One Island South,WONG CHUK HANG,117348,5334,117348,22,22.2459198,114.1664957,0.0,1.0,3.0
Lippo Centre - Tower 2,ADMIRALTY,117315,2607,117315,45,22.2792541,114.1636196,1.0,3.0,17.0
Beautiful Group Tower,SHEUNG WAN,117060,3902,117060,30,22.2863943,114.1491375,5.0,3.0,20.0
"Sea View Estate, Block B",NORTH POINT,117000,6500,117000,18,22.2873828,114.1910307,3.0,4.0,16.0
Nina Tower,TSUEN WAN,116732,5306,116732,22,22.368611,114.113056,1.0,3.0,12.0
Chubb Tower (Windsor House),CAUSEWAY BAY,116532,3237,116532,36,22.280292,114.1864779,4.0,2.0,20.0
Mira Place Tower A (Miramar Tower),TSIM SHA TSUI,116160,2420,116160,48,22.301131,114.1726444,4.0,11.0,20.0
"Hing Fat Street, 88",NORTH POINT,116000,4000,116000,29,22.2857461,114.1907881,1.0,4.0,20.0
Convention Plaza Office Tower,WAN CHAI,115965,2577,115965,45,22.2809259,114.1740414,0.0,4.0,14.0
Kai Seng Commercial Centre,TSIM SHA TSUI,115920,4140,115920,28,22.2960291,114.1715518,4.0,7.0,20.0
Bank of East Asia Harbour View Centre,WAN CHAI,115880,2897,115880,40,22.2787113,114.1711527,2.0,4.0,20.0
Hing Wai Building,CENTRAL,115700,1780,115700,65,22.2818233,114.1562602,20.0,8.0,20.0
Cosco Tower,SHEUNG WAN,115695,2571,115695,45,22.2856235,114.1529485,10.0,10.0,20.0
Tsim Sha Tsui Centre - East Tower,TSIM SHA TSUI,115599,3503,115599,33,22.2976578,114.1778408,0.0,4.0,20.0
China Building,CENTRAL,115500,1925,115500,60,22.281752,114.156841,7.0,10.0,20.0
Capital Centre,WAN CHAI,115360,4120,115360,28,22.2794349,114.1772835,1.0,1.0,20.0
Yinhe Tower,WAN CHAI,115250,4610,115250,25,22.276022,114.1751471,2.0,2.0,12.0
Energy Plaza,TSIM SHA TSUI,114912,4256,114912,27,22.2999261,114.1767262,0.0,2.0,11.0
Energy Plaza,TSIM SHA TSUI,114912,4256,114912,27,22.2999261,114.1767262,0.0,2.0,11.0
Central Plaza,WAN CHAI,114642,1737,114642,66,22.2799097,114.1737282,0.0,0.0,0.0
Manning House,CENTRAL,114075,1521,114075,75,22.2819714,114.1561385,20.0,10.0,20.0
World Wide House,CENTRAL,113895,2531,113895,45,22.2825285,114.1578668,4.0,4.0,20.0
Mirror Tower,TSIM SHA TSUI,113858,3525,113858,32,22.297553,114.176456,1.0,3.0,20.0
China Insurance Group Building,SHEUNG WAN,113750,4550,113750,25,22.2863943,114.1491375,5.0,3.0,20.0
Allied Kajima Building,WAN CHAI,113620,2470,113620,46,22.2792687,114.176401,3.0,4.0,16.0
"Harbourfront, One",HUNG HOM / TO KWA WAN,113256,3146,113256,36,22.3173373,114.1879691,0.0,0.0,14.0
Shui On Centre,WAN CHAI,113256,2904,113256,39,22.2801875,114.1716875,0.0,5.0,11.0
One Hysan Avenue,CAUSEWAY BAY,113085,2513,113085,45,22.2780133,114.1838089,1.0,8.0,20.0
World Finance Centre - South,TSIM SHA TSUI,112694,3886,112694,29,22.2988123,114.1721746,3.0,6.0,20.0
China Building,CENTRAL,112680,1878,112680,60,22.281752,114.156841,7.0,10.0,20.0
Entertainment Building,CENTRAL,112630,1609,112630,70,22.2814411,114.1564406,18.0,12.0,20.0
Lippo Leighton Tower,CAUSEWAY BAY,112520,3880,112520,29,22.2773826,114.1855019,0.0,8.0,20.0
Grand Millennium Plaza,SHEUNG WAN,112385,3211,112385,35,22.2856235,114.1529485,10.0,10.0,20.0
"Hart Avenue, 8",TSIM SHA TSUI,112372,4322,112372,26,22.2981888,114.1746715,8.0,4.0,20.0
Hip Shing Hong Centre,CENTRAL,112176,2736,112176,41,22.2834479,114.1569173,20.0,5.0,20.0
1 Lyndhurst Tower,CENTRAL,112140,4005,112140,28,22.2826214,114.1546879,20.0,20.0,20.0
Siu On Centre,WAN CHAI,112008,4667,112008,24,22.2781247,114.1742393,6.0,8.0,20.0
Siu On Centre,WAN CHAI,112008,4667,112008,24,22.2781247,114.1742393,6.0,8.0,20.0
Siu On Centre,WAN CHAI,112008,4667,112008,24,22.2781247,114.1742393,6.0,8.0,20.0
Siu On Centre,WAN CHAI,112008,4667,112008,24,22.2781247,114.1742393,6.0,8.0,20.0
Lippo Centre - Tower 2,ADMIRALTY,112005,2489,112005,45,22.2792541,114.1636196,1.0,3.0,17.0
The Center,CENTRAL,111915,2487,111915,45,22.2846202,114.1547347,3.0,17.0,20.0
The Center,CENTRAL,111915,2487,111915,45,22.2846202,114.1547347,3.0,17.0,20.0
Ruttonjee Centre - Ruttonjee House,CENTRAL,111800,2236,111800,50,22.2799665,114.1568521,5.0,6.0,20.0
Kai Seng Commercial Centre,TSIM SHA TSUI,111780,4140,111780,27,22.2960291,114.1715518,4.0,7.0,20.0
Beautiful Group Tower,SHEUNG WAN,111720,2940,111720,38,22.2863943,114.1491375,5.0,3.0,20.0
World Finance Centre - North,TSIM SHA TSUI,111650,3850,111650,29,22.2988123,114.1721746,3.0,6.0,20.0
Wharf T & T Centre,TSIM SHA TSUI,111505,3845,111505,29,22.2970382,114.1686482,0.0,8.0,20.0
Prosperity Millennia Plaza,NORTH POINT,111504,4646,111504,24,22.2916983,114.2081683,1.0,1.0,5.0
Cubus,CAUSEWAY BAY,111400,2785,111400,40,22.2776817,114.1849653,0.0,13.0,20.0
"Heung Yip Road, 41",WONG CHUK HANG,111375,4455,111375,25,22.2477698,114.1632639,4.0,2.0,3.0
Loke Yew Building,CENTRAL,111360,2320,111360,48,22.28223,114.156059,20.0,8.0,20.0
Lee & Man Commercial Center,NORTH POINT,111300,4452,111300,25,22.287503,114.191589,4.0,6.0,20.0
"Grand Plaza Office Tower, One",MONG KOK / TAI KOK TSUI,111240,2472,111240,45,22.3203648,114.169773,5.0,8.0,20.0
The Centrium,CENTRAL,111188,2926,111188,38,22.2806003,114.1546621,7.0,7.0,20.0
The Centrium,CENTRAL,111150,2925,111150,38,22.2806003,114.1546621,7.0,7.0,20.0
China Building,CENTRAL,111060,1851,111060,60,22.281752,114.156841,7.0,10.0,20.0
Eastcore,KWUN TONG,110544,6909,110544,16,22.313354,114.2228428,12.0,6.0,20.0
Eastcore,KWUN TONG,110544,6909,110544,16,22.313354,114.2228428,12.0,6.0,20.0
"Electric Road, 148",NORTH POINT,110376,3942,110376,28,22.2864911,114.1917255,6.0,8.0,20.0
"Johnston Road, 208",WAN CHAI,110360,2759,110360,40,22.2773147,114.1762227,8.0,4.0,20.0
Beautiful Group Tower,SHEUNG WAN,110352,2904,110352,38,22.2863943,114.1491375,5.0,3.0,20.0
AIA Tower,NORTH POINT,110250,2625,110250,42,22.2880413,114.1923207,3.0,9.0,20.0
"Chinachem Exchange Square, Two",NORTH POINT,110225,4409,110225,25,22.2903966,114.1974685,3.0,0.0,10.0
Kinwick Centre,CENTRAL,110040,2751,110040,40,22.2820704,114.1532016,10.0,20.0,20.0
Cosmos Building,CENTRAL,109998,2700,109998,40,22.2806515,114.1556894,20.0,11.0,20.0
Marina 8,WONG CHUK HANG,109824,4576,109824,24,22.2484741,114.1677273,4.0,2.0,12.0
Marina 8,WONG CHUK HANG,109824,4576,109824,24,22.2484741,114.1677273,4.0,2.0,12.0
Capital Centre,WAN CHAI,109025,4361,109025,25,22.2794349,114.1772835,1.0,1.0,20.0
"Harbourfront, Two",HUNG HOM / TO KWA WAN,108990,3114,108990,35,22.3173373,114.1879691,0.0,0.0,14.0
China Resources Building,WAN CHAI,108615,1671,108615,65,22.2799943,114.1750916,0.0,0.0,5.0
Cubus,CAUSEWAY BAY,108360,2709,108360,40,22.2776817,114.1849653,0.0,13.0,20.0
Sino Plaza,CAUSEWAY BAY,108045,2205,108045,49,22.2814029,114.1824265,3.0,5.0,20.0
Ho Lee Commercial Building,CENTRAL,108004,1300,108004,83,,,,,
"Hart Avenue, 4",TSIM SHA TSUI,107996,3800,107996,28,22.2978209,114.174439,10.0,9.0,20.0
Gold Swan Commercial Buidling,CAUSEWAY BAY,107985,3140,107985,34,22.2793302,114.1816904,15.0,6.0,20.0
Millennium City 5 - BEA Tower,KWUN TONG,107926,4151,107926,26,22.3128725,114.2246845,3.0,13.0,20.0
Park Commercial Centre,CAUSEWAY BAY,107460,3582,107460,30,22.2819266,114.1920769,0.0,1.0,4.0
Cubus,CAUSEWAY BAY,107400,2685,107400,40,22.2776817,114.1849653,0.0,13.0,20.0
Chinachem Tower,CENTRAL,107325,2385,107325,45,22.2837458,114.1569637,6.0,6.0,20.0
Cubus,CAUSEWAY BAY,107240,2681,107240,40,22.2776817,114.1849653,0.0,13.0,20.0
Cubus,CAUSEWAY BAY,107220,3574,107220,30,22.2776817,114.1849653,0.0,13.0,20.0
"Duddell Street, 1",CENTRAL,107195,1949,107195,55,22.2802574,114.1572424,6.0,9.0,20.0
Valiant Commercial Building,TSIM SHA TSUI,107001,3963,107001,27,22.2988058,114.1749079,3.0,5.0,20.0
Cubus,CAUSEWAY BAY,106680,2667,106680,40,22.2776817,114.1849653,0.0,13.0,20.0
Century Square,CENTRAL,106600,2050,106600,52,22.281508,114.155987,20.0,7.0,20.0
"Johnston Road, 208",WAN CHAI,106590,2805,106590,38,22.2773147,114.1762227,8.0,4.0,20.0
Cubus,CAUSEWAY BAY,106520,2663,106520,40,22.2776817,114.1849653,0.0,13.0,20.0
YF Life Tower,WAN CHAI,106509,2731,106509,39,22.2785293,114.1699751,1.0,2.0,20.0
Cubus,CAUSEWAY BAY,106320,2658,106320,40,22.2776817,114.1849653,0.0,13.0,20.0
China Insurance Building,TSIM SHA TSUI,106288,3796,106288,28,22.2991175,114.1750077,2.0,5.0,20.0
Grand Millennium Plaza,SHEUNG WAN,106148,3122,106148,34,22.2856235,114.1529485,10.0,10.0,20.0
Trade Square,CHEUNG SHA WAN / LAI CHI KOK,105975,4710,105975,22,22.3349378,114.1567759,0.0,0.0,4.0
Chung Nam Building,WAN CHAI,105754,4807,105754,22,22.2785068,114.1689358,1.0,0.0,6.0
Queen's Road Centre,CENTRAL,105630,3018,105630,35,22.2844191,114.153728,7.0,6.0,20.0
Queen's Road Centre,CENTRAL,105630,3018,105630,35,22.2844191,114.153728,7.0,6.0,20.0
Queen's Road Centre,CENTRAL,105630,3018,105630,35,22.2844191,114.153728,7.0,6.0,20.0
Queen's Road Centre,CENTRAL,105630,3018,105630,35,22.2844191,114.153728,7.0,6.0,20.0
China Building,CENTRAL,105360,1756,105360,60,22.281752,114.156841,7.0,10.0,20.0
Lippo Sun Plaza,TSIM SHA TSUI,104800,3275,104800,32,22.2969792,114.1697718,6.0,8.0,20.0
Chuang's Tower,CENTRAL,104445,2321,104445,45,22.2835613,114.1570651,9.0,6.0,20.0
Chuang's Tower,CENTRAL,104445,2321,104445,45,22.2835613,114.1570651,9.0,6.0,20.0
Chuang's Tower,CENTRAL,104445,2321,104445,45,22.2835613,114.1570651,9.0,6.0,20.0
Central Plaza,WAN CHAI,104390,1898,104390,55,22.2799097,114.1737282,0.0,0.0,0.0
Beautiful Group Tower,SHEUNG WAN,104386,2546,104386,41,22.2863943,114.1491375,5.0,3.0,20.0
Sun Hung Kai Centre,WAN CHAI,104284,1682,104284,62,22.2804582,114.1768125,0.0,3.0,20.0
Pedder Building,CENTRAL,104260,802,104260,130,22.2818636,114.1570102,4.0,8.0,20.0
World Trade Centre,CAUSEWAY BAY,104160,2170,104160,48,22.2815279,114.1842189,2.0,14.0,20.0
Ruttonjee Centre - Ruttonjee House,CENTRAL,104100,2082,104100,50,22.2799665,114.1568521,5.0,6.0,20.0
One Hysan Avenue,CAUSEWAY BAY,103815,2307,103815,45,22.2780133,114.1838089,1.0,8.0,20.0
Queen's Road Centre,CENTRAL,103495,2957,103495,35,22.2844191,114.153728,7.0,6.0,20.0
Queen's Road Centre,CENTRAL,103495,2957,103495,35,22.2844191,114.153728,7.0,6.0,20.0
Queen's Road Centre,CENTRAL,103495,2957,103495,35,22.2844191,114.153728,7.0,6.0,20.0
KT336 / (Far East Factory Building),KWUN TONG,103350,7950,103350,13,22.3158632,114.2163412,1.0,1.0,0.0
Lippo Centre - Tower 2,ADMIRALTY,103329,2403,103329,43,22.2792541,114.1636196,1.0,3.0,17.0
Sun Hung Kai Centre,WAN CHAI,103235,1877,103235,55,22.2804582,114.1768125,0.0,3.0,20.0
Cubus,CAUSEWAY BAY,103110,3437,103110,30,22.2776817,114.1849653,0.0,13.0,20.0
Hang Lung Centre,CAUSEWAY BAY,102450,2049,102450,50,22.2802143,114.1859353,5.0,3.0,20.0
The Quayside Tower 2,KWUN TONG,102304,4448,102304,23,22.3165336,114.2137085,0.0,3.0,20.0
"Central Des Voeux, 308",SHEUNG WAN,102220,2690,102220,38,22.2866328,114.1506702,10.0,6.0,20.0
"Gloucester Road, 80",WAN CHAI,102000,2500,102000,40,22.2790306,114.1729085,1.0,4.0,20.0
Trade Square,CHEUNG SHA WAN / LAI CHI KOK,101926,4510,101926,22,22.3349378,114.1567759,0.0,0.0,4.0
YF Life Tower,WAN CHAI,101907,2613,101907,39,22.2785293,114.1699751,1.0,2.0,20.0
Bank of East Asia Harbour View Centre,WAN CHAI,101440,2536,101440,40,22.2787113,114.1711527,2.0,4.0,20.0
Great Eagle Centre,WAN CHAI,101424,2113,101424,48,22.28092,114.175095,0.0,6.0,20.0
Nathan Hill,TSIM SHA TSUI,101395,2897,101395,35,22.2988123,114.1721746,3.0,6.0,20.0
"Gateway, The - Tower 1",TSIM SHA TSUI,101376,2112,101376,48,22.2988123,114.1721746,3.0,6.0,20.0
The Center,CENTRAL,101283,2067,101283,49,22.2846202,114.1547347,3.0,17.0,20.0
Jubilee Centre,WAN CHAI,101255,2893,101255,35,22.2789226,114.1706823,0.0,2.0,20.0
Hing Wai Building,CENTRAL,101075,1555,101075,65,22.2818233,114.1562602,20.0,8.0,20.0
Nathan Hill,TSIM SHA TSUI,101010,2886,101010,35,22.2988123,114.1721746,3.0,6.0,20.0
The Centrium,CENTRAL,100960,2524,100960,40,22.2806003,114.1546621,7.0,7.0,20.0
K Wah Centre,NORTH POINT,100863,4803,100863,21,22.2932357,114.2047775,0.0,2.0,0.0
Admiralty Centre - Tower 1,ADMIRALTY,100320,2640,100320,38,22.2792728,114.1650221,0.0,4.0,20.0
Lippo Centre - Tower 2,ADMIRALTY,100303,2047,100303,49,22.2792541,114.1636196,1.0,3.0,17.0
Lippo Centre - Tower 2,ADMIRALTY,100296,2388,100296,42,22.2792541,114.1636196,1.0,3.0,17.0
Bank of Dongguan Tower (BOC Group Life Assurance Tower),SHEUNG WAN,100285,3235,100285,31,22.2863943,114.1491375,5.0,3.0,20.0
Bank of Dongguan Tower (BOC Group Life Assurance Tower),SHEUNG WAN,100285,3235,100285,31,22.2863943,114.1491375,5.0,3.0,20.0
Bank of Dongguan Tower (BOC Group Life Assurance Tower),SHEUNG WAN,100285,3235,100285,31,22.2863943,114.1491375,5.0,3.0,20.0
Bank of Dongguan Tower (BOC Group Life Assurance Tower),SHEUNG WAN,100285,3235,100285,31,22.2863943,114.1491375,5.0,3.0,20.0
Bank of Dongguan Tower (BOC Group Life Assurance Tower),SHEUNG WAN,100285,3235,100285,31,22.2863943,114.1491375,5.0,3.0,20.0
Lippo Sun Plaza,TSIM SHA TSUI,100110,3337,100110,30,22.2969792,114.1697718,6.0,8.0,20.0
Genesis,WONG CHUK HANG,100080,5560,100080,18,22.2459198,114.1664957,0.0,1.0,3.0
Dominion Centre,WAN CHAI,100072,3574,100072,28,22.2764258,114.1692496,2.0,11.0,20.0
Wyndham Place,CENTRAL,100015,3480,100015,28,22.2801595,114.1550448,9.0,9.0,20.0
Wyndham Place,CENTRAL,100015,3480,100015,28,22.2801595,114.1550448,9.0,9.0,20.0
Bartlock Centre,CAUSEWAY BAY,100008,2380,100008,42,22.2777039,114.1821166,13.0,20.0,20.0
Chinese Club Building,CENTRAL,100001,2798,100001,35,22.2831931,114.1574282,9.0,3.0,20.0
Citicorp Centre,NORTH POINT,100000,4000,100000,25,22.2862718,114.1902927,0.0,4.0,16.0
"Gloucester Road, 80",WAN CHAI,100000,2500,100000,40,22.2790306,114.1729085,1.0,4.0,20.0
Vincent Commercial Centre,TSIM SHA TSUI,99996,1200,99996,83,22.3028984,114.1732196,15.0,3.0,20.0
Mirror Tower,TSIM SHA TSUI,99847,3130,99847,31,22.297553,114.176456,1.0,3.0,20.0
Bank of Dongguan Tower (BOC Group Life Assurance Tower),SHEUNG WAN,99789,3219,99789,31,22.2863943,114.1491375,5.0,3.0,20.0
Henan Building,WAN CHAI,99760,4988,99760,20,22.2784926,114.1715012,3.0,6.0,20.0
Henan Building,WAN CHAI,99600,4980,99600,20,22.2784926,114.1715012,3.0,6.0,20.0
Aura On Pennington,CAUSEWAY BAY,99480,1658,99480,60,22.2791776,114.1859953,7.0,5.0,20.0
The Center,CENTRAL,99477,1579,99477,63,22.2846202,114.1547347,3.0,17.0,20.0
Millennium City 5 - BEA Tower,KWUN TONG,99416,2924,99416,34,22.3128725,114.2246845,3.0,13.0,20.0
COFCO Tower,CAUSEWAY BAY,99120,2065,99120,48,22.2815626,114.1828848,3.0,11.0,20.0
35 QRC,CENTRAL,99100,1982,99100,50,22.2822853,114.1563548,20.0,8.0,20.0
35 QRC,CENTRAL,99100,1982,99100,50,22.2822853,114.1563548,20.0,8.0,20.0
35 QRC,CENTRAL,99100,1982,99100,50,22.2822853,114.1563548,20.0,8.0,20.0
35 QRC,CENTRAL,99100,1982,99100,50,22.2822853,114.1563548,20.0,8.0,20.0
Wai Lan House - Res,CENTRAL,98987,1468,98987,67,22.2805997,114.1555813,20.0,9.0,20.0
World Finance Centre - North,TSIM SHA TSUI,98970,3299,98970,30,22.2988123,114.1721746,3.0,6.0,20.0
Printing House,CENTRAL,98890,1798,98890,55,22.279818,114.1571925,2.0,3.0,20.0
"Harbourfront, One",HUNG HOM / TO KWA WAN,98856,2746,98856,36,22.3173373,114.1879691,0.0,0.0,14.0
Tai Tung Building,WAN CHAI,98600,2900,98600,34,22.2773668,114.1746362,4.0,5.0,20.0
Shun Tak Centre - West Tower,SHEUNG WAN,98560,2816,98560,35,22.2880334,114.1512041,0.0,1.0,20.0
Cubus,CAUSEWAY BAY,98430,3281,98430,30,22.2776817,114.1849653,0.0,13.0,20.0
Tern Centre - Block 2,SHEUNG WAN,98007,2969,98007,33,22.2848965,114.1513687,13.0,16.0,20.0
Wing On House,CENTRAL,98000,2800,98000,35,22.283883,114.156478,8.0,6.0,20.0
Lippo Centre - Tower 2,ADMIRALTY,97996,2270,97996,43,22.2792541,114.1636196,1.0,3.0,17.0
China Hong Kong City - Tower 5,TSIM SHA TSUI,97907,5153,97907,19,22.3008733,114.1679008,0.0,5.0,15.0
United Asia Finance Centre,WAN CHAI,97680,2960,97680,33,22.276022,114.1751471,2.0,2.0,12.0
China Hong Kong City - Tower 2,TSIM SHA TSUI,97636,3487,97636,28,22.3008733,114.1679008,0.0,5.0,15.0
Aura On Pennington,CAUSEWAY BAY,97400,1948,97400,50,22.2791776,114.1859953,7.0,5.0,20.0
Aura On Pennington,CAUSEWAY BAY,97400,1948,97400,50,22.2791776,114.1859953,7.0,5.0,20.0
"Gateway, The - Tower 1",TSIM SHA TSUI,97200,2700,97200,36,22.2988123,114.1721746,3.0,6.0,20.0
Shun Tak Centre - West Tower,SHEUNG WAN,96862,2549,96862,38,22.2880334,114.1512041,0.0,1.0,20.0
Lippo Centre - Tower 2,ADMIRALTY,96840,2152,96840,45,22.2792541,114.1636196,1.0,3.0,17.0
Shun Tak Centre - West Tower,SHEUNG WAN,96624,2013,96624,48,22.2880334,114.1512041,0.0,1.0,20.0
299QRC,SHEUNG WAN,96570,3330,96570,29,22.2849577,114.150647,9.0,20.0,20.0
Shun Tak Centre - West Tower,SHEUNG WAN,96492,1892,96492,51,22.2880334,114.1512041,0.0,1.0,20.0
Genesis,WONG CHUK HANG,96424,6019,96424,16,22.2459198,114.1664957,0.0,1.0,3.0
Henry House,CAUSEWAY BAY,96001,1901,96001,50,22.2792127,114.1846448,10.0,14.0,20.0
Henry House,CAUSEWAY BAY,96001,1901,96001,50,22.2792127,114.1846448,10.0,14.0,20.0
Henry House,CAUSEWAY BAY,96001,1901,96001,50,22.2792127,114.1846448,10.0,14.0,20.0
Henry House,CAUSEWAY BAY,96001,1901,96001,50,22.2792127,114.1846448,10.0,14.0,20.0
The Center,CENTRAL,95795,1955,95795,49,22.2846202,114.1547347,3.0,17.0,20.0
World Trade Centre,CAUSEWAY BAY,95400,2385,95400,40,22.2815279,114.1842189,2.0,14.0,20.0
New Mandarin Plaza - Tower B,TSIM SHA TSUI,95200,2975,95200,32,22.3005491,114.1786611,1.0,6.0,20.0
China Hong Kong City - Tower 5,TSIM SHA TSUI,95172,3399,95172,28,22.3008733,114.1679008,0.0,5.0,15.0
K11 Atelier King's Road,QUARRY BAY,95040,2112,95040,45,22.2883738,114.209851,1.0,1.0,20.0
Overseas Trust Bank Building,WAN CHAI,95000,3800,95000,25,22.2799271,114.1774112,0.0,1.0,20.0
Dah Sing Financial Centre,WAN CHAI,94760,2369,94760,40,22.2747521,114.1735215,2.0,8.0,20.0
Lippo Centre - Tower 1,ADMIRALTY,94731,2429,94731,39,22.2791796,114.1636752,0.0,3.0,17.0
Tsim Sha Tsui Centre - West Tower,TSIM SHA TSUI,94550,3050,94550,31,22.2976578,114.1778408,0.0,4.0,20.0
Plaza 2000,CAUSEWAY BAY,94360,2359,94360,40,22.2786238,114.1816028,7.0,15.0,20.0
OfficePlus@Wan Chai (CRE Building),WAN CHAI,94133,3423,94133,27,22.2783772,114.1776866,4.0,5.0,20.0
Island Place Tower,NORTH POINT,93800,3752,93800,25,22.2914596,114.2030318,1.0,4.0,20.0
K Wah Centre,NORTH POINT,93618,5201,93618,18,22.2932357,114.2047775,0.0,2.0,0.0
Fortis Tower,WAN CHAI,93600,3120,93600,30,22.2788236,114.1726785,1.0,7.0,20.0
Gravity,KWUN TONG,93600,4680,93600,20,22.3103686,114.2227035,7.0,4.0,20.0
Nan Fung Tower,SHEUNG WAN,93375,2075,93375,45,22.2863943,114.1491375,5.0,3.0,20.0
Prosperity Millennia Plaza,NORTH POINT,93280,4664,93280,20,22.2916983,114.2081683,1.0,1.0,5.0
Far East Finance Centre,ADMIRALTY,93062,2449,93062,38,22.279965,114.1640653,1.0,2.0,20.0
Oliv,CAUSEWAY BAY,92997,2087,92997,44,22.2778545,114.1821968,12.0,20.0,20.0
China Hong Kong Tower,WAN CHAI,92934,3442,92934,27,22.2775703,114.1685479,3.0,8.0,20.0
"Chinachem Exchange Square, Two",NORTH POINT,92818,4219,92818,22,22.2903966,114.1974685,3.0,0.0,10.0
Tai Yau Building,WAN CHAI,92580,3086,92580,30,22.276967,114.17455,3.0,8.0,20.0
The Center,CENTRAL,92500,1850,92500,50,22.2846202,114.1547347,3.0,17.0,20.0
The Centrium,CENTRAL,92454,2433,92454,38,22.2806003,114.1546621,7.0,7.0,20.0
Emperor Group Centre,WAN CHAI,92428,3301,92428,28,22.2775389,114.1768655,4.0,2.0,20.0
New Henry House,CENTRAL,92260,1318,92260,70,22.2808196,114.1584629,2.0,16.0,20.0
Sun Hung Kai Centre,WAN CHAI,92232,1647,92232,56,22.2804582,114.1768125,0.0,3.0,20.0
Admiralty Centre - Tower 1,ADMIRALTY,91960,2420,91960,38,22.2792728,114.1650221,0.0,4.0,20.0
Golden Centre,SHEUNG WAN,91812,2186,91812,42,22.2859473,114.1533641,5.0,7.0,20.0
Nan Fung Tower,SHEUNG WAN,91808,2416,91808,38,22.2863943,114.1491375,5.0,3.0,20.0
New Henry House,CENTRAL,91700,1310,91700,70,22.2808196,114.1584629,2.0,16.0,20.0
"King's Road, 383",NORTH POINT,91582,3158,91582,29,22.290995,114.198385,2.0,0.0,20.0
Sands Building,TSIM SHA TSUI,91456,2858,91456,32,22.2965222,114.1709494,8.0,3.0,20.0
Technology Plaza,NORTH POINT,91397,4687,91397,19,,,,,
Wheelock House,CENTRAL,91256,1342,91256,68,22.282005,114.1573585,7.0,4.0,20.0
Tern Commercial Building,TSIM SHA TSUI,91080,2070,91080,44,22.3002277,114.1745591,7.0,6.0,20.0
Tern Commercial Building,TSIM SHA TSUI,91080,2070,91080,44,22.3002277,114.1745591,7.0,6.0,20.0
Koho,KWUN TONG,90593,5329,90593,17,22.3088772,114.2241431,4.0,3.0,20.0
C C Wu Building,WAN CHAI,90580,3235,90580,28,22.2777777,114.1778408,6.0,6.0,20.0
New Henry House,CENTRAL,90580,1294,90580,70,22.2808196,114.1584629,2.0,16.0,20.0
"Gateway, The - Tower 6",TSIM SHA TSUI,90520,2263,90520,40,22.2981807,114.1676828,0.0,6.0,20.0
Kowloon Building,MONG KOK / TAI KOK TSUI,90453,2741,90453,33,22.3141684,114.1701775,7.0,12.0,20.0
New Henry House,CENTRAL,90370,1291,90370,70,22.2808196,114.1584629,2.0,16.0,20.0
Central Plaza,WAN CHAI,90255,1641,90255,55,22.2799097,114.1737282,0.0,0.0,0.0
Lippo Sun Plaza,TSIM SHA TSUI,90210,2910,90210,31,22.2969792,114.1697718,6.0,8.0,20.0
United Centre,ADMIRALTY,90055,2573,90055,35,22.2784312,114.1654177,0.0,5.0,12.0
Bowa House,TSIM SHA TSUI,90008,2682,90008,33,22.302898,114.1720798,8.0,7.0,20.0
New Mandarin Plaza - Tower A,TSIM SHA TSUI,90000,4500,90000,20,22.3005491,114.1786611,1.0,6.0,20.0
Morrison Plaza,WAN CHAI,89987,3496,89987,25,22.2778813,114.1800469,5.0,5.0,20.0
Ocean Centre,TSIM SHA TSUI,89856,1872,89856,48,22.296249,114.1689005,0.0,6.0,16.0
"Des Voeux Road West, 9",SHEUNG WAN,89824,3208,89824,28,22.2879843,114.1471659,0.0,3.0,12.0
Fortis Tower,WAN CHAI,89700,2990,89700,30,22.2788236,114.1726785,1.0,7.0,20.0
Harbour Centre,WAN CHAI,89552,1544,89552,58,22.2811111,114.1755556,0.0,7.0,20.0
35 QRC,CENTRAL,89190,1982,89190,45,22.2822853,114.1563548,20.0,8.0,20.0
35 QRC,CENTRAL,89190,1982,89190,45,22.2822853,114.1563548,20.0,8.0,20.0
35 QRC,CENTRAL,89190,1982,89190,45,22.2822853,114.1563548,20.0,8.0,20.0
35 QRC,CENTRAL,89190,1982,89190,45,22.2822853,114.1563548,20.0,8.0,20.0
"Hing Fat Street, 88",NORTH POINT,89100,2700,89100,33,22.2857461,114.1907881,1.0,4.0,20.0
"King's Road, 383",NORTH POINT,89088,3072,89088,29,22.290995,114.198385,2.0,0.0,20.0
Macau Yat Yuen Centre,CAUSEWAY BAY,88995,1645,88995,54,22.2803049,114.1837497,2.0,20.0,20.0
Macau Yat Yuen Centre,CAUSEWAY BAY,88995,1645,88995,54,22.2803049,114.1837497,2.0,20.0,20.0
Macau Yat Yuen Centre,CAUSEWAY BAY,88995,1645,88995,54,22.2803049,114.1837497,2.0,20.0,20.0
Macau Yat Yuen Centre,CAUSEWAY BAY,88995,1645,88995,54,22.2803049,114.1837497,2.0,20.0,20.0
Macau Yat Yuen Centre,CAUSEWAY BAY,88995,1645,88995,54,22.2803049,114.1837497,2.0,20.0,20.0
Infinitus Plaza,SHEUNG WAN,88971,1893,88971,47,22.2864399,114.1536781,2.0,8.0,20.0
Millennium City 1 - Tower 01,KWUN TONG,88827,3063,88827,29,22.3136835,114.2212449,1.0,3.0,20.0
Three Garden Road - ICBC Tower,CENTRAL,88815,955,88815,93,22.2783737,114.1609727,1.0,3.0,10.0
Beautiful Group Tower,SHEUNG WAN,88396,2156,88396,41,22.2863943,114.1491375,5.0,3.0,20.0
World Wide House,CENTRAL,88284,2102,88284,42,22.2825285,114.1578668,4.0,4.0,20.0
Inter-Continental Plaza,TSIM SHA TSUI,88250,3530,88250,25,22.2993813,114.1765868,0.0,2.0,20.0
299QRC,SHEUNG WAN,88196,1297,88196,68,22.2849577,114.150647,9.0,20.0,20.0
Centre Point,WAN CHAI,88128,3672,88128,24,22.2785368,114.1709438,2.0,3.0,20.0
Metroplaza - Tower 01,KWAI CHUNG,88020,3260,88020,27,22.3574364,114.1266565,1.0,1.0,20.0
Overseas Trust Bank Building,WESTERN / KENNEDY TOWN,88011,3850,88011,22,22.2822235,114.1292619,1.0,1.0,20.0
H8,TSIM SHA TSUI,88001,2188,88001,40,22.2995904,114.1745566,6.0,9.0,20.0
Unicorn Trade Centre,CENTRAL,88000,2200,88000,40,22.2852682,114.1552761,4.0,14.0,20.0
Hart House,TSIM SHA TSUI,87999,3286,87999,26,22.2983031,114.1750029,6.0,4.0,20.0
Hang Lung House,SHEUNG WAN,87989,2604,87989,33,22.2848065,114.1526231,7.0,12.0,20.0
So Hong Commercial Building,SHEUNG WAN,87977,4818,87977,18,22.2850852,114.1517059,14.0,18.0,20.0
Hopewell Centre,WAN CHAI,87975,1955,87975,45,22.2746386,114.1717253,3.0,10.0,20.0
Shui On Centre,WAN CHAI,87975,1955,87975,45,22.2801875,114.1716875,0.0,5.0,11.0
Beverly House,WAN CHAI,87900,3516,87900,25,22.278259,114.172151,3.0,8.0,20.0
Prosperous Building,CENTRAL,87760,2194,87760,40,22.2833466,114.1564528,20.0,7.0,20.0
Cosco Tower,SHEUNG WAN,87666,2307,87666,38,22.2856235,114.1529485,10.0,10.0,20.0
Aura On Pennington,CAUSEWAY BAY,87660,1948,87660,45,22.2791776,114.1859953,7.0,5.0,20.0
Wing On House,CENTRAL,87648,2739,87648,32,22.283883,114.156478,8.0,6.0,20.0
Cheong K. Building,CENTRAL,87500,2500,87500,35,22.284439,114.155401,3.0,14.0,20.0
One Harbour Square,KWUN TONG,87500,3500,87500,25,22.3094312,114.2205864,0.0,3.0,3.0
Ocean Building,JORDAN,87300,3492,87300,25,22.3049519,114.1693183,1.0,1.0,20.0
Cosco Tower,SHEUNG WAN,86900,1580,86900,55,22.2856235,114.1529485,10.0,10.0,20.0
Hopewell Centre,WAN CHAI,86895,1931,86895,45,22.2746386,114.1717253,3.0,10.0,20.0
World Finance Centre - North,TSIM SHA TSUI,86797,2993,86797,29,22.2988123,114.1721746,3.0,6.0,20.0
Bartlock Centre,CAUSEWAY BAY,86604,2062,86604,42,22.2777039,114.1821166,13.0,20.0,20.0
Allied Kajima Building,WAN CHAI,86480,1880,86480,46,22.2792687,114.176401,3.0,4.0,16.0
"King's Road, 383",NORTH POINT,86478,2982,86478,29,22.290995,114.198385,2.0,0.0,20.0
"Hing Fat Street, 88",NORTH POINT,86400,2700,86400,32,22.2857461,114.1907881,1.0,4.0,20.0
Millennium City 1 - Tower 01,KWUN TONG,86232,3593,86232,24,22.3136835,114.2212449,1.0,3.0,20.0
Millennium City 1 - Tower 01,KWUN TONG,86232,3593,86232,24,22.3136835,114.2212449,1.0,3.0,20.0
Tai Yau Building,WAN CHAI,86160,2872,86160,30,22.276967,114.17455,3.0,8.0,20.0
Bank of America Tower,CENTRAL,85992,1799,85992,47,,,,,
"Observatory Road, 8",TSIM SHA TSUI,85985,4310,85985,19,22.30117,114.17572,1.0,6.0,20.0
Great Eagle Centre,WAN CHAI,85968,1791,85968,48,22.28092,114.175095,0.0,6.0,20.0
Lippo Centre - Tower 1,ADMIRALTY,85950,1910,85950,45,22.2791796,114.1636752,0.0,3.0,17.0
Tung Hip Commercial Building,SHEUNG WAN,85920,3580,85920,24,22.2862512,114.1521567,15.0,8.0,20.0
Two Chinachem Plaza,SHEUNG WAN,85890,2045,85890,42,22.2863943,114.1491375,5.0,3.0,20.0
Cosco Tower,SHEUNG WAN,85842,2259,85842,38,22.2856235,114.1529485,10.0,10.0,20.0
Chinachem Tower,CENTRAL,85725,1905,85725,45,22.2837458,114.1569637,6.0,6.0,20.0
Grand Century Place - Tower II,MONG KOK / TAI KOK TSUI,85356,2371,85356,36,22.3198474,114.1620857,0.0,6.0,20.0
Hollywood Centre,SHEUNG WAN,85289,2941,85289,29,22.285523,114.1482076,2.0,8.0,20.0
Tai Tung Building,WAN CHAI,85238,2507,85238,34,22.2773668,114.1746362,4.0,5.0,20.0
Beautiful Group Tower,SHEUNG WAN,85140,2580,85140,33,22.2863943,114.1491375,5.0,3.0,20.0
The Centrium,CENTRAL,85044,2238,85044,38,22.2806003,114.1546621,7.0,7.0,20.0
Neich Tower,WAN CHAI,84997,3013,84997,28,22.2792685,114.1757735,2.0,4.0,8.0
Lippo Sun Plaza,TSIM SHA TSUI,84975,2575,84975,33,22.2969792,114.1697718,6.0,8.0,20.0
LHT Tower,CENTRAL,84830,998,84830,85,22.2821589,114.1566345,17.0,8.0,20.0
LKF29 (Onfem Tower),CENTRAL,84512,2224,84512,38,22.280332,114.155545,11.0,10.0,20.0
New World Tower 1,CENTRAL,84450,1126,84450,75,22.280329,114.1568538,6.0,11.0,20.0
"Gateway, The - Tower 1",TSIM SHA TSUI,84284,2218,84284,38,22.2988123,114.1721746,3.0,6.0,20.0
Omega Plaza,MONG KOK / TAI KOK TSUI,84240,3240,84240,26,22.3198474,114.1620857,0.0,6.0,20.0
Shun Tak Centre - China Merchants Tower,SHEUNG WAN,84040,1528,84040,55,22.287639,114.1524863,1.0,3.0,20.0
Eastmark,KOWLOON BAY,84032,5252,84032,16,22.322232,114.211175,5.0,4.0,20.0
"Hing Fat Street, 88",NORTH POINT,84000,2800,84000,30,22.2857461,114.1907881,1.0,4.0,20.0
Shun On Commercial Building,CENTRAL,84000,3000,84000,28,22.2849974,114.1551059,6.0,19.0,20.0
The Centrium,CENTRAL,84000,2100,84000,40,22.2806003,114.1546621,7.0,7.0,20.0
"Harbourfront, One",HUNG HOM / TO KWA WAN,83988,2333,83988,36,22.3173373,114.1879691,0.0,0.0,14.0
Shun Tak Centre - China Merchants Tower,SHEUNG WAN,83820,1524,83820,55,22.287639,114.1524863,1.0,3.0,20.0
Dah Sing Financial Centre,WAN CHAI,83808,2328,83808,36,22.2747521,114.1735215,2.0,8.0,20.0
Guangdong Finance Building,SHEUNG WAN,83720,3640,83720,23,22.2882584,114.1457546,0.0,0.0,11.0
The Centrium,CENTRAL,83676,2202,83676,38,22.2806003,114.1546621,7.0,7.0,20.0
One Capital Place,WAN CHAI,83433,2877,83433,29,22.2784631,114.1719656,3.0,7.0,20.0
"Cheung Sha Wan Road, 909",CHEUNG SHA WAN / LAI CHI KOK,83408,3208,83408,26,22.3362653,114.1462645,2.0,4.0,7.0
Ocean Centre,TSIM SHA TSUI,83280,2776,83280,30,22.296249,114.1689005,0.0,6.0,16.0
Harcourt House,WAN CHAI,83118,1979,83118,42,22.2790727,114.1698835,0.0,0.0,10.0
Woon Lee Commercial Building,TSIM SHA TSUI,83030,3610,83030,23,22.3020814,114.1759134,1.0,5.0,20.0
"Ashley Road, 17-19",TSIM SHA TSUI,83000,1815,83000,45,22.2969395,114.1703468,12.0,7.0,20.0
Admiralty Centre - Tower 1,ADMIRALTY,82950,2370,82950,35,22.2792728,114.1650221,0.0,4.0,20.0
COFCO Tower,CAUSEWAY BAY,82944,1728,82944,48,22.2815626,114.1828848,3.0,11.0,20.0
Harcourt House,WAN CHAI,82866,1973,82866,42,22.2790727,114.1698835,0.0,0.0,10.0
Island Place Tower,NORTH POINT,82575,3303,82575,25,22.2914596,114.2030318,1.0,4.0,20.0
Infinitus Plaza,SHEUNG WAN,82530,1965,82530,42,22.2864399,114.1536781,2.0,8.0,20.0
"Hoi Bun Road, 163",KWUN TONG,82480,5573,82480,14,22.3109184,114.2191092,0.0,0.0,1.0
Tesbury Centre,WAN CHAI,82180,4109,82180,20,22.2773482,114.1684007,3.0,10.0,20.0
OfficePlus@Wan Chai (CRE Building),WAN CHAI,82152,3423,82152,24,22.2783772,114.1776866,4.0,5.0,20.0
Shui On Centre,WAN CHAI,82095,2105,82095,39,22.2801875,114.1716875,0.0,5.0,11.0
Health Aura,CAUSEWAY BAY,82035,1823,82035,45,22.278644,114.186537,1.0,5.0,20.0
Wilson House,CENTRAL,82005,2485,82005,33,22.2804986,114.1557097,19.0,11.0,20.0
Bangkok Bank Building,SHEUNG WAN,81995,3565,81995,23,22.286607,114.1487952,5.0,3.0,20.0
Bangkok Bank Building,SHEUNG WAN,81995,3565,81995,23,22.286607,114.1487952,5.0,3.0,20.0
Health Aura,CAUSEWAY BAY,81900,1820,81900,45,22.278644,114.186537,1.0,5.0,20.0
Lippo Centre - Tower 1,ADMIRALTY,81900,2100,81900,39,22.2791796,114.1636752,0.0,3.0,17.0
Cosco Tower,SHEUNG WAN,81895,1489,81895,55,22.2856235,114.1529485,10.0,10.0,20.0
One Capital Place,WAN CHAI,81864,3032,81864,27,22.2784631,114.1719656,3.0,7.0,20.0
Kai Tak Commercial Building,SHEUNG WAN,81822,3147,81822,26,22.2872433,114.1506702,2.0,6.0,20.0
Two Chinachem Plaza,SHEUNG WAN,81800,2045,81800,40,22.2863943,114.1491375,5.0,3.0,20.0
Loke Yew Building,CENTRAL,81792,1704,81792,48,22.28223,114.156059,20.0,8.0,20.0
New Mandarin Plaza - Tower B,TSIM SHA TSUI,81510,2717,81510,30,22.3005491,114.1786611,1.0,6.0,20.0
Bangkok Bank Building,SHEUNG WAN,81420,3540,81420,23,22.286607,114.1487952,5.0,3.0,20.0
Bangkok Bank Building,SHEUNG WAN,81420,3540,81420,23,22.286607,114.1487952,5.0,3.0,20.0
Island Place Tower,NORTH POINT,81356,3698,81356,22,22.2914596,114.2030318,1.0,4.0,20.0
The Centrium,CENTRAL,81130,2135,81130,38,22.2806003,114.1546621,7.0,7.0,20.0
Wing On House,CENTRAL,80919,2997,80919,27,22.283883,114.156478,8.0,6.0,20.0
Prosperity Tower,CENTRAL,80840,1720,80840,47,22.2825424,114.1562254,20.0,7.0,20.0
Kundamal House,TSIM SHA TSUI,80668,2881,80668,28,22.2986475,114.1741186,5.0,5.0,20.0
Chao's Building,SHEUNG WAN,80640,3360,80640,24,22.2864326,114.1487956,6.0,3.0,20.0
Leighton Centre,CAUSEWAY BAY,80640,1680,80640,48,22.2776353,114.1829035,12.0,16.0,20.0
Chinachem Golden Plaza,TSIM SHA TSUI,80620,2780,80620,29,22.2988123,114.1721746,3.0,6.0,20.0
Island Place Tower,NORTH POINT,80460,2682,80460,30,22.2914596,114.2030318,1.0,4.0,20.0
Parker House,CENTRAL,80400,1340,80400,60,22.2828348,114.1555335,20.0,9.0,20.0
Nan Fung Tower,SHEUNG WAN,80218,2111,80218,38,22.2863943,114.1491375,5.0,3.0,20.0
Grand Millennium Plaza,SHEUNG WAN,80010,2286,80010,35,22.2856235,114.1529485,10.0,10.0,20.0
Beautiful Group Tower,SHEUNG WAN,80003,1147,80003,69,22.2863943,114.1491375,5.0,3.0,20.0
Lamma Tower,TSIM SHA TSUI,79998,1937,79998,41,22.2996133,114.1738698,5.0,3.0,20.0
Blissful Building,SHEUNG WAN,79996,3021,79996,26,22.2866586,114.1523939,10.0,6.0,20.0
Star House,TSIM SHA TSUI,79995,1360,79995,58,22.2946183,114.1691682,0.0,4.0,20.0
COFCO Tower,CAUSEWAY BAY,79968,1666,79968,48,22.2815626,114.1828848,3.0,11.0,20.0
Winsome House,CENTRAL,79905,2283,79905,35,22.2816782,114.1548599,20.0,6.0,20.0
Lee & Man Commercial Center,NORTH POINT,79872,3328,79872,24,22.287503,114.191589,4.0,6.0,20.0
East Ocean Centre,TSIM SHA TSUI,79820,3070,79820,26,22.3003823,114.1777233,1.0,7.0,20.0
China Resources Building,WAN CHAI,79800,1330,79800,60,22.2799943,114.1750916,0.0,0.0,5.0
"Pacific Place, Five (Hennessy Road, 28)",WAN CHAI,79800,1330,79800,60,22.2774464,114.1692851,5.0,7.0,20.0
Millennium City 6,KWUN TONG,79407,2941,79407,27,22.3103686,114.2227035,7.0,4.0,20.0
East Ocean Centre,TSIM SHA TSUI,79320,2644,79320,30,22.3003823,114.1777233,1.0,7.0,20.0
35 QRC,CENTRAL,79280,1982,79280,40,22.2822853,114.1563548,20.0,8.0,20.0
35 QRC,CENTRAL,79280,1982,79280,40,22.2822853,114.1563548,20.0,8.0,20.0
"Metropolis Tower, The",HUNG HOM / TO KWA WAN,79068,2396,79068,33,22.30364,114.1833002,0.0,0.0,16.0
LL Tower,CENTRAL,79002,2327,79002,33,22.2820773,114.153466,11.0,20.0,20.0
Mirror Tower,TSIM SHA TSUI,78802,2380,78802,33,22.297553,114.176456,1.0,3.0,20.0
Hollywood Centre,SHEUNG WAN,78793,2717,78793,29,22.285523,114.1482076,2.0,8.0,20.0
Millennium City 2,KWUN TONG,78759,2917,78759,27,22.3144685,114.2201636,2.0,0.0,4.0
Carnarvon Plaza,TSIM SHA TSUI,78501,1964,78501,39,22.2992107,114.1732428,8.0,11.0,20.0
"Hing Fat Street, 88",NORTH POINT,78300,2700,78300,29,22.2857461,114.1907881,1.0,4.0,20.0
"Queen's Road Central, 9",CENTRAL,78280,1957,78280,40,22.2803695,114.1581007,3.0,12.0,20.0
Century Square,CENTRAL,78208,1504,78208,52,22.281508,114.155987,20.0,7.0,20.0
Millennium City 1 - Tower 01,KWUN TONG,78126,2694,78126,29,22.3136835,114.2212449,1.0,3.0,20.0
YF Life Centre,WAN CHAI,78080,1952,78080,40,22.279064,114.1693057,0.0,0.0,2.0
Golden Star Building,WAN CHAI,78000,1000,78000,78,22.2781127,114.1698988,2.0,1.0,20.0
Astoria Building,TSIM SHA TSUI,77990,2200,77990,35,22.2975606,114.1705723,11.0,4.0,20.0
China Insurance Building,TSIM SHA TSUI,77980,2785,77980,28,22.2991175,114.1750077,2.0,5.0,20.0
Health Aura,CAUSEWAY BAY,77960,1949,77960,40,22.278644,114.186537,1.0,5.0,20.0
Cosco Tower,SHEUNG WAN,77935,1417,77935,55,22.2856235,114.1529485,10.0,10.0,20.0
Shui On Centre,WAN CHAI,77922,1998,77922,39,22.2801875,114.1716875,0.0,5.0,11.0
St. George's Building,CENTRAL,77900,779,77900,100,22.2820638,114.1589289,0.0,7.0,20.0
Health Aura,CAUSEWAY BAY,77880,1947,77880,40,22.278644,114.186537,1.0,5.0,20.0
"Hart Avenue, 8",TSIM SHA TSUI,77796,2161,77796,36,22.2981888,114.1746715,8.0,4.0,20.0
Prosperity Millennia Plaza,NORTH POINT,77688,3237,77688,24,22.2916983,114.2081683,1.0,1.0,5.0
Printing House,CENTRAL,77660,1412,77660,55,22.279818,114.1571925,2.0,3.0,20.0
Casey Building,SHEUNG WAN,77464,3368,77464,23,22.2849342,114.1498393,3.0,16.0,20.0
Hang Lung Centre,CAUSEWAY BAY,77440,1408,77440,55,22.2802143,114.1859353,5.0,3.0,20.0
New East Ocean Centre,TSIM SHA TSUI,77280,2760,77280,28,22.3015123,114.1789922,0.0,1.0,12.0
Jubilee Centre,WAN CHAI,77070,2202,77070,35,22.2789226,114.1706823,0.0,2.0,20.0
Casey Building,SHEUNG WAN,77028,3668,77028,21,22.2849342,114.1498393,3.0,16.0,20.0
New Henry House,CENTRAL,77000,1100,77000,70,22.2808196,114.1584629,2.0,16.0,20.0
Lippo Centre - Tower 1,ADMIRALTY,76991,1834,76991,41,22.2791796,114.1636752,0.0,3.0,17.0
Trade Square,CHEUNG SHA WAN / LAI CHI KOK,76813,3670,76813,20,22.3349378,114.1567759,0.0,0.0,4.0
Loke Yew Building,CENTRAL,76800,1600,76800,48,22.28223,114.156059,20.0,8.0,20.0
Wai Fung Plaza,MONG KOK / TAI KOK TSUI,76740,2558,76740,30,22.3192117,114.1696727,4.0,11.0,20.0
China Insurance Group Building,SHEUNG WAN,76734,2842,76734,27,22.2863943,114.1491375,5.0,3.0,20.0
Easey Commercial Building,WAN CHAI,76653,2839,76653,27,22.2781617,114.1763439,5.0,3.0,20.0
Chinachem Golden Plaza,TSIM SHA TSUI,76636,3332,76636,23,22.2988123,114.1721746,3.0,6.0,20.0
Eastmark,KOWLOON BAY,76619,4507,76619,17,22.322232,114.211175,5.0,4.0,20.0
Central 88,CENTRAL,76480,1912,76480,40,22.2846749,114.1554091,2.0,15.0,20.0
C C Wu Building,WAN CHAI,76412,2729,76412,28,22.2777777,114.1778408,6.0,6.0,20.0
Tung Chiu Commercial Centre,WAN CHAI,76311,2744,76311,27,22.278501,114.1744741,6.0,5.0,20.0
Times Tower,WAN CHAI,76291,3317,76291,23,22.2801986,114.1800469,1.0,2.0,20.0
TG Place,KWUN TONG,76260,3813,76260,20,22.3104389,114.2259254,12.0,15.0,20.0
Times Square - Tower 2,CAUSEWAY BAY,76250,1525,76250,50,22.278151,114.1821136,12.0,20.0,20.0
Star House,TSIM SHA TSUI,76160,2176,76160,35,22.2946183,114.1691682,0.0,4.0,20.0
Island Place Tower,NORTH POINT,76130,3310,76130,23,22.2914596,114.2030318,1.0,4.0,20.0
"King's Road, 1001",QUARRY BAY,75924,2812,75924,27,22.2849349,114.2124481,1.0,6.0,20.0
Li Dong Building,CENTRAL,75768,2296,75768,33,22.2828948,114.1563008,20.0,5.0,20.0
Li Dong Building,CENTRAL,75768,2296,75768,33,22.2828948,114.1563008,20.0,5.0,20.0
"Gateway, The - Tower 2",TSIM SHA TSUI,75628,2044,75628,37,22.2988123,114.1721746,3.0,6.0,20.0
Lippo Centre - Tower 1,ADMIRALTY,75600,2160,75600,35,22.2791796,114.1636752,0.0,3.0,17.0
Methodist House,WAN CHAI,75600,3150,75600,24,22.2774858,114.1701312,4.0,2.0,20.0
Causeway Bay Plaza II,CAUSEWAY BAY,75565,2159,75565,35,22.2805414,114.1821601,7.0,8.0,20.0
The Centrium,CENTRAL,75354,1983,75354,38,22.2806003,114.1546621,7.0,7.0,20.0
AT Tower,NORTH POINT,75200,2350,75200,32,22.2879396,114.1925284,4.0,11.0,20.0
"The Chelsea (Jervois Street, 69)",SHEUNG WAN,75200,1880,75200,40,22.2852335,114.1511115,19.0,20.0,20.0
Peninsula Centre,TSIM SHA TSUI,75174,3417,75174,22,22.2990655,114.177277,0.0,3.0,20.0
Chinachem Cameron Centre,TSIM SHA TSUI,75082,2422,75082,31,22.2990956,114.1748106,2.0,6.0,20.0
The L Place,CENTRAL,75078,1746,75078,43,22.2844596,114.153981,9.0,10.0,20.0
Hong Kong Trade Centre,SHEUNG WAN,75000,3000,75000,25,22.2857573,114.1545717,7.0,11.0,20.0
Ho Lee Commercial Building,CENTRAL,74994,1450,74994,51,,,,,
Baskerville House,CENTRAL,74910,1362,74910,55,22.2798091,114.1566967,3.0,2.0,20.0
"Heung Yip Road, 41",WONG CHUK HANG,74844,2772,74844,27,22.2477698,114.1632639,4.0,2.0,3.0
Global Commerce City 3 -Orient International Tower,CHEUNG SHA WAN / LAI CHI KOK,74750,2990,74750,25,22.3377817,114.1359272,0.0,0.0,0.0
Energy Plaza,TSIM SHA TSUI,74730,2491,74730,30,22.2999261,114.1767262,0.0,2.0,11.0
"Yee Wo Street, 68",CAUSEWAY BAY,74704,2668,74704,28,22.2791924,114.1865722,6.0,4.0,20.0
Lippo Centre - Tower 2,ADMIRALTY,74655,2133,74655,35,22.2792541,114.1636196,1.0,3.0,17.0
Nan Dao Commercial Building,SHEUNG WAN,74640,3110,74640,24,22.2862329,114.1493844,6.0,3.0,20.0
K Wah Centre,NORTH POINT,74592,3552,74592,21,22.2932357,114.2047775,0.0,2.0,0.0
Convention Plaza Office Tower,WAN CHAI,74578,1522,74578,49,22.2809259,114.1740414,0.0,4.0,14.0
The Centrium,CENTRAL,74404,1958,74404,38,22.2806003,114.1546621,7.0,7.0,20.0
Southgate Commercial Centre,TSIM SHA TSUI,74300,2972,74300,25,22.3001688,114.1739528,7.0,5.0,20.0
Times Square - Tower 1,CAUSEWAY BAY,74195,1349,74195,55,22.278151,114.1821136,12.0,20.0,20.0
Kolling Centre,TSIM SHA TSUI,74175,989,74175,75,22.3006373,114.1758785,4.0,4.0,20.0
Chinachem Johnston Plaza,WAN CHAI,74160,2472,74160,30,22.2769742,114.1756487,7.0,4.0,20.0
"Chinachem Exchange Square, Two",NORTH POINT,74046,3526,74046,21,22.2903966,114.1974685,3.0,0.0,10.0
"Chinachem Exchange Square, Two",NORTH POINT,73825,2953,73825,25,22.2903966,114.1974685,3.0,0.0,10.0
Hon Kwok Jordan Centre,TSIM SHA TSUI,73752,2634,73752,28,22.3028979,114.172367,10.0,7.0,20.0
Millennium City 3,KWUN TONG,73656,4092,73656,18,22.3146832,114.2196937,2.0,1.0,4.0
Two Chinachem Plaza,SHEUNG WAN,73620,2045,73620,36,22.2863943,114.1491375,5.0,3.0,20.0
Unicorn Trade Centre,CENTRAL,73600,1840,73600,40,22.2852682,114.1552761,4.0,14.0,20.0
New Henry House,CENTRAL,73500,1050,73500,70,22.2808196,114.1584629,2.0,16.0,20.0
New Henry House,CENTRAL,73500,1050,73500,70,22.2808196,114.1584629,2.0,16.0,20.0
Times Square - Tower 2,CAUSEWAY BAY,73488,1531,73488,48,22.278151,114.1821136,12.0,20.0,20.0
LKF29 (Onfem Tower),CENTRAL,73392,2224,73392,33,22.280332,114.155545,11.0,10.0,20.0
"Yee Wo Street, 68",CAUSEWAY BAY,73304,2618,73304,28,22.2791924,114.1865722,6.0,4.0,20.0
"King's Road, 1001",QUARRY BAY,73300,2932,73300,25,22.2849349,114.2124481,1.0,6.0,20.0
Concordia Plaza,TSIM SHA TSUI,73280,2290,73280,32,22.2988123,114.1721746,3.0,6.0,20.0
Convention Plaza Office Tower,WAN CHAI,73157,1493,73157,49,22.2809259,114.1740414,0.0,4.0,14.0
First Commercial Building,CAUSEWAY BAY,73120,2285,73120,32,22.2859787,114.1914919,3.0,5.0,20.0
New Henry House,CENTRAL,73010,1043,73010,70,22.2808196,114.1584629,2.0,16.0,20.0
Concordia Plaza,TSIM SHA TSUI,72930,2431,72930,30,22.2988123,114.1721746,3.0,6.0,20.0
Guangdong Finance Building,SHEUNG WAN,72800,3640,72800,20,22.2882584,114.1457546,0.0,0.0,11.0
Shui On Centre,WAN CHAI,72792,2022,72792,36,22.2801875,114.1716875,0.0,5.0,11.0
Chuang's Tower,CENTRAL,72675,1615,72675,45,22.2835613,114.1570651,9.0,6.0,20.0
Leighton Centre,CAUSEWAY BAY,72662,1546,72662,47,22.2776353,114.1829035,12.0,16.0,20.0
C C Wu Building,WAN CHAI,72604,2593,72604,28,22.2777777,114.1778408,6.0,6.0,20.0
China Resources Building,WAN CHAI,72540,1395,72540,52,22.2799943,114.1750916,0.0,0.0,5.0
"Electric Road, 148",NORTH POINT,72380,2585,72380,28,22.2864911,114.1917255,6.0,8.0,20.0
Health Aura,CAUSEWAY BAY,72320,1808,72320,40,22.278644,114.186537,1.0,5.0,20.0
Health Aura,CAUSEWAY BAY,72320,1808,72320,40,22.278644,114.186537,1.0,5.0,20.0
Health Aura,CAUSEWAY BAY,72320,1808,72320,40,22.278644,114.186537,1.0,5.0,20.0
Chinachem Leighton Plaza,CAUSEWAY BAY,72216,2006,72216,36,22.277239,114.1819529,11.0,15.0,20.0
"Electric Road, 148",NORTH POINT,72184,2578,72184,28,22.2864911,114.1917255,6.0,8.0,20.0
"Johnston Road, 208",WAN CHAI,72150,1850,72150,39,22.2773147,114.1762227,8.0,4.0,20.0
Eastmark,KOWLOON BAY,72112,4507,72112,16,22.322232,114.211175,5.0,4.0,20.0
Capital Centre,WAN CHAI,72050,2882,72050,25,22.2794349,114.1772835,1.0,1.0,20.0
Admiralty Centre - Tower 1,ADMIRALTY,72009,2667,72009,27,22.2792728,114.1650221,0.0,4.0,20.0
North Point Industrial Building,NORTH POINT,72000,4500,72000,16,22.291881,114.2022726,0.0,2.0,20.0
North Point Industrial Building,NORTH POINT,72000,4500,72000,16,22.291881,114.2022726,0.0,2.0,20.0
Neich Tower,WAN CHAI,71994,2399,71994,30,22.2792685,114.1757735,2.0,4.0,8.0
Tai Yau Building,WAN CHAI,71764,1631,71764,44,22.276967,114.17455,3.0,8.0,20.0
World Finance Centre - South,TSIM SHA TSUI,71717,2473,71717,29,22.2988123,114.1721746,3.0,6.0,20.0
Wilson House,CENTRAL,71709,2173,71709,33,22.2804986,114.1557097,19.0,11.0,20.0
World Trade Centre,CAUSEWAY BAY,71668,1748,71668,41,22.2815279,114.1842189,2.0,14.0,20.0
Plaza 2000,CAUSEWAY BAY,71610,2046,71610,35,22.2786238,114.1816028,7.0,15.0,20.0
Plaza 2000,CAUSEWAY BAY,71610,2046,71610,35,22.2786238,114.1816028,7.0,15.0,20.0
Central Plaza,WAN CHAI,71500,1375,71500,52,22.2799097,114.1737282,0.0,0.0,0.0
The Wave,TSIM SHA TSUI,71460,2382,71460,30,22.2988123,114.1721746,3.0,6.0,20.0
Taurus Building,TSIM SHA TSUI,71400,2100,71400,34,22.300077,114.173473,8.0,8.0,20.0
Park Commercial Centre,CAUSEWAY BAY,71370,2379,71370,30,22.2819266,114.1920769,0.0,1.0,4.0
Landmark South,WONG CHUK HANG,71334,2642,71334,27,22.249265,114.167138,2.0,2.0,7.0
Strand 50 (Bonham Trade Centre),SHEUNG WAN,71190,2373,71190,30,22.285767,114.1512853,20.0,14.0,20.0
Chinachem Exchange Square,QUARRY BAY,71139,3093,71139,23,22.2880754,114.2117901,3.0,8.0,20.0
Lippo Sun Plaza,TSIM SHA TSUI,70989,2639,70989,26,22.2969792,114.1697718,6.0,8.0,20.0
Southland Building,CENTRAL,70875,1575,70875,45,22.2849964,114.1560629,1.0,9.0,20.0
Lucky Building,CENTRAL,70848,2214,70848,32,22.2822369,114.155333,20.0,12.0,20.0
"Sea View Estate, Block B",NORTH POINT,70836,5903,70836,12,22.2873828,114.1910307,3.0,4.0,16.0
New World Tower 1,CENTRAL,70800,944,70800,75,22.280329,114.1568538,6.0,11.0,20.0
Asia Standard Tower,CENTRAL,70785,1815,70785,39,22.2830055,114.155849,20.0,10.0,20.0
Bartlock Centre,CAUSEWAY BAY,70595,2017,70595,35,22.2777039,114.1821166,13.0,20.0,20.0
Bartlock Centre,CAUSEWAY BAY,70595,2017,70595,35,22.2777039,114.1821166,13.0,20.0,20.0
Bartlock Centre,CAUSEWAY BAY,70595,2017,70595,35,22.2777039,114.1821166,13.0,20.0,20.0
The Centrium,CENTRAL,70528,1856,70528,38,22.2806003,114.1546621,7.0,7.0,20.0
"Chinese Bank Building, The",CENTRAL,70524,1959,70524,36,,,,,
Harcourt House,WAN CHAI,70362,2606,70362,27,22.2790727,114.1698835,0.0,0.0,10.0
China Hong Kong Tower,WAN CHAI,70035,2415,70035,29,22.2775703,114.1685479,3.0,8.0,20.0
Wings Building,CENTRAL,70002,2089,70002,33,22.2836764,114.1547036,13.0,13.0,20.0
Sang Woo Building,WAN CHAI,70001,1728,70001,40,22.2804999,114.1802095,0.0,2.0,20.0
Abdoolally House,CENTRAL,70000,1750,70000,40,22.282095,114.155696,20.0,8.0,20.0
Bonham Centre,SHEUNG WAN,70000,2800,70000,25,22.2860488,114.1515896,20.0,10.0,20.0
Sea Bird House,CENTRAL,69998,750,69998,93,22.2806138,114.156173,15.0,14.0,20.0
Coasia Building,CAUSEWAY BAY,69997,1560,69997,44,22.2804317,114.1829466,3.0,20.0,20.0
Coasia Building,CAUSEWAY BAY,69997,1560,69997,44,22.2804317,114.1829466,3.0,20.0,20.0
"Lyndhurst Terrace, 46",CENTRAL,69995,2161,69995,32,22.2823992,114.1536561,10.0,20.0,20.0
Bangkok Bank Building,SHEUNG WAN,69805,3035,69805,23,22.286607,114.1487952,5.0,3.0,20.0
Shui On Centre,WAN CHAI,69804,1662,69804,42,22.2801875,114.1716875,0.0,5.0,11.0
World Wide House,CENTRAL,69799,199,69799,350,22.2825285,114.1578668,4.0,4.0,20.0
Harbour Centre,WAN CHAI,69784,1342,69784,52,22.2811111,114.1755556,0.0,7.0,20.0
Harbour Centre,WAN CHAI,69784,1342,69784,52,22.2811111,114.1755556,0.0,7.0,20.0
"Chinese Bank Building, The",CENTRAL,69720,1992,69720,35,,,,,
Tai Yip Building,WAN CHAI,69471,2241,69471,31,22.27738,114.175148,7.0,6.0,20.0
Tai Yip Building,WAN CHAI,69471,2241,69471,31,22.27738,114.175148,7.0,6.0,20.0
"Cheung Sha Wan Road, 909",CHEUNG SHA WAN / LAI CHI KOK,69390,2313,69390,30,22.3362653,114.1462645,2.0,4.0,7.0
China Hong Kong City - Tower 2,TSIM SHA TSUI,69384,2478,69384,28,22.3008733,114.1679008,0.0,5.0,15.0
Plaza 228,WAN CHAI,69328,2476,69328,28,22.278008,114.178712,13.0,8.0,20.0
New Henry House,CENTRAL,69300,990,69300,70,22.2808196,114.1584629,2.0,16.0,20.0
"Yee Wo Street, 68",CAUSEWAY BAY,69216,2472,69216,28,22.2791924,114.1865722,6.0,4.0,20.0
"Chinese Bank Building, The",CENTRAL,69084,1919,69084,36,,,,,
The Wave,TSIM SHA TSUI,69078,2382,69078,29,22.2988123,114.1721746,3.0,6.0,20.0
Park Commercial Centre,CAUSEWAY BAY,68610,2287,68610,30,22.2819266,114.1920769,0.0,1.0,4.0
China Insurance Group Building,SHEUNG WAN,68450,2738,68450,25,22.2863943,114.1491375,5.0,3.0,20.0
Wilson House,CENTRAL,68416,2138,68416,32,22.2804986,114.1557097,19.0,11.0,20.0
K Wah Centre,NORTH POINT,68400,3600,68400,19,22.2932357,114.2047775,0.0,2.0,0.0
Houston Centre,TSIM SHA TSUI,68302,2627,68302,26,22.2980295,114.1768655,1.0,2.0,20.0
Millennium City 1 - Tower 01,KWUN TONG,68288,2134,68288,32,22.3136835,114.2212449,1.0,3.0,20.0
Chun Wo Commercial Centre,SHEUNG WAN,68125,2725,68125,25,22.2852909,114.1539422,6.0,11.0,20.0
Coasia Building,CAUSEWAY BAY,68008,1586,68008,42,22.2804317,114.1829466,3.0,20.0,20.0
Tung Ming Building,CENTRAL,68002,1100,68002,61,22.2831172,114.1565646,20.0,6.0,20.0
Humphrey's Building,TSIM SHA TSUI,68001,2195,68001,30,22.2981823,114.172944,5.0,7.0,20.0
Perfect Commercial Building,TSIM SHA TSUI,68000,2500,68000,27,22.3028129,114.1753152,0.0,4.0,20.0
Tung Ning Building,SHEUNG WAN,67998,859,67998,79,22.2867479,114.1522625,8.0,4.0,20.0
Katherine House,TSIM SHA TSUI,67996,2832,67996,24,22.299083,114.175539,0.0,5.0,20.0
Bartlock Centre,CAUSEWAY BAY,67993,2017,67993,33,22.2777039,114.1821166,13.0,20.0,20.0
"Grand Plaza Office Tower, One",MONG KOK / TAI KOK TSUI,67950,1510,67950,45,22.3203648,114.169773,5.0,8.0,20.0
"Chinachem Exchange Square, Two",NORTH POINT,67919,2953,67919,23,22.2903966,114.1974685,3.0,0.0,10.0
Jubilee Centre,WAN CHAI,67904,1939,67904,35,22.2789226,114.1706823,0.0,2.0,20.0
"Chinese Bank Building, The",CENTRAL,67900,1940,67900,35,,,,,
Hong Kong Pacific Centre,TSIM SHA TSUI,67890,1095,67890,62,22.2971106,114.1712748,13.0,5.0,20.0
"Chinese Bank Building, The",CENTRAL,67728,1992,67728,34,,,,,
The Phoenix,WAN CHAI,67680,2256,67680,30,22.2787359,114.1714473,3.0,6.0,20.0
The Phoenix,WAN CHAI,67680,2256,67680,30,22.2787359,114.1714473,3.0,6.0,20.0
China Hong Kong Tower,WAN CHAI,67620,2415,67620,28,22.2775703,114.1685479,3.0,8.0,20.0
Bupa Centre,SHEUNG WAN,67600,2600,67600,26,22.2863943,114.1491375,5.0,3.0,20.0
Grand Central Plaza - Tower 01,SHATIN / FO TAN,67550,1930,67550,35,22.3985709,114.1929428,1.0,0.0,9.0
H Code,CENTRAL,67500,900,67500,75,22.2821827,114.1542985,17.0,18.0,20.0
China Minmetals Tower,TSIM SHA TSUI,67396,2324,67396,29,22.3008318,114.1758205,4.0,6.0,20.0
New Mandarin Plaza - Tower A,TSIM SHA TSUI,67340,2590,67340,26,22.3005491,114.1786611,1.0,6.0,20.0
Tai Yip Building,WAN CHAI,67230,2241,67230,30,22.27738,114.175148,7.0,6.0,20.0
Hang Lung Centre,CAUSEWAY BAY,66990,1218,66990,55,22.2802143,114.1859353,5.0,3.0,20.0
Jubilee Centre,WAN CHAI,66990,1914,66990,35,22.2789226,114.1706823,0.0,2.0,20.0
Haleson Building,SHEUNG WAN,66960,2160,66960,31,22.2863943,114.1491375,5.0,3.0,20.0
Richmond Plaza,CAUSEWAY BAY,66846,2571,66846,26,22.2809717,114.1829675,4.0,20.0,20.0
China Overseas Building,WAN CHAI,66815,1909,66815,35,22.2778337,114.1727784,2.0,7.0,20.0
Trade Square,CHEUNG SHA WAN / LAI CHI KOK,66810,2920,66810,22,22.3349378,114.1567759,0.0,0.0,4.0
Hip Shing Hong Kowloon Centre,JORDAN,66794,2211,66794,30,22.2975863,114.1702704,10.0,7.0,20.0
Honest Building,CAUSEWAY BAY,66776,1964,66776,34,22.276953,114.181412,6.0,8.0,20.0
Exchange Tower,KOWLOON BAY,66766,3514,66766,19,22.3211051,114.2094231,0.0,5.0,11.0
China Hong Kong Tower,WAN CHAI,66712,2152,66712,31,22.2775703,114.1685479,3.0,8.0,20.0
China Hong Kong Tower,WAN CHAI,66712,2152,66712,31,22.2775703,114.1685479,3.0,8.0,20.0
Millennium City 2,KWUN TONG,66696,2382,66696,28,22.3144685,114.2201636,2.0,0.0,4.0
"Kodak House, Block 2",NORTH POINT,66672,4167,66672,16,34.0978305,-118.3590054,1.0,1.0,0.0
Chinachem Golden Plaza,TSIM SHA TSUI,66640,2380,66640,28,22.2988123,114.1721746,3.0,6.0,20.0
Casey Building,SHEUNG WAN,66591,3171,66591,21,22.2849342,114.1498393,3.0,16.0,20.0
China Insurance Building,TSIM SHA TSUI,66584,2378,66584,28,22.2991175,114.1750077,2.0,5.0,20.0
China Insurance Building,TSIM SHA TSUI,66584,2378,66584,28,22.2991175,114.1750077,2.0,5.0,20.0
Li Dong Building,CENTRAL,66584,2296,66584,29,22.2828948,114.1563008,20.0,5.0,20.0
"Heung Yip Road, 41",WONG CHUK HANG,66528,2772,66528,24,22.2477698,114.1632639,4.0,2.0,3.0
Chuang's Tower,CENTRAL,66510,1478,66510,45,22.2835613,114.1570651,9.0,6.0,20.0
New Henry House,CENTRAL,66500,950,66500,70,22.2808196,114.1584629,2.0,16.0,20.0
New Henry House,CENTRAL,66500,950,66500,70,22.2808196,114.1584629,2.0,16.0,20.0
China Insurance Group Building,SHEUNG WAN,66480,3324,66480,20,22.2863943,114.1491375,5.0,3.0,20.0
Emperor Group Centre,WAN CHAI,66416,2372,66416,28,22.2775389,114.1768655,4.0,2.0,20.0
The Centrium,CENTRAL,66325,1895,66325,35,22.2806003,114.1546621,7.0,7.0,20.0
Hang Lung Centre,CAUSEWAY BAY,66300,1326,66300,50,22.2802143,114.1859353,5.0,3.0,20.0
Hollywood Commercial House,CENTRAL,66300,2550,66300,26,22.281843,114.153608,8.0,17.0,20.0
Genesis,WONG CHUK HANG,66272,4142,66272,16,22.2459198,114.1664957,0.0,1.0,3.0
World Wide House,CENTRAL,66240,1472,66240,45,22.2825285,114.1578668,4.0,4.0,20.0
Convention Plaza Office Tower,WAN CHAI,66220,1204,66220,55,22.2809259,114.1740414,0.0,4.0,14.0
Hollywood Commercial House,CENTRAL,66150,2450,66150,27,22.281843,114.153608,8.0,17.0,20.0
YF Life Centre,WAN CHAI,66080,1652,66080,40,22.279064,114.1693057,0.0,0.0,2.0
Ovest,SHEUNG WAN,66062,1943,66062,34,22.285941,114.152217,16.0,12.0,20.0
Ovest,SHEUNG WAN,66062,1943,66062,34,22.285941,114.152217,16.0,12.0,20.0
Wing On House,CENTRAL,65988,2444,65988,27,22.283883,114.156478,8.0,6.0,20.0
Chubb Tower (Windsor House),CAUSEWAY BAY,65880,1830,65880,36,22.280292,114.1864779,4.0,2.0,20.0
Lee Garden Six (111 Leighton Road),CAUSEWAY BAY,65880,1464,65880,45,22.2777432,114.185842,0.0,7.0,20.0
Exchange Tower,KOWLOON BAY,65875,3875,65875,17,22.3211051,114.2094231,0.0,5.0,11.0
Empire Centre,TSIM SHA TSUI,65835,1881,65835,35,22.2982675,114.1783981,0.0,6.0,20.0
Landmark South,WONG CHUK HANG,65832,2532,65832,26,22.249265,114.167138,2.0,2.0,7.0
Millennium City 2,KWUN TONG,65772,2436,65772,27,22.3144685,114.2201636,2.0,0.0,4.0
New Henry House,CENTRAL,65450,935,65450,70,22.2808196,114.1584629,2.0,16.0,20.0
Tern Centre - Block 1,SHEUNG WAN,65400,2180,65400,30,22.2848479,114.1516224,11.0,15.0,20.0
Tern Centre - Block 1,SHEUNG WAN,65400,2180,65400,30,22.2848479,114.1516224,11.0,15.0,20.0
Universal Commercial Building,TSIM SHA TSUI,65178,1917,65178,34,22.2962104,114.1716137,4.0,6.0,20.0
Concordia Plaza,TSIM SHA TSUI,65109,1973,65109,33,22.2988123,114.1721746,3.0,6.0,20.0
Concordia Plaza,TSIM SHA TSUI,65007,1921,65007,33,22.2988123,114.1721746,3.0,6.0,20.0
CNT Commercial Building,SHEUNG WAN,64999,2450,64999,26,22.2849182,114.1503149,6.0,20.0,20.0
CNT Commercial Building,SHEUNG WAN,64999,2450,64999,26,22.2849182,114.1503149,6.0,20.0,20.0
CNT Commercial Building,SHEUNG WAN,64999,2450,64999,26,22.2849182,114.1503149,6.0,20.0,20.0
LL Tower,CENTRAL,64993,2327,64993,27,22.2820773,114.153466,11.0,20.0,20.0
"Chinachem Exchange Square, Two",NORTH POINT,64966,2953,64966,22,22.2903966,114.1974685,3.0,0.0,10.0
"Kodak House, Block 2",NORTH POINT,64896,4056,64896,16,34.0978305,-118.3590054,1.0,1.0,0.0
"Grand Plaza Office Tower, One",MONG KOK / TAI KOK TSUI,64800,1440,64800,45,22.3203648,114.169773,5.0,8.0,20.0
Millennium City 2,KWUN TONG,64584,2392,64584,27,22.3144685,114.2201636,2.0,0.0,4.0
China Hong Kong Tower,WAN CHAI,64560,2152,64560,30,22.2775703,114.1685479,3.0,8.0,20.0
Plaza 2000,CAUSEWAY BAY,64520,1613,64520,40,22.2786238,114.1816028,7.0,15.0,20.0
Siu On Plaza,CAUSEWAY BAY,64352,2011,64352,32,22.2808991,114.1827881,3.0,20.0,20.0
Canton House,CENTRAL,64260,1428,64260,45,22.2823315,114.155921,20.0,8.0,20.0
Canton House,CENTRAL,64260,1428,64260,45,22.2823315,114.155921,20.0,8.0,20.0
Central Plaza,WAN CHAI,64232,1147,64232,56,22.2799097,114.1737282,0.0,0.0,0.0
"Hing Fat Street, 88",NORTH POINT,64000,2000,64000,32,22.2857461,114.1907881,1.0,4.0,20.0
"Hing Fat Street, 88",NORTH POINT,64000,2000,64000,32,22.2857461,114.1907881,1.0,4.0,20.0
So Hong Commercial Building,SHEUNG WAN,63954,2907,63954,22,22.2850852,114.1517059,14.0,18.0,20.0
Chuang's Tower,CENTRAL,63945,1421,63945,45,22.2835613,114.1570651,9.0,6.0,20.0
Chuang's Tower,CENTRAL,63945,1421,63945,45,22.2835613,114.1570651,9.0,6.0,20.0
Chinachem Century Tower,WAN CHAI,63924,1522,63924,42,22.2798751,114.1785968,0.0,2.0,20.0
Chinachem Exchange Square,QUARRY BAY,63908,2458,63908,26,22.2880754,114.2117901,3.0,8.0,20.0
Century Square,CENTRAL,63850,1277,63850,50,22.281508,114.155987,20.0,7.0,20.0
Suen Yue Building,SHEUNG WAN,63840,2660,63840,24,22.2870529,114.1481389,1.0,4.0,20.0
Trade Square,CHEUNG SHA WAN / LAI CHI KOK,63801,3060,63801,20,22.3349378,114.1567759,0.0,0.0,4.0
Universal Trade Centre,CENTRAL,63778,2453,63778,26,22.2801898,114.1543013,4.0,3.0,20.0
Chuang's Tower,CENTRAL,63720,1416,63720,45,22.2835613,114.1570651,9.0,6.0,20.0
Convention Plaza Office Tower,WAN CHAI,63696,1327,63696,48,22.2809259,114.1740414,0.0,4.0,14.0
East Town Building,WAN CHAI,63492,1924,63492,33,22.2783849,114.1705822,2.0,4.0,20.0
East Town Building,WAN CHAI,63492,1924,63492,33,22.2783849,114.1705822,2.0,4.0,20.0
"Kodak House, Block 2",NORTH POINT,63466,4882,63466,13,34.0978305,-118.3590054,1.0,1.0,0.0
Century Square,CENTRAL,63388,1219,63388,52,22.281508,114.155987,20.0,7.0,20.0
Kundamal House,TSIM SHA TSUI,63382,2881,63382,22,22.2986475,114.1741186,5.0,5.0,20.0
Arion Commercial Centre,SHEUNG WAN,63375,2535,63375,25,22.2863187,114.1483711,2.0,5.0,20.0
Tai Tung Building,WAN CHAI,63360,1584,63360,40,22.2773668,114.1746362,4.0,5.0,20.0
China Hong Kong City - Tower 2,TSIM SHA TSUI,63308,2261,63308,28,22.3008733,114.1679008,0.0,5.0,15.0
Millennium City 1 - Tower 01,KWUN TONG,63307,2183,63307,29,22.3136835,114.2212449,1.0,3.0,20.0
Gravity,KWUN TONG,63270,3330,63270,19,22.3103686,114.2227035,7.0,4.0,20.0
One Island South,WONG CHUK HANG,63250,2530,63250,25,22.2459198,114.1664957,0.0,1.0,3.0
MG Tower,KWUN TONG,63224,2258,63224,28,22.3131772,114.217479,1.0,2.0,8.0
Charmhill Centre,TSIM SHA TSUI,63129,1913,63129,33,22.2988123,114.1721746,3.0,6.0,20.0
Eubank Plaza,CENTRAL,63080,1660,63080,38,22.282598,114.1564993,20.0,8.0,20.0
Southland Building,CENTRAL,63000,1575,63000,40,22.2849964,114.1560629,1.0,9.0,20.0
Southland Building,CENTRAL,63000,1575,63000,40,22.2849964,114.1560629,1.0,9.0,20.0
Southland Building,CENTRAL,63000,1575,63000,40,22.2849964,114.1560629,1.0,9.0,20.0
Southland Building,CENTRAL,63000,1575,63000,40,22.2849964,114.1560629,1.0,9.0,20.0
Southland Building,CENTRAL,63000,1575,63000,40,22.2849964,114.1560629,1.0,9.0,20.0
Southland Building,CENTRAL,63000,1575,63000,40,22.2849964,114.1560629,1.0,9.0,20.0
World Finance Centre - North,TSIM SHA TSUI,62814,2166,62814,29,22.2988123,114.1721746,3.0,6.0,20.0
K Wah Centre,NORTH POINT,62800,3925,62800,16,22.2932357,114.2047775,0.0,2.0,0.0
Tai Yip Building,WAN CHAI,62748,2241,62748,28,22.27738,114.175148,7.0,6.0,20.0
Hong Kong Pacific Centre,TSIM SHA TSUI,62682,1011,62682,62,22.2971106,114.1712748,13.0,5.0,20.0
Marina 8,WONG CHUK HANG,62530,2405,62530,26,22.2484741,114.1677273,4.0,2.0,12.0
Nam Wo Hong Building,SHEUNG WAN,62406,3467,62406,18,22.2871069,114.149339,2.0,2.0,20.0
"Yee Wo Street, 68",CAUSEWAY BAY,62384,2228,62384,28,22.2791924,114.1865722,6.0,4.0,20.0
"Observatory Road, 8",TSIM SHA TSUI,62304,1650,62304,37,22.30117,114.17572,1.0,6.0,20.0
"Wellington Street, 128",CENTRAL,62280,2076,62280,30,22.2836886,114.153869,9.0,11.0,20.0
Shun Tak Centre - China Merchants Tower,SHEUNG WAN,62230,1778,62230,35,22.287639,114.1524863,1.0,3.0,20.0
East Town Building,WAN CHAI,62155,2005,62155,31,22.2783849,114.1705822,2.0,4.0,20.0
Lee Kar Building,TSIM SHA TSUI,62100,2300,62100,27,22.2978633,114.1728016,5.0,10.0,20.0
Carnarvon Plaza,TSIM SHA TSUI,62005,1679,62005,36,22.2992107,114.1732428,8.0,11.0,20.0
Harbour Commercial Building,SHEUNG WAN,62000,3100,62000,20,22.2868526,114.1524233,7.0,3.0,20.0
Chao's Building,SHEUNG WAN,61992,2214,61992,28,22.2864326,114.1487956,6.0,3.0,20.0
"Hing Fat Street, 88",NORTH POINT,61985,1771,61985,35,22.2857461,114.1907881,1.0,4.0,20.0
Centre Point,WAN CHAI,61920,2580,61920,24,22.2785368,114.1709438,2.0,3.0,20.0
"Sea View Estate, Block B",NORTH POINT,61875,4125,61875,15,22.2873828,114.1910307,3.0,4.0,16.0
"Lyndhurst Terrace, 8 (Capitol Plaza)",CENTRAL,61840,1546,61840,40,22.2823898,114.1548,20.0,20.0,20.0
Crawford House,CENTRAL,61803,981,61803,63,22.2826315,114.1555936,20.0,12.0,20.0
Bayfield Building,WAN CHAI,61709,2683,61709,23,22.2777315,114.1719829,5.0,5.0,20.0
Jonsim Place,WAN CHAI,61644,2802,61644,22,22.27464,114.1729874,3.0,7.0,20.0
Shui On Centre,WAN CHAI,61560,1710,61560,36,22.2801875,114.1716875,0.0,5.0,11.0
Metroplaza - Tower 01,KWAI CHUNG,61542,2367,61542,26,22.3574364,114.1266565,1.0,1.0,20.0
"Chinese Bank Building, The",CENTRAL,61540,1810,61540,34,,,,,
The Loop,CENTRAL,61512,1864,61512,33,22.2820149,114.155444,20.0,13.0,20.0
"Electric Road, 148",NORTH POINT,61488,2196,61488,28,22.2864911,114.1917255,6.0,8.0,20.0
South Seas Centre - Tower 1,TSIM SHA TSUI,61456,2672,61456,23,22.3000671,114.178459,1.0,6.0,20.0
AXA Southside,WONG CHUK HANG,61416,3412,61416,18,22.2481054,114.1660903,5.0,5.0,18.0
Fortress Tower,NORTH POINT,61294,3226,61294,19,22.2887539,114.1942602,6.0,2.0,20.0
V Heun Building,CENTRAL,61200,1700,61200,36,22.2839685,114.154231,10.0,11.0,20.0
Tern Centre - Block 1,SHEUNG WAN,61040,2180,61040,28,22.2848479,114.1516224,11.0,15.0,20.0
East Town Building,WAN CHAI,60984,1848,60984,33,22.2783849,114.1705822,2.0,4.0,20.0
Chinaweal Centre,WAN CHAI,60900,2100,60900,29,22.2801959,114.1805379,4.0,2.0,20.0
Millennium City 1 - Tower 01,KWUN TONG,60842,2098,60842,29,22.3136835,114.2212449,1.0,3.0,20.0
Millennium City 1 - Tower 01,KWUN TONG,60842,2098,60842,29,22.3136835,114.2212449,1.0,3.0,20.0
Dah Sing Life Building,CENTRAL,60780,2026,60780,30,22.284794,114.1557652,2.0,8.0,20.0
Pacific Plaza,WESTERN / KENNEDY TOWN,60620,2165,60620,28,22.2822235,114.1292619,1.0,1.0,20.0
OfficePlus @Sheung Wan,SHEUNG WAN,60580,2330,60580,26,22.2860162,114.1516854,18.0,9.0,20.0
Bartlock Centre,CAUSEWAY BAY,60510,2017,60510,30,22.2777039,114.1821166,13.0,20.0,20.0
Bartlock Centre,CAUSEWAY BAY,60510,2017,60510,30,22.2777039,114.1821166,13.0,20.0,20.0
Tai Yip Building,WAN CHAI,60507,2241,60507,27,22.27738,114.175148,7.0,6.0,20.0
Tai Yip Building,WAN CHAI,60507,2241,60507,27,22.27738,114.175148,7.0,6.0,20.0
Metroplaza - Tower 01,KWAI CHUNG,60476,2326,60476,26,22.3574364,114.1266565,1.0,1.0,20.0
Bangkok Bank Building,SHEUNG WAN,60375,2625,60375,23,22.286607,114.1487952,5.0,3.0,20.0
Landmark South,WONG CHUK HANG,60372,2322,60372,26,22.249265,114.167138,2.0,2.0,7.0
"Grand Plaza Office Tower, Two",MONG KOK / TAI KOK TSUI,60200,1720,60200,35,22.3198474,114.1620857,0.0,6.0,20.0
Wu Chung House,WAN CHAI,60180,2006,60180,30,22.2742239,114.1728051,3.0,5.0,20.0
Lee & Man Commercial Center,NORTH POINT,60175,2407,60175,25,22.287503,114.191589,4.0,6.0,20.0
CKK Commercial Centre,WAN CHAI,60144,2148,60144,28,22.2783338,114.1774583,4.0,5.0,20.0
Ying Kong Mansion,CAUSEWAY BAY,60076,2612,60076,23,22.2799014,114.1847917,6.0,16.0,20.0
Silvercord - Tower 1,TSIM SHA TSUI,60059,2071,60059,29,22.2973783,114.1695911,2.0,6.0,20.0
Silvercord - Tower 1,TSIM SHA TSUI,60059,2071,60059,29,22.2973783,114.1695911,2.0,6.0,20.0
Causeway Bay Plaza II,CAUSEWAY BAY,60025,1715,60025,35,22.2805414,114.1821601,7.0,8.0,20.0
South Seas Centre - Tower 2,TSIM SHA TSUI,60025,2401,60025,25,22.3000671,114.178459,1.0,6.0,20.0
Goldsland Building,TSIM SHA TSUI,60014,3152,60014,19,22.2966394,114.1747687,2.0,2.0,20.0
Catic Plaza,CAUSEWAY BAY,60011,2729,60011,21,22.2793971,114.188061,1.0,5.0,20.0
Hart House,TSIM SHA TSUI,60011,2183,60011,27,22.2983031,114.1750029,6.0,4.0,20.0
Katherine House,TSIM SHA TSUI,60010,2832,60010,21,22.299083,114.175539,0.0,5.0,20.0
Houston Centre,TSIM SHA TSUI,60008,2225,60008,26,22.2980295,114.1768655,1.0,2.0,20.0
Shun Tak Centre - West Tower,SHEUNG WAN,60006,1382,60006,43,22.2880334,114.1512041,0.0,1.0,20.0
L' Hart,CAUSEWAY BAY,60005,1267,60005,47,22.2807387,114.1827755,3.0,20.0,20.0
Jade Centre,CENTRAL,60000,1836,60000,32,22.2828985,114.1543957,15.0,20.0,20.0
The Harvest,MONG KOK / TAI KOK TSUI,60000,1500,60000,40,22.3198474,114.1620857,0.0,6.0,20.0
Winbase Centre,SHEUNG WAN,59997,2921,59997,20,22.2846531,114.1520985,12.0,15.0,20.0
Yue Shing Commercial Building,CENTRAL,59997,2100,59997,28,22.2834854,114.1555703,16.0,13.0,20.0
Hong Kong Pacific Centre,TSIM SHA TSUI,59954,967,59954,62,22.2971106,114.1712748,13.0,5.0,20.0
Shui On Centre,WAN CHAI,59904,1536,59904,39,22.2801875,114.1716875,0.0,5.0,11.0
Exchange Tower,KOWLOON BAY,59874,3522,59874,17,22.3211051,114.2094231,0.0,5.0,11.0
Loke Yew Building,CENTRAL,59808,1246,59808,48,22.28223,114.156059,20.0,8.0,20.0
Eubank Plaza,CENTRAL,59760,1660,59760,36,22.282598,114.1564993,20.0,8.0,20.0
The Workstation,CENTRAL,59752,1552,59752,38,10.8017589,106.7135357,0.0,18.0,9.0
Harcourt House,WAN CHAI,59751,2213,59751,27,22.2790727,114.1698835,0.0,0.0,10.0
"Electric Road, 148",NORTH POINT,59696,2132,59696,28,22.2864911,114.1917255,6.0,8.0,20.0
The HUB,WONG CHUK HANG,59664,2486,59664,24,22.2490089,114.1643124,2.0,0.0,3.0
Yam Tze Commercial Building,WAN CHAI,59600,2980,59600,20,22.277193,114.171067,5.0,4.0,20.0
Park Tower,JORDAN,59570,2590,59570,23,30.585164,36.238414,2.0,20.0,20.0
Jupiter Tower,NORTH POINT,59547,2589,59547,23,22.2862362,114.1923382,6.0,6.0,20.0
Workington Tower,SHEUNG WAN,59520,2480,59520,24,22.286015,114.150659,18.0,12.0,20.0
Empire Centre,TSIM SHA TSUI,59500,1750,59500,34,22.2982675,114.1783981,0.0,6.0,20.0
Shanghai Industrial Investment Building,WAN CHAI,59450,2050,59450,29,22.2773742,114.1708509,7.0,4.0,20.0
"Yee Wo Street, 68",CAUSEWAY BAY,59304,2118,59304,28,22.2791924,114.1865722,6.0,4.0,20.0
Chao's Building,SHEUNG WAN,59232,2468,59232,24,22.2864326,114.1487956,6.0,3.0,20.0
Allied Kajima Building,WAN CHAI,59220,1410,59220,42,22.2792687,114.176401,3.0,4.0,16.0
CKK Commercial Centre,WAN CHAI,59192,2114,59192,28,22.2783338,114.1774583,4.0,5.0,20.0
Citicorp Centre,NORTH POINT,59000,2360,59000,25,22.2862718,114.1902927,0.0,4.0,16.0
Winway Building,CENTRAL,58997,1540,58997,38,22.281714,114.155398,20.0,7.0,20.0
The Workstation,CENTRAL,58976,1552,58976,38,10.8017589,106.7135357,0.0,18.0,9.0
Century Square,CENTRAL,58800,1176,58800,50,22.281508,114.155987,20.0,7.0,20.0
Greatmany Centre,WAN CHAI,58800,2800,58800,21,22.2756786,114.1704118,1.0,9.0,20.0
Nan Dao Commercial Building,SHEUNG WAN,58750,2350,58750,25,22.2862329,114.1493844,6.0,3.0,20.0
Nan Dao Commercial Building,SHEUNG WAN,58750,2350,58750,25,22.2862329,114.1493844,6.0,3.0,20.0
Hopewell Centre,WAN CHAI,58680,1304,58680,45,22.2746386,114.1717253,3.0,10.0,20.0
"Kodak House, Block 2",NORTH POINT,58584,4882,58584,12,34.0978305,-118.3590054,1.0,1.0,0.0
"Chinachem Exchange Square, Two",NORTH POINT,58460,2923,58460,20,22.2903966,114.1974685,3.0,0.0,10.0
Chinachem Golden Plaza,TSIM SHA TSUI,58420,2540,58420,23,22.2988123,114.1721746,3.0,6.0,20.0
Shiu Fung Hong Building,SHEUNG WAN,58320,2916,58320,20,22.2878019,114.1480606,2.0,3.0,17.0
Ovest,SHEUNG WAN,58290,1943,58290,30,22.285941,114.152217,16.0,12.0,20.0
APEC Plaza,KWUN TONG,58248,3236,58248,18,22.3101852,114.2238002,7.0,7.0,20.0
Millennium City 1 - Tower 01,KWUN TONG,58208,1712,58208,34,22.3136835,114.2212449,1.0,3.0,20.0
Admiralty Centre - Tower 1,ADMIRALTY,58140,1530,58140,38,22.2792728,114.1650221,0.0,4.0,20.0
"Wellington Street, 128",CENTRAL,58128,2076,58128,28,22.2836886,114.153869,9.0,11.0,20.0
Millennium City 1 - Tower 01,KWUN TONG,58106,1709,58106,34,22.3136835,114.2212449,1.0,3.0,20.0
China Overseas Building,WAN CHAI,58100,1660,58100,35,22.2778337,114.1727784,2.0,7.0,20.0
Golden Centre,SHEUNG WAN,58086,1383,58086,42,22.2859473,114.1533641,5.0,7.0,20.0
"Grand Plaza Office Tower, One",MONG KOK / TAI KOK TSUI,58050,1290,58050,45,22.3203648,114.169773,5.0,8.0,20.0
Euro Trade Centre,CENTRAL,58002,1400,58002,41,22.282815,114.157614,6.0,3.0,20.0
Hong Kong House,CENTRAL,58000,2000,58000,29,49.6029638,6.1338551,1.0,4.0,20.0
Kwun Fai Building,TSIM SHA TSUI,58000,2500,58000,23,22.2994307,114.1728487,7.0,16.0,20.0
Sunshine Plaza,WAN CHAI,58000,2000,58000,29,22.2794665,114.1787996,7.0,3.0,20.0
Seaview Commercial Building,SHEUNG WAN,57993,1791,57993,32,22.287768,114.1491613,2.0,1.0,10.0
On Hing Building,CENTRAL,57803,1750,57803,33,22.2805487,114.1564993,13.0,14.0,20.0
Dah Sing Financial Centre,WAN CHAI,57717,1749,57717,33,22.2747521,114.1735215,2.0,8.0,20.0
Health Aura,CAUSEWAY BAY,57520,1438,57520,40,22.278644,114.186537,1.0,5.0,20.0
Health Aura,CAUSEWAY BAY,57520,1438,57520,40,22.278644,114.186537,1.0,5.0,20.0
East Ocean Centre,TSIM SHA TSUI,57500,2500,57500,23,22.3003823,114.1777233,1.0,7.0,20.0
Elite Centre,KWUN TONG,57435,2735,57435,21,22.3133424,114.2191164,5.0,3.0,11.0
Dah Sing Life Building,CENTRAL,57312,2388,57312,24,22.284794,114.1557652,2.0,8.0,20.0
Kowloon Centre,TSIM SHA TSUI,57260,2045,57260,28,22.2975863,114.1702704,10.0,7.0,20.0
"Kodak House, Block 2",NORTH POINT,57200,4400,57200,13,34.0978305,-118.3590054,1.0,1.0,0.0
"The Chelsea (Jervois Street, 69)",SHEUNG WAN,57080,1427,57080,40,22.2852335,114.1511115,19.0,20.0,20.0
Kai Tak Commercial Building,SHEUNG WAN,57064,2038,57064,28,22.2872433,114.1506702,2.0,6.0,20.0
Jubilee Centre,WAN CHAI,56945,1627,56945,35,22.2789226,114.1706823,0.0,2.0,20.0
China Minmetals Tower,TSIM SHA TSUI,56924,2033,56924,28,22.3008318,114.1758205,4.0,6.0,20.0
The Centrium,CENTRAL,56924,1498,56924,38,22.2806003,114.1546621,7.0,7.0,20.0
Chinachem Century Tower,WAN CHAI,56868,1354,56868,42,22.2798751,114.1785968,0.0,2.0,20.0
Kwun Fai Building,TSIM SHA TSUI,56800,2500,56800,22,22.2994307,114.1728487,7.0,16.0,20.0
Millennium City 1 - Tower 01,KWUN TONG,56800,2272,56800,25,22.3136835,114.2212449,1.0,3.0,20.0
China Insurance Building,TSIM SHA TSUI,56784,2028,56784,28,22.2991175,114.1750077,2.0,5.0,20.0
Wong Tze Building,KWUN TONG,56740,2837,56740,20,22.311084,114.2250719,6.0,6.0,20.0
Tung Wai Commercial Building,WAN CHAI,56698,1895,56698,29,22.2791009,114.1744004,2.0,4.0,14.0
Eastcore,KWUN TONG,56624,3539,56624,16,22.313354,114.2228428,12.0,6.0,20.0
One Hysan Avenue,CAUSEWAY BAY,56520,1256,56520,45,22.2780133,114.1838089,1.0,8.0,20.0
Concordia Plaza,TSIM SHA TSUI,56476,2017,56476,28,22.2988123,114.1721746,3.0,6.0,20.0
Lippo Centre - Tower 1,ADMIRALTY,56315,1609,56315,35,22.2791796,114.1636752,0.0,3.0,17.0
Tsim Sha Tsui Centre - East Tower,TSIM SHA TSUI,56314,1522,56314,37,22.2976578,114.1778408,0.0,4.0,20.0
"Jordan Road, 8",JORDAN,56252,2009,56252,28,22.3055521,114.1725913,0.0,1.0,18.0
Capital Centre,WAN CHAI,56086,1934,56086,29,22.2794349,114.1772835,1.0,1.0,20.0
OfficePlus @Sheung Wan,SHEUNG WAN,56002,1550,56002,36,22.2860162,114.1516854,18.0,9.0,20.0
Admiralty Centre - Tower 1,ADMIRALTY,56000,1400,56000,40,22.2792728,114.1650221,0.0,4.0,20.0
"Hennessy Road, 369",WAN CHAI,56000,1400,56000,40,22.2789401,114.1795671,7.0,1.0,20.0
Stanley 11,CENTRAL,55920,1398,55920,40,22.282226,114.15579,20.0,11.0,20.0
Lee & Man Commercial Center,NORTH POINT,55890,2070,55890,27,22.287503,114.191589,4.0,6.0,20.0
Admiralty Centre - Tower 1,ADMIRALTY,55860,1470,55860,38,22.2792728,114.1650221,0.0,4.0,20.0
Kai Tak Commercial Building,SHEUNG WAN,55854,1926,55854,29,22.2872433,114.1506702,2.0,6.0,20.0
Lippo Centre - Tower 2,ADMIRALTY,55840,1396,55840,40,22.2792541,114.1636196,1.0,3.0,17.0
The Centrium,CENTRAL,55784,1468,55784,38,22.2806003,114.1546621,7.0,7.0,20.0
Hang Lung Centre,CAUSEWAY BAY,55770,1014,55770,55,22.2802143,114.1859353,5.0,3.0,20.0
Chinachem Exchange Square,QUARRY BAY,55718,2143,55718,26,22.2880754,114.2117901,3.0,8.0,20.0
C C Wu Building,WAN CHAI,55709,1921,55709,29,22.2777777,114.1778408,6.0,6.0,20.0
Two Chinachem Plaza,SHEUNG WAN,55680,1392,55680,40,22.2863943,114.1491375,5.0,3.0,20.0
Legend Tower,KWUN TONG,55540,2777,55540,20,22.3109722,114.2262136,12.0,9.0,20.0
Kai Tak Commercial Building,SHEUNG WAN,55524,1983,55524,28,22.2872433,114.1506702,2.0,6.0,20.0
Kowloon Building,MONG KOK / TAI KOK TSUI,55521,1791,55521,31,22.3141684,114.1701775,7.0,12.0,20.0
Capitol Centre - Block 2,CAUSEWAY BAY,55512,2056,55512,27,22.279725,114.1845751,7.0,17.0,20.0
Millennium City 6,KWUN TONG,55350,2050,55350,27,22.3103686,114.2227035,7.0,4.0,20.0
Bank of America Tower,CENTRAL,55314,1317,55314,42,,,,,
Grand Millennium Plaza,SHEUNG WAN,55020,1572,55020,35,22.2856235,114.1529485,10.0,10.0,20.0
Wyndham Place,CENTRAL,55002,2085,55002,26,22.2801595,114.1550448,9.0,9.0,20.0
Hoseinee House,CENTRAL,55000,2285,55000,24,22.281653,114.154943,20.0,7.0,20.0
Kolling Centre,TSIM SHA TSUI,54995,1899,54995,28,22.3006373,114.1758785,4.0,4.0,20.0
Mirror Tower,TSIM SHA TSUI,54995,1700,54995,32,22.297553,114.176456,1.0,3.0,20.0
Mirror Tower,TSIM SHA TSUI,54993,1670,54993,32,22.297553,114.176456,1.0,3.0,20.0
Guangdong Tours Centre,CAUSEWAY BAY,54992,1588,54992,34,22.27837,114.1861964,2.0,6.0,20.0
South Seas Centre - Tower 2,TSIM SHA TSUI,54975,2199,54975,25,22.3000671,114.178459,1.0,6.0,20.0
Energy Plaza,TSIM SHA TSUI,54875,2195,54875,25,22.2999261,114.1767262,0.0,2.0,11.0
Workington Tower,SHEUNG WAN,54744,2281,54744,24,22.286015,114.150659,18.0,12.0,20.0
Workington Tower,SHEUNG WAN,54744,2281,54744,24,22.286015,114.150659,18.0,12.0,20.0
Delta House,SHATIN / FO TAN,54701,2879,54701,19,22.3985709,114.1929428,1.0,0.0,9.0
Crawford House,CENTRAL,54684,868,54684,63,22.2826315,114.1555936,20.0,12.0,20.0
Bowtie Life Insurance Tower,WAN CHAI,54600,1300,54600,42,22.2762761,114.1717334,1.0,17.0,20.0
K11 Atelier King's Road,QUARRY BAY,54585,1213,54585,45,22.2883738,114.209851,1.0,1.0,20.0
China Hong Kong City - Tower 2,TSIM SHA TSUI,54516,1947,54516,28,22.3008733,114.1679008,0.0,5.0,15.0
China Hong Kong City - Tower 2,TSIM SHA TSUI,54516,1947,54516,28,22.3008733,114.1679008,0.0,5.0,15.0
Tern Centre - Block 1,SHEUNG WAN,54500,2180,54500,25,22.2848479,114.1516224,11.0,15.0,20.0
Eastmark,KOWLOON BAY,54496,3406,54496,16,22.322232,114.211175,5.0,4.0,20.0
1 Lyndhurst Tower,CENTRAL,54470,2095,54470,26,22.2826214,114.1546879,20.0,20.0,20.0
Marina 8,WONG CHUK HANG,54444,2094,54444,26,22.2484741,114.1677273,4.0,2.0,12.0
Lee Garden Six (111 Leighton Road),CAUSEWAY BAY,54270,1206,54270,45,22.2777432,114.185842,0.0,7.0,20.0
Bowtie Life Insurance Tower,WAN CHAI,54250,1550,54250,35,22.2762761,114.1717334,1.0,17.0,20.0
Bowtie Life Insurance Tower,WAN CHAI,54250,1550,54250,35,22.2762761,114.1717334,1.0,17.0,20.0
Bowtie Life Insurance Tower,WAN CHAI,54250,1550,54250,35,22.2762761,114.1717334,1.0,17.0,20.0
Bowtie Life Insurance Tower,WAN CHAI,54250,1550,54250,35,22.2762761,114.1717334,1.0,17.0,20.0
Bowtie Life Insurance Tower,WAN CHAI,54250,1550,54250,35,22.2762761,114.1717334,1.0,17.0,20.0
Bowtie Life Insurance Tower,WAN CHAI,54250,1550,54250,35,22.2762761,114.1717334,1.0,17.0,20.0
The Phoenix,WAN CHAI,54150,1805,54150,30,22.2787359,114.1714473,3.0,6.0,20.0
Island Place Tower,NORTH POINT,54096,1288,54096,42,22.2914596,114.2030318,1.0,4.0,20.0
Wing On Plaza,TSIM SHA TSUI,54040,1351,54040,40,22.2965757,114.1765419,0.0,3.0,13.0
Park Commercial Centre,CAUSEWAY BAY,54030,1801,54030,30,22.2819266,114.1920769,0.0,1.0,4.0
"Chinese Bank Building, The",CENTRAL,54020,1460,54020,37,,,,,
Kuo Wah Building,WAN CHAI,54000,3600,54000,15,22.2783948,114.1790357,15.0,8.0,20.0
"Sea View Estate, Block A",NORTH POINT,54000,3000,54000,18,22.2871266,114.191351,5.0,7.0,20.0
The Harvest,MONG KOK / TAI KOK TSUI,54000,1500,54000,36,22.3198474,114.1620857,0.0,6.0,20.0
Hang Shun Commercial Building,TSIM SHA TSUI,53993,1422,53993,37,22.2986812,114.1732227,7.0,5.0,20.0
"King's Road, 1001",QUARRY BAY,53950,2158,53950,25,22.2849349,114.2124481,1.0,6.0,20.0
Landmark South,WONG CHUK HANG,53892,1996,53892,27,22.249265,114.167138,2.0,2.0,7.0
CNT Tower,WAN CHAI,53884,2836,53884,19,22.278332,114.178819,15.0,6.0,20.0
C C Wu Building,WAN CHAI,53788,1921,53788,28,22.2777777,114.1778408,6.0,6.0,20.0
Tai Yip Building,WAN CHAI,53784,2241,53784,24,22.27738,114.175148,7.0,6.0,20.0
Pacific House,CENTRAL,53751,943,53751,57,22.2809214,114.1570781,14.0,15.0,20.0
Shun Kwong Commercial Building,SHEUNG WAN,53688,2237,53688,24,22.2878743,114.1479066,1.0,3.0,16.0
Energy Plaza,TSIM SHA TSUI,53650,2146,53650,25,22.2999261,114.1767262,0.0,2.0,11.0
East Point Centre,CAUSEWAY BAY,53640,1192,53640,45,22.280255,114.184344,2.0,20.0,20.0
Great Smart Tower,WAN CHAI,53550,2975,53550,18,22.278089,114.178909,13.0,6.0,20.0
The Centrium,CENTRAL,53542,1409,53542,38,22.2806003,114.1546621,7.0,7.0,20.0
Nam Wo Hong Building,SHEUNG WAN,53360,2320,53360,23,22.2871069,114.149339,2.0,2.0,20.0
Grand Millennium Plaza,SHEUNG WAN,53305,1523,53305,35,22.2856235,114.1529485,10.0,10.0,20.0
Tsim Sha Tsui Centre - East Tower,TSIM SHA TSUI,53270,1522,53270,35,22.2976578,114.1778408,0.0,4.0,20.0
Park Commercial Centre,CAUSEWAY BAY,53250,1775,53250,30,22.2819266,114.1920769,0.0,1.0,4.0
Bangkok Bank Building,SHEUNG WAN,53199,2313,53199,23,22.286607,114.1487952,5.0,3.0,20.0
Mall Plus,WAN CHAI,53100,590,53100,90,22.2786533,114.1798487,9.0,2.0,20.0
Eastcore,KWUN TONG,53088,3318,53088,16,22.313354,114.2228428,12.0,6.0,20.0
Hart House,TSIM SHA TSUI,53006,1761,53006,30,22.2983031,114.1750029,6.0,4.0,20.0
Chung Fung Commercial Building,TSIM SHA TSUI,53003,1301,53003,40,22.2968569,114.1695076,0.0,8.0,20.0
Winning Centre,CENTRAL,53000,2000,53000,26,22.2802377,114.1548736,9.0,8.0,20.0
Winning Centre,CENTRAL,52999,991,52999,53,22.2802377,114.1548736,9.0,8.0,20.0
Tai Tung Building,WAN CHAI,52904,1556,52904,34,22.2773668,114.1746362,4.0,5.0,20.0
Two Chinachem Plaza,SHEUNG WAN,52896,1392,52896,38,22.2863943,114.1491375,5.0,3.0,20.0
Two Chinachem Plaza,SHEUNG WAN,52896,1392,52896,38,22.2863943,114.1491375,5.0,3.0,20.0
"Harbourfront, Two",HUNG HOM / TO KWA WAN,52870,1555,52870,34,22.3173373,114.1879691,0.0,0.0,14.0
Wellington Place/M88,CENTRAL,52800,1320,52800,40,22.2807553,114.156032,16.0,15.0,20.0
"Cheung Sha Wan Road, 909",CHEUNG SHA WAN / LAI CHI KOK,52770,1759,52770,30,22.3362653,114.1462645,2.0,4.0,7.0
Tai Yau Building,WAN CHAI,52680,1756,52680,30,22.276967,114.17455,3.0,8.0,20.0
Tai Yau Building,WAN CHAI,52680,1756,52680,30,22.276967,114.17455,3.0,8.0,20.0
"Kodak House, Block 2",NORTH POINT,52596,4383,52596,12,34.0978305,-118.3590054,1.0,1.0,0.0
Times Square - Tower 2,CAUSEWAY BAY,52593,1119,52593,47,22.278151,114.1821136,12.0,20.0,20.0
Grand Century Place - Tower I,MONG KOK / TAI KOK TSUI,52560,1460,52560,36,22.3198474,114.1620857,0.0,6.0,20.0
Ocean Centre,TSIM SHA TSUI,52470,1749,52470,30,22.296249,114.1689005,0.0,6.0,16.0
Workington Tower,SHEUNG WAN,52463,2281,52463,23,22.286015,114.150659,18.0,12.0,20.0
Health Aura,CAUSEWAY BAY,52400,1310,52400,40,22.278644,114.186537,1.0,5.0,20.0
Health Aura,CAUSEWAY BAY,52400,1310,52400,40,22.278644,114.186537,1.0,5.0,20.0
Health Aura,CAUSEWAY BAY,52400,1310,52400,40,22.278644,114.186537,1.0,5.0,20.0
Health Aura,CAUSEWAY BAY,52400,1310,52400,40,22.278644,114.186537,1.0,5.0,20.0
Hong Kong Diamond Exchange Building,CENTRAL,52374,1218,52374,43,22.2796908,114.1569637,0.0,1.0,15.0
Pacific House,CENTRAL,52326,918,52326,57,22.2809214,114.1570781,14.0,15.0,20.0
Ashley Nine,TSIM SHA TSUI,52248,1866,52248,28,22.2967161,114.1703701,11.0,7.0,20.0
Teda Building,SHEUNG WAN,52224,1632,52224,32,22.2859508,114.1519873,16.0,10.0,20.0
Austin Commercial Centre,TSIM SHA TSUI,52137,1931,52137,27,22.3022294,114.1762084,1.0,3.0,20.0
Tien Chu Commercial Building,WAN CHAI,52070,1827,52070,28,22.2798153,114.1783285,0.0,2.0,20.0
Millennium City 2,KWUN TONG,52029,1927,52029,27,22.3144685,114.2201636,2.0,0.0,4.0
"Electric Road, 148",NORTH POINT,52024,1858,52024,28,22.2864911,114.1917255,6.0,8.0,20.0
Beautiful Group Tower,SHEUNG WAN,52020,1530,52020,34,22.2863943,114.1491375,5.0,3.0,20.0
Westlands Centre,QUARRY BAY,52013,2408,52013,21,22.2867201,114.2133469,9.0,4.0,6.0
Park Avenue Tower,CAUSEWAY BAY,52010,2839,52010,18,22.27905,114.189255,1.0,5.0,16.0
Teda Building,SHEUNG WAN,52009,2135,52009,24,22.2859508,114.1519873,16.0,10.0,20.0
Tern Centre - Block 2,SHEUNG WAN,52004,1826,52004,28,22.2848965,114.1513687,13.0,16.0,20.0
Shun Tak Centre - West Tower,SHEUNG WAN,52000,1402,52000,37,22.2880334,114.1512041,0.0,1.0,20.0
Fairmont House,CENTRAL,52000,1300,52000,40,22.2799508,114.1626534,1.0,2.0,10.0
"King's Road, 1001",QUARRY BAY,51975,2079,51975,25,22.2849349,114.2124481,1.0,6.0,20.0
Tung Wai Commercial Building,WAN CHAI,51898,1685,51898,30,22.2791009,114.1744004,2.0,4.0,14.0
Houston Centre,TSIM SHA TSUI,51888,2162,51888,24,22.2980295,114.1768655,1.0,2.0,20.0
Shun Hei Causeway Bay Centre,CAUSEWAY BAY,51801,1671,51801,31,22.2804371,114.1828916,3.0,20.0,20.0
"Chinachem Exchange Square, Two",NORTH POINT,51750,2070,51750,25,22.2903966,114.1974685,3.0,0.0,10.0
Century Square,CENTRAL,51700,1034,51700,50,22.281508,114.155987,20.0,7.0,20.0
Albion Plaza,TSIM SHA TSUI,51660,1260,51660,41,22.2993375,114.1726271,6.0,14.0,20.0
Hon Kwok Jordan Centre,TSIM SHA TSUI,51576,1842,51576,28,22.3028979,114.172367,10.0,7.0,20.0
Winway Building,CENTRAL,51447,1559,51447,33,22.281714,114.155398,20.0,7.0,20.0
"Gateway, The - Tower 2",TSIM SHA TSUI,51428,1118,51428,46,22.2988123,114.1721746,3.0,6.0,20.0
Lippo Leighton Tower,CAUSEWAY BAY,51428,1978,51428,26,22.2773826,114.1855019,0.0,8.0,20.0
The Plaza,CENTRAL,51400,1028,51400,50,,,,,
Universal Trade Centre,CENTRAL,51328,2095,51328,24,22.2801898,114.1543013,4.0,3.0,20.0
Ocean Centre,TSIM SHA TSUI,51312,1069,51312,48,22.296249,114.1689005,0.0,6.0,16.0
Regent Centre,CENTRAL,51150,1550,51150,33,55.0114905,-1.6233664,3.0,1.0,0.0
Wayson Commercial Building,SHEUNG WAN,51150,2325,51150,22,22.2877985,114.1489811,2.0,2.0,11.0
Lee & Man Commercial Center,NORTH POINT,51125,2045,51125,25,22.287503,114.191589,4.0,6.0,20.0
Capitol Centre - Block 1,CAUSEWAY BAY,51120,1420,51120,36,22.279725,114.1845751,7.0,17.0,20.0
K11 Atelier King's Road,QUARRY BAY,50985,1133,50985,45,22.2883738,114.209851,1.0,1.0,20.0
Blissful Building,SHEUNG WAN,50908,1958,50908,26,22.2866586,114.1523939,10.0,6.0,20.0
Concordia Plaza,TSIM SHA TSUI,50882,1957,50882,26,22.2988123,114.1721746,3.0,6.0,20.0
Sun Hung Kai Centre,WAN CHAI,50875,925,50875,55,22.2804582,114.1768125,0.0,3.0,20.0
Wellable Commercial Building,CAUSEWAY BAY,50820,1694,50820,30,22.2803268,114.1834167,3.0,20.0,20.0
Wellable Commercial Building,CAUSEWAY BAY,50820,1694,50820,30,22.2803268,114.1834167,3.0,20.0,20.0
Wellable Commercial Building,CAUSEWAY BAY,50820,1694,50820,30,22.2803268,114.1834167,3.0,20.0,20.0
Wellable Commercial Building,CAUSEWAY BAY,50820,1694,50820,30,22.2803268,114.1834167,3.0,20.0,20.0
Cosco Tower,SHEUNG WAN,50800,1270,50800,40,22.2856235,114.1529485,10.0,10.0,20.0
"Yee Wo Street, 68",CAUSEWAY BAY,50760,1880,50760,27,22.2791924,114.1865722,6.0,4.0,20.0
New Henry House,CENTRAL,50750,725,50750,70,22.2808196,114.1584629,2.0,16.0,20.0
Landmark South,WONG CHUK HANG,50706,1878,50706,27,22.249265,114.167138,2.0,2.0,7.0
Manning House,CENTRAL,50700,780,50700,65,22.2819714,114.1561385,20.0,10.0,20.0
Koon Fook Centre,TSIM SHA TSUI,50653,1369,50653,37,22.3013136,114.1738698,3.0,2.0,20.0
Star House,TSIM SHA TSUI,50605,1745,50605,29,22.2946183,114.1691682,0.0,4.0,20.0
Harbour Commercial Building,SHEUNG WAN,50600,2200,50600,23,22.2868526,114.1524233,7.0,3.0,20.0
Tai Yau Building,WAN CHAI,50561,1631,50561,31,22.276967,114.17455,3.0,8.0,20.0
New Henry House,CENTRAL,50400,720,50400,70,22.2808196,114.1584629,2.0,16.0,20.0
Wyndham Place,CENTRAL,50400,1800,50400,28,22.2801595,114.1550448,9.0,9.0,20.0
Yee On 168 (E168),SHEUNG WAN,50400,1680,50400,30,22.2863943,114.1491375,5.0,3.0,20.0
Yee On 168 (E168),SHEUNG WAN,50400,1680,50400,30,22.2863943,114.1491375,5.0,3.0,20.0
"King's Road, 1001",QUARRY BAY,50375,2015,50375,25,22.2849349,114.2124481,1.0,6.0,20.0
K Wah Centre,NORTH POINT,50347,2189,50347,23,22.2932357,114.2047775,0.0,2.0,0.0
Cheong Sun Tower,SHEUNG WAN,50284,1934,50284,26,22.2867552,114.1499619,6.0,8.0,20.0
Millennium City 1 - Standard Chartered Tower,KWUN TONG,50275,2011,50275,25,22.3135663,114.2216182,2.0,5.0,20.0
Fairmont House,CENTRAL,50248,1142,50248,44,22.2799508,114.1626534,1.0,2.0,10.0
Tern Plaza,TSIM SHA TSUI,50208,1569,50208,32,22.2988487,114.1727786,5.0,6.0,20.0
Lippo Centre - Tower 2,ADMIRALTY,50190,1195,50190,42,22.2792541,114.1636196,1.0,3.0,17.0
Millennium City 2,KWUN TONG,50176,1792,50176,28,22.3144685,114.2201636,2.0,0.0,4.0
Plaza 228,WAN CHAI,50160,1520,50160,33,22.278008,114.178712,13.0,8.0,20.0
"Austin Road, 102",JORDAN,50148,1791,50148,28,22.303107,114.1723006,10.0,6.0,20.0
AIA Tower,NORTH POINT,50106,1193,50106,42,22.2880413,114.1923207,3.0,9.0,20.0
Lippo Leighton Tower,CAUSEWAY BAY,50004,1978,50004,25,22.2773826,114.1855019,0.0,8.0,20.0
China Insurance Group Building,SHEUNG WAN,50002,2300,50002,21,22.2863943,114.1491375,5.0,3.0,20.0
Beautiful Group Tower,SHEUNG WAN,50000,860,50000,58,22.2863943,114.1491375,5.0,3.0,20.0
Soho Tower,TSIM SHA TSUI,50000,1000,50000,50,22.299535,114.175103,5.0,7.0,20.0
Soho Tower,TSIM SHA TSUI,50000,1000,50000,50,22.299535,114.175103,5.0,7.0,20.0
Winning Centre,CENTRAL,50000,2000,50000,25,22.2802377,114.1548736,9.0,8.0,20.0
OfficePlus @Sheung Wan,SHEUNG WAN,49996,1450,49996,34,22.2860162,114.1516854,18.0,9.0,20.0
Professional Building,CAUSEWAY BAY,49992,1925,49992,25,22.2859787,114.1914919,3.0,5.0,20.0
K Wah Centre,NORTH POINT,49989,2850,49989,17,22.2932357,114.2047775,0.0,2.0,0.0
Eubank Plaza,CENTRAL,49966,1660,49966,30,22.282598,114.1564993,20.0,8.0,20.0
Beverley Commercial Centre,TSIM SHA TSUI,49950,1850,49950,27,22.301402,114.1759366,2.0,6.0,20.0
Ocean Centre,TSIM SHA TSUI,49830,1661,49830,30,22.296249,114.1689005,0.0,6.0,16.0
United Asia Finance Centre,WAN CHAI,49830,1510,49830,33,22.276022,114.1751471,2.0,2.0,12.0
Houston Centre,TSIM SHA TSUI,49726,2162,49726,23,22.2980295,114.1768655,1.0,2.0,20.0
"Chinachem Exchange Square, Two",NORTH POINT,49720,2260,49720,22,22.2903966,114.1974685,3.0,0.0,10.0
1 Lyndhurst Tower,CENTRAL,49660,1910,49660,26,22.2826214,114.1546879,20.0,20.0,20.0
"Hennessy Road, 239",WAN CHAI,49620,1654,49620,30,22.2781411,114.1760179,4.0,3.0,20.0
Silvercord - Tower 2,TSIM SHA TSUI,49566,1502,49566,33,22.2977836,114.169295,1.0,10.0,20.0
K Wah Centre,NORTH POINT,49518,2751,49518,18,22.2932357,114.2047775,0.0,2.0,0.0
Tern Commercial Building,TSIM SHA TSUI,49514,1303,49514,38,22.3002277,114.1745591,7.0,6.0,20.0
Tern Commercial Building,TSIM SHA TSUI,49501,1303,49501,37,22.3002277,114.1745591,7.0,6.0,20.0
Harbour Commercial Building,SHEUNG WAN,49500,2200,49500,22,22.2868526,114.1524233,7.0,3.0,20.0
Chung Fung Commercial Building,TSIM SHA TSUI,49438,1301,49438,38,22.2968569,114.1695076,0.0,8.0,20.0
The Hennessy,WAN CHAI,49320,1644,49320,30,22.2776914,114.1761051,7.0,1.0,20.0
Chinachem Exchange Square,QUARRY BAY,49289,2143,49289,23,22.2880754,114.2117901,3.0,8.0,20.0
China Hong Kong Tower,WAN CHAI,49230,1641,49230,30,22.2775703,114.1685479,3.0,8.0,20.0
C C Wu Building,WAN CHAI,49140,1755,49140,28,22.2777777,114.1778408,6.0,6.0,20.0
Concordia Plaza,TSIM SHA TSUI,49140,1890,49140,26,22.2988123,114.1721746,3.0,6.0,20.0
Yam Tze Commercial Building,WAN CHAI,49120,2456,49120,20,22.277193,114.171067,5.0,4.0,20.0
Hong Kong Plaza,WESTERN / KENNEDY TOWN,49042,1582,49042,31,22.2870384,114.1359074,1.0,1.0,20.0
Lippo Leighton Tower,CAUSEWAY BAY,49036,1886,49036,26,22.2773826,114.1855019,0.0,8.0,20.0
"Hing Fat Street, 88",NORTH POINT,49000,1400,49000,35,22.2857461,114.1907881,1.0,4.0,20.0
East Town Building,WAN CHAI,48980,1580,48980,31,22.2783849,114.1705822,2.0,4.0,20.0
Plaza 228,WAN CHAI,48939,1483,48939,33,22.278008,114.178712,13.0,8.0,20.0
New Henry House,CENTRAL,48930,699,48930,70,22.2808196,114.1584629,2.0,16.0,20.0
"Electric Road, 148",NORTH POINT,48916,1747,48916,28,22.2864911,114.1917255,6.0,8.0,20.0
Lippo Sun Plaza,TSIM SHA TSUI,48544,1517,48544,32,22.2969792,114.1697718,6.0,8.0,20.0
"Electric Road, 148",NORTH POINT,48496,1732,48496,28,22.2864911,114.1917255,6.0,8.0,20.0
K Wah Centre,NORTH POINT,48468,2308,48468,21,22.2932357,114.2047775,0.0,2.0,0.0
Lippo Centre - Tower 1,ADMIRALTY,48450,969,48450,50,22.2791796,114.1636752,0.0,3.0,17.0
Hollywood Centre,SHEUNG WAN,48343,1667,48343,29,22.285523,114.1482076,2.0,8.0,20.0
K Wah Centre,NORTH POINT,48312,2196,48312,22,22.2932357,114.2047775,0.0,2.0,0.0
Park Tower,JORDAN,48300,2100,48300,23,30.585164,36.238414,2.0,20.0,20.0
Prosperous Building,CENTRAL,48280,1207,48280,40,22.2833466,114.1564528,20.0,7.0,20.0
Prosperous Building,CENTRAL,48280,1207,48280,40,22.2833466,114.1564528,20.0,7.0,20.0
Eastcore,KWUN TONG,48224,3014,48224,16,22.313354,114.2228428,12.0,6.0,20.0
Pacific Plaza,WESTERN / KENNEDY TOWN,48216,1722,48216,28,22.2822235,114.1292619,1.0,1.0,20.0
Westlands Centre,QUARRY BAY,48160,2408,48160,20,22.2867201,114.2133469,9.0,4.0,6.0
Westlands Centre,QUARRY BAY,48160,2408,48160,20,22.2867201,114.2133469,9.0,4.0,6.0
Austin Plaza,JORDAN,48132,1719,48132,28,22.3033986,114.1710135,4.0,2.0,20.0
"Pak Sha Road, 18-20 - Res",CAUSEWAY BAY,48004,1235,48004,38,22.279069,114.1843056,5.0,16.0,20.0
Silvercord - Tower 2,TSIM SHA TSUI,48004,1100,48004,43,22.2977836,114.169295,1.0,10.0,20.0
Goldsland Building,TSIM SHA TSUI,48003,2275,48003,21,22.2966394,114.1747687,2.0,2.0,20.0
Fortune House,CENTRAL,48000,2400,48000,20,22.2854027,114.1556704,4.0,8.0,20.0
Wing Kwok Centre,JORDAN,48000,960,48000,50,22.3036104,114.1703287,3.0,7.0,20.0
VC House,CENTRAL,47998,1305,47998,36,22.2808081,114.1565141,14.0,14.0,20.0
Duke Wellington House,CENTRAL,47996,1300,47996,36,22.2811316,114.1558402,20.0,17.0,20.0
Tung Kai Building,WAN CHAI,47996,520,47996,92,22.2786716,114.1743549,5.0,5.0,20.0
New East Ocean Centre,TSIM SHA TSUI,47996,1959,47996,24,22.3015123,114.1789922,0.0,1.0,12.0
VC House,CENTRAL,47995,1220,47995,39,22.2808081,114.1565141,14.0,14.0,20.0
Chung Wai Commercial Building,CAUSEWAY BAY,47993,1526,47993,31,22.2801843,114.1813834,10.0,4.0,20.0
Ocean Centre,TSIM SHA TSUI,47957,1547,47957,31,22.296249,114.1689005,0.0,6.0,16.0
The Loop,CENTRAL,47796,1707,47796,28,22.2820149,114.155444,20.0,13.0,20.0
Landmark South,WONG CHUK HANG,47790,1770,47790,27,22.249265,114.167138,2.0,2.0,7.0
Nan Dao Commercial Building,SHEUNG WAN,47760,1990,47760,24,22.2862329,114.1493844,6.0,3.0,20.0
New Henry House,CENTRAL,47600,680,47600,70,22.2808196,114.1584629,2.0,16.0,20.0
New Henry House,CENTRAL,47600,680,47600,70,22.2808196,114.1584629,2.0,16.0,20.0
New Henry House,CENTRAL,47600,680,47600,70,22.2808196,114.1584629,2.0,16.0,20.0
New Henry House,CENTRAL,47600,680,47600,70,22.2808196,114.1584629,2.0,16.0,20.0
"Des Voeux Road West, 33",SHEUNG WAN,47550,1902,47550,25,22.2878391,114.1467251,0.0,3.0,15.0
LKF29 (Onfem Tower),CENTRAL,47520,1440,47520,33,22.280332,114.155545,11.0,10.0,20.0
"Cheung Sha Wan Road, 909",CHEUNG SHA WAN / LAI CHI KOK,47493,1759,47493,27,22.3362653,114.1462645,2.0,4.0,7.0
"Cheung Sha Wan Road, 909",CHEUNG SHA WAN / LAI CHI KOK,47493,1759,47493,27,22.3362653,114.1462645,2.0,4.0,7.0
Sun Hung Kai Centre,WAN CHAI,47430,765,47430,62,22.2804582,114.1768125,0.0,3.0,20.0
Siu On Plaza,CAUSEWAY BAY,47425,1355,47425,35,22.2808991,114.1827881,3.0,20.0,20.0
Chuang's Tower,CENTRAL,47385,1053,47385,45,22.2835613,114.1570651,9.0,6.0,20.0
Kam Sang Building,SHEUNG WAN,47334,2058,47334,23,22.2868204,114.1520749,8.0,4.0,20.0
Admiralty Centre - Tower 1,ADMIRALTY,47310,1245,47310,38,22.2792728,114.1650221,0.0,4.0,20.0
Admiralty Centre - Tower 1,ADMIRALTY,47310,1245,47310,38,22.2792728,114.1650221,0.0,4.0,20.0
Landmark South,WONG CHUK HANG,47304,1752,47304,27,22.249265,114.167138,2.0,2.0,7.0
Lee & Man Commercial Center,NORTH POINT,47196,1748,47196,27,22.287503,114.191589,4.0,6.0,20.0
Chinachem Golden Plaza,TSIM SHA TSUI,47150,2050,47150,23,22.2988123,114.1721746,3.0,6.0,20.0
China Insurance Building,TSIM SHA TSUI,47040,1680,47040,28,22.2991175,114.1750077,2.0,5.0,20.0
Wyndham Place,CENTRAL,47040,1680,47040,28,22.2801595,114.1550448,9.0,9.0,20.0
"Electric Road, 148",NORTH POINT,46984,1678,46984,28,22.2864911,114.1917255,6.0,8.0,20.0
Lippo Sun Plaza,TSIM SHA TSUI,46976,1468,46976,32,22.2969792,114.1697718,6.0,8.0,20.0
One Hysan Avenue,CAUSEWAY BAY,46896,977,46896,48,22.2780133,114.1838089,1.0,8.0,20.0
Grand Century Place - Tower I,MONG KOK / TAI KOK TSUI,46800,1300,46800,36,22.3198474,114.1620857,0.0,6.0,20.0
Admiralty Centre - Tower 1,ADMIRALTY,46740,1230,46740,38,22.2792728,114.1650221,0.0,4.0,20.0
Printing House,CENTRAL,46695,849,46695,55,22.279818,114.1571925,2.0,3.0,20.0
Max Share Centre,NORTH POINT,46690,2030,46690,23,22.2909318,114.1979579,4.0,0.0,18.0
Eubank Plaza,CENTRAL,46683,1197,46683,39,22.282598,114.1564993,20.0,8.0,20.0
"Metropolis Tower, The",HUNG HOM / TO KWA WAN,46656,1458,46656,32,22.30364,114.1833002,0.0,0.0,16.0
Chinachem Golden Plaza,TSIM SHA TSUI,46620,1665,46620,28,22.2988123,114.1721746,3.0,6.0,20.0
Wing On Cheong Building,SHEUNG WAN,46603,1941,46603,24,22.285674,114.1537514,5.0,11.0,20.0
Sands Building,TSIM SHA TSUI,46528,1454,46528,32,22.2965222,114.1709494,8.0,3.0,20.0
Sands Building,TSIM SHA TSUI,46528,1454,46528,32,22.2965222,114.1709494,8.0,3.0,20.0
"King's Road, 1063",QUARRY BAY,46512,1224,46512,38,22.2849855,114.213756,6.0,4.0,11.0
Guangdong Finance Building,SHEUNG WAN,46420,2110,46420,22,22.2882584,114.1457546,0.0,0.0,11.0
Chinachem Golden Plaza,TSIM SHA TSUI,46414,2018,46414,23,22.2988123,114.1721746,3.0,6.0,20.0
Park Tower,JORDAN,46350,1030,46350,45,30.585164,36.238414,2.0,20.0,20.0
Strand 50 (Bonham Trade Centre),SHEUNG WAN,46260,1542,46260,30,22.285767,114.1512853,20.0,14.0,20.0
Admiralty Centre - Tower 1,ADMIRALTY,46246,1217,46246,38,22.2792728,114.1650221,0.0,4.0,20.0
Siu On Plaza,CAUSEWAY BAY,46240,1445,46240,32,22.2808991,114.1827881,3.0,20.0,20.0
Chinachem Golden Plaza,TSIM SHA TSUI,46230,2010,46230,23,22.2988123,114.1721746,3.0,6.0,20.0
Chinachem Golden Plaza,TSIM SHA TSUI,46230,2010,46230,23,22.2988123,114.1721746,3.0,6.0,20.0
"Nathan Road, 700",MONG KOK / TAI KOK TSUI,46208,1216,46208,38,22.3206,114.1694808,5.0,8.0,20.0
"Gateway, The - Tower 1",TSIM SHA TSUI,46200,1100,46200,42,22.2988123,114.1721746,3.0,6.0,20.0
"Sea View Estate, Block B",NORTH POINT,46080,3840,46080,12,22.2873828,114.1910307,3.0,4.0,16.0
World Trust Tower,CENTRAL,46048,1439,46048,32,22.282781,114.1550594,17.0,15.0,20.0
Centre Point,WAN CHAI,46044,2558,46044,18,22.2785368,114.1709438,2.0,3.0,20.0
Tai Tung Building,WAN CHAI,46008,1278,46008,36,22.2773668,114.1746362,4.0,5.0,20.0
Shun On Commercial Building,CENTRAL,46005,1500,46005,30,22.2849974,114.1551059,6.0,19.0,20.0
Gold Swan Commercial Buidling,CAUSEWAY BAY,46002,1320,46002,34,22.2793302,114.1816904,15.0,6.0,20.0
OfficePlus @Sheung Wan,SHEUNG WAN,46001,1050,46001,43,22.2860162,114.1516854,18.0,9.0,20.0
Li Dong Building,CENTRAL,45995,1380,45995,33,22.2828948,114.1563008,20.0,5.0,20.0
Toi Shan Centre,WAN CHAI,45994,1310,45994,35,22.2764477,114.1734765,2.0,5.0,20.0
Universal Trade Centre,CENTRAL,45925,1670,45925,27,22.2801898,114.1543013,4.0,3.0,20.0
"Lan Kwai Fong, 1",CENTRAL,45850,917,45850,50,22.2810301,114.155664,20.0,13.0,20.0
"Lan Kwai Fong, 1",CENTRAL,45850,917,45850,50,22.2810301,114.155664,20.0,13.0,20.0
Lee West Commercial Building,WAN CHAI,45850,1834,45850,25,22.2790815,114.1798681,6.0,1.0,20.0
Lee West Commercial Building,WAN CHAI,45850,1834,45850,25,22.2790815,114.1798681,6.0,1.0,20.0
Lee West Commercial Building,WAN CHAI,45850,1834,45850,25,22.2790815,114.1798681,6.0,1.0,20.0
Lee West Commercial Building,WAN CHAI,45850,1834,45850,25,22.2790815,114.1798681,6.0,1.0,20.0
Cosco Tower,SHEUNG WAN,45840,1146,45840,40,22.2856235,114.1529485,10.0,10.0,20.0
Eastmark,KOWLOON BAY,45775,1831,45775,25,22.322232,114.211175,5.0,4.0,20.0
Chinachem Leighton Plaza,CAUSEWAY BAY,45752,1204,45752,38,22.277239,114.1819529,11.0,15.0,20.0
Citicorp Centre,NORTH POINT,45750,1830,45750,25,22.2862718,114.1902927,0.0,4.0,16.0
Shun Kwong Commercial Building,SHEUNG WAN,45654,2174,45654,21,22.2878743,114.1479066,1.0,3.0,16.0
Centre Mark II,SHEUNG WAN,45612,1629,45612,28,22.2853198,114.1503378,11.0,20.0,20.0
Plaza 228,WAN CHAI,45588,1572,45588,29,22.278008,114.178712,13.0,8.0,20.0
"Hennessy Road, 369",WAN CHAI,45570,1470,45570,31,22.2789401,114.1795671,7.0,1.0,20.0
Mirror Tower,TSIM SHA TSUI,45501,1410,45501,32,22.297553,114.176456,1.0,3.0,20.0
Ho Lee Commercial Building,CENTRAL,45496,1100,45496,41,,,,,
Cheong Sun Tower,SHEUNG WAN,45402,1974,45402,23,22.2867552,114.1499619,6.0,8.0,20.0
Leighton Centre,CAUSEWAY BAY,45402,1081,45402,42,22.2776353,114.1829035,12.0,16.0,20.0
"Harbourfront, One",HUNG HOM / TO KWA WAN,45216,1256,45216,36,22.3173373,114.1879691,0.0,0.0,14.0
Lippo Centre - Tower 2,ADMIRALTY,45192,1076,45192,42,22.2792541,114.1636196,1.0,3.0,17.0
The Loop,CENTRAL,45180,1506,45180,30,22.2820149,114.155444,20.0,13.0,20.0
Tesbury Centre,WAN CHAI,45144,1188,45144,38,22.2773482,114.1684007,3.0,10.0,20.0
299QRC,SHEUNG WAN,45063,1669,45063,27,22.2849577,114.150647,9.0,20.0,20.0
Canton Plaza,TSIM SHA TSUI,45005,1431,45005,31,22.2986894,114.1688852,1.0,7.0,20.0
L' Hart,CAUSEWAY BAY,45004,1267,45004,35,22.2807387,114.1827755,3.0,20.0,20.0
South Seas Centre - Tower 1,TSIM SHA TSUI,45001,1574,45001,28,22.3000671,114.178459,1.0,6.0,20.0
Shun Pont Commercial Building,WAN CHAI,45000,1868,45000,24,22.2771789,114.1706856,7.0,5.0,20.0
Sunshine Plaza,WAN CHAI,44998,780,44998,57,22.2794665,114.1787996,7.0,3.0,20.0
Centre Mark II,SHEUNG WAN,44998,525,44998,85,22.2853198,114.1503378,11.0,20.0,20.0
Oriental Crystal Finance Centre,TSIM SHA TSUI,44997,1698,44997,26,22.3013353,114.1762579,2.0,6.0,20.0
Dominion Centre,WAN CHAI,44996,1570,44996,28,22.2764258,114.1692496,2.0,11.0,20.0
Grand Millennium Plaza,SHEUNG WAN,44960,1405,44960,32,22.2856235,114.1529485,10.0,10.0,20.0
Casey Building,SHEUNG WAN,44940,2140,44940,21,22.2849342,114.1498393,3.0,16.0,20.0
Casey Building,SHEUNG WAN,44940,2140,44940,21,22.2849342,114.1498393,3.0,16.0,20.0
Park Commercial Centre,CAUSEWAY BAY,44940,1498,44940,30,22.2819266,114.1920769,0.0,1.0,4.0
China Overseas Building,WAN CHAI,44856,1246,44856,36,22.2778337,114.1727784,2.0,7.0,20.0
Park Commercial Centre,CAUSEWAY BAY,44850,1495,44850,30,22.2819266,114.1920769,0.0,1.0,4.0
"Jardine's Bazaar, 36",CAUSEWAY BAY,44803,1100,44803,40,22.2795135,114.1854045,12.0,4.0,20.0
Island Place Tower,NORTH POINT,44770,2035,44770,22,22.2914596,114.2030318,1.0,4.0,20.0
Siu On Plaza,CAUSEWAY BAY,44715,1355,44715,33,22.2808991,114.1827881,3.0,20.0,20.0
"Hennessy Road, 239",WAN CHAI,44658,1654,44658,27,22.2781411,114.1760179,4.0,3.0,20.0
"Hennessy Road, 239",WAN CHAI,44658,1654,44658,27,22.2781411,114.1760179,4.0,3.0,20.0
"Hennessy Road, 369",WAN CHAI,44640,1440,44640,31,22.2789401,114.1795671,7.0,1.0,20.0
Loke Yew Building,CENTRAL,44640,930,44640,48,22.28223,114.156059,20.0,8.0,20.0
Wah Hing Commercial Building,WAN CHAI,44604,1593,44604,28,22.2787928,114.1770851,4.0,3.0,20.0
Somptueux Central,CENTRAL,44550,1350,44550,33,22.281856,114.1553265,20.0,10.0,20.0
Kwai Hung Holdings Centre,NORTH POINT,44520,1590,44520,28,22.2865427,114.19268,3.0,5.0,20.0
Landmark South,WONG CHUK HANG,44415,1645,44415,27,22.249265,114.167138,2.0,2.0,7.0
Lucky Building,CENTRAL,44384,1387,44384,32,22.2822369,114.155333,20.0,12.0,20.0
Lucky Building,CENTRAL,44384,1387,44384,32,22.2822369,114.155333,20.0,12.0,20.0
Yu Yuet Lai Building,CENTRAL,44316,1231,44316,36,22.280928,114.1549201,16.0,10.0,20.0
Yu Yuet Lai Building,CENTRAL,44316,1231,44316,36,22.280928,114.1549201,16.0,10.0,20.0
Siu On Centre,WAN CHAI,44256,1844,44256,24,22.2781247,114.1742393,6.0,8.0,20.0
Landmark South,WONG CHUK HANG,44250,1770,44250,25,22.249265,114.167138,2.0,2.0,7.0
Pioneer Centre,MONG KOK / TAI KOK TSUI,44226,1134,44226,39,22.3225044,114.1690164,3.0,8.0,20.0
Eton Building,SHEUNG WAN,44200,2210,44200,20,22.2866054,114.1511878,15.0,7.0,20.0
China Hong Kong City - Tower 1,TSIM SHA TSUI,44128,1576,44128,28,22.3008733,114.1679008,0.0,5.0,15.0
Port 33,SAN PO KONG,44100,2450,44100,18,22.3354887,114.1977189,4.0,6.0,20.0
Winsan Tower,WAN CHAI,44088,2004,44088,22,22.2770786,114.1741561,3.0,8.0,20.0
Winsan Tower,WAN CHAI,44088,2004,44088,22,22.2770786,114.1741561,3.0,8.0,20.0
Plaza 228,WAN CHAI,44016,1572,44016,28,22.278008,114.178712,13.0,8.0,20.0
Plaza 228,WAN CHAI,44016,1572,44016,28,22.278008,114.178712,13.0,8.0,20.0
Delta House,SHATIN / FO TAN,44004,2316,44004,19,22.3985709,114.1929428,1.0,0.0,9.0
Kam Lung Commercial Centre,TSIM SHA TSUI,43995,1398,43995,31,22.2981654,114.1743295,10.0,8.0,20.0
Inter-Continental Plaza,TSIM SHA TSUI,43940,1690,43940,26,22.2993813,114.1765868,0.0,2.0,20.0
Kinwick Centre,CENTRAL,43920,1098,43920,40,22.2820704,114.1532016,10.0,20.0,20.0
Wing Kwok Centre,JORDAN,43809,1718,43809,25,22.3036104,114.1703287,3.0,7.0,20.0
Effectual Building,WAN CHAI,43804,1688,43804,25,22.2775785,114.1686596,3.0,7.0,20.0
Lamma Tower,TSIM SHA TSUI,43802,1208,43802,36,22.2996133,114.1738698,5.0,3.0,20.0
"Jardine's Bazaar, 36",CAUSEWAY BAY,43802,1100,43802,39,22.2795135,114.1854045,12.0,4.0,20.0
Lucky Building,CENTRAL,43776,1368,43776,32,22.2822369,114.155333,20.0,12.0,20.0
Ritz Plaza,JORDAN,43775,1751,43775,25,30.585164,36.238414,2.0,20.0,20.0
Ritz Plaza,JORDAN,43775,1751,43775,25,30.585164,36.238414,2.0,20.0,20.0
Bowtie Life Insurance Tower,WAN CHAI,43750,1250,43750,35,22.2762761,114.1717334,1.0,17.0,20.0
Bowtie Life Insurance Tower,WAN CHAI,43750,1250,43750,35,22.2762761,114.1717334,1.0,17.0,20.0
Bowtie Life Insurance Tower,WAN CHAI,43750,1250,43750,35,22.2762761,114.1717334,1.0,17.0,20.0
Bowtie Life Insurance Tower,WAN CHAI,43750,1250,43750,35,22.2762761,114.1717334,1.0,17.0,20.0
Bowtie Life Insurance Tower,WAN CHAI,43750,1250,43750,35,22.2762761,114.1717334,1.0,17.0,20.0
Bowtie Life Insurance Tower,WAN CHAI,43750,1250,43750,35,22.2762761,114.1717334,1.0,17.0,20.0
Bowtie Life Insurance Tower,WAN CHAI,43750,1250,43750,35,22.2762761,114.1717334,1.0,17.0,20.0
Bowtie Life Insurance Tower,WAN CHAI,43750,1250,43750,35,22.2762761,114.1717334,1.0,17.0,20.0
Fortress Tower,NORTH POINT,43725,1749,43725,25,22.2887539,114.1942602,6.0,2.0,20.0
Printing House,CENTRAL,43725,795,43725,55,22.279818,114.1571925,2.0,3.0,20.0
"Hennessy Road, 369",WAN CHAI,43710,1410,43710,31,22.2789401,114.1795671,7.0,1.0,20.0
Chinachem Golden Plaza,TSIM SHA TSUI,43700,1900,43700,23,22.2988123,114.1721746,3.0,6.0,20.0
"Heung Yip Road, 41",WONG CHUK HANG,43680,2080,43680,21,22.2477698,114.1632639,4.0,2.0,3.0
299QRC,SHEUNG WAN,43674,1506,43674,29,22.2849577,114.150647,9.0,20.0,20.0
"Heung Yip Road, 41",WONG CHUK HANG,43560,1980,43560,22,22.2477698,114.1632639,4.0,2.0,3.0
OfficePlus@Wan Chai (CRE Building),WAN CHAI,43501,1093,43501,39,22.2783772,114.1776866,4.0,5.0,20.0
Wharf T & T Centre,TSIM SHA TSUI,43413,1497,43413,29,22.2970382,114.1686482,0.0,8.0,20.0
"Hing Fat Street, 88",NORTH POINT,43400,1400,43400,31,22.2857461,114.1907881,1.0,4.0,20.0
Corporation Park,SHATIN / FO TAN,43376,2711,43376,16,22.3893273,114.2076659,9.0,3.0,15.0
Shanghai Industrial Investment Building,WAN CHAI,43210,1490,43210,29,22.2773742,114.1708509,7.0,4.0,20.0
Tung Ning Building,SHEUNG WAN,43202,1477,43202,29,22.2867479,114.1522625,8.0,4.0,20.0
Bank of Dongguan Tower (BOC Group Life Assurance Tower),SHEUNG WAN,43183,1393,43183,31,22.2863943,114.1491375,5.0,3.0,20.0
"Heung Yip Road, 41",WONG CHUK HANG,43150,1726,43150,25,22.2477698,114.1632639,4.0,2.0,3.0
The HUB,WONG CHUK HANG,43128,1797,43128,24,22.2490089,114.1643124,2.0,0.0,3.0
Chinachem Johnston Plaza,WAN CHAI,43123,1487,43123,29,22.2769742,114.1756487,7.0,4.0,20.0
"Hennessy Road, 239",WAN CHAI,43004,1654,43004,26,22.2781411,114.1760179,4.0,3.0,20.0
"Hennessy Road, 239",WAN CHAI,43004,1654,43004,26,22.2781411,114.1760179,4.0,3.0,20.0
Great Smart Tower,WAN CHAI,42997,1265,42997,33,22.278089,114.178909,13.0,6.0,20.0
Tin On Sing Commercial Building,CENTRAL,42997,1760,42997,24,22.2828109,114.1534409,11.0,20.0,20.0
Westlands Centre,QUARRY BAY,42980,2149,42980,20,22.2867201,114.2133469,9.0,4.0,6.0
Energy Plaza,TSIM SHA TSUI,42825,1713,42825,25,22.2999261,114.1767262,0.0,2.0,11.0
"Zoroastrian Building, The",CAUSEWAY BAY,42822,1647,42822,26,22.2773212,114.1850976,0.0,10.0,20.0
"Zoroastrian Building, The",CAUSEWAY BAY,42822,1647,42822,26,22.2773212,114.1850976,0.0,10.0,20.0
Landmark South,WONG CHUK HANG,42770,1645,42770,26,22.249265,114.167138,2.0,2.0,7.0
Landmark South,WONG CHUK HANG,42770,1645,42770,26,22.249265,114.167138,2.0,2.0,7.0
"Chinese Bank Building, The",CENTRAL,42735,1221,42735,35,,,,,
"Harbourfront, Two",HUNG HOM / TO KWA WAN,42732,1187,42732,36,22.3173373,114.1879691,0.0,0.0,14.0
The Wave,TSIM SHA TSUI,42700,1708,42700,25,22.2988123,114.1721746,3.0,6.0,20.0
Harcourt House,WAN CHAI,42660,1580,42660,27,22.2790727,114.1698835,0.0,0.0,10.0
Energy Plaza,TSIM SHA TSUI,42650,1706,42650,25,22.2999261,114.1767262,0.0,2.0,11.0
Park Commercial Centre,CAUSEWAY BAY,42600,1420,42600,30,22.2819266,114.1920769,0.0,1.0,4.0
Marina 8,WONG CHUK HANG,42536,1636,42536,26,22.2484741,114.1677273,4.0,2.0,12.0
Causeway Bay Centre,CAUSEWAY BAY,42525,1215,42525,35,22.2800677,114.1866883,6.0,2.0,20.0
China Overseas Building,WAN CHAI,42480,1180,42480,36,22.2778337,114.1727784,2.0,7.0,20.0
Landmark South,WONG CHUK HANG,42480,1770,42480,24,22.249265,114.167138,2.0,2.0,7.0
Lippo Sun Plaza,TSIM SHA TSUI,42464,1327,42464,32,22.2969792,114.1697718,6.0,8.0,20.0
Easey Commercial Building,WAN CHAI,42390,1570,42390,27,22.2781617,114.1763439,5.0,3.0,20.0
Millennium City 2,KWUN TONG,42336,1568,42336,27,22.3144685,114.2201636,2.0,0.0,4.0
Millennium City 2,KWUN TONG,42336,1568,42336,27,22.3144685,114.2201636,2.0,0.0,4.0
Fu Fai Commercial Centre,SHEUNG WAN,42320,1840,42320,23,22.2861111,114.1530158,6.0,6.0,20.0
Wong Tze Building,KWUN TONG,42320,2116,42320,20,22.311084,114.2250719,6.0,6.0,20.0
Yue On Commercial Building,WAN CHAI,42320,2116,42320,20,22.2796684,114.1798147,5.0,1.0,20.0
Inter-Continental Plaza,TSIM SHA TSUI,42250,1690,42250,25,22.2993813,114.1765868,0.0,2.0,20.0
One Capital Place,WAN CHAI,42228,1564,42228,27,22.2784631,114.1719656,3.0,7.0,20.0
Effectual Building,WAN CHAI,42200,1688,42200,25,22.2775785,114.1686596,3.0,7.0,20.0
Hollywood Centre,SHEUNG WAN,42137,1453,42137,29,22.285523,114.1482076,2.0,8.0,20.0
Centre Point,WAN CHAI,42072,1753,42072,24,22.2785368,114.1709438,2.0,3.0,20.0
Shanghai Industrial Investment Building,WAN CHAI,42050,1450,42050,29,22.2773742,114.1708509,7.0,4.0,20.0
Centre Point,WAN CHAI,42024,1751,42024,24,22.2785368,114.1709438,2.0,3.0,20.0
Success Commercial Building,WAN CHAI,42008,2288,42008,18,22.276022,114.1751471,2.0,2.0,12.0
Kam Sang Building,SHEUNG WAN,42003,1463,42003,28,22.2868204,114.1520749,8.0,4.0,20.0
"Sea View Estate, Block B",NORTH POINT,42001,2506,42001,16,22.2873828,114.1910307,3.0,4.0,16.0
Cameron Centre,TSIM SHA TSUI,42000,2100,42000,20,22.2991935,114.1755651,1.0,4.0,20.0
"Hing Fat Street, 88",NORTH POINT,42000,1400,42000,30,22.2857461,114.1907881,1.0,4.0,20.0
Manulife Tower (West Tower),KWUN TONG,42000,2100,42000,20,22.315698,114.2331057,0.0,0.0,0.0
Shun On Commercial Building,CENTRAL,42000,1500,42000,28,22.2849974,114.1551059,6.0,19.0,20.0
Shun On Commercial Building,CENTRAL,42000,1500,42000,28,22.2849974,114.1551059,6.0,19.0,20.0
Lippo Sun Plaza,TSIM SHA TSUI,41963,1447,41963,29,22.2969792,114.1697718,6.0,8.0,20.0
Plaza 228,WAN CHAI,41944,1498,41944,28,22.278008,114.178712,13.0,8.0,20.0
Prosperity Millennia Plaza,NORTH POINT,41900,2095,41900,20,22.2916983,114.2081683,1.0,1.0,5.0
Effectual Building,WAN CHAI,41862,1688,41862,24,22.2775785,114.1686596,3.0,7.0,20.0
HKHC Tower,JORDAN,41860,1196,41860,35,22.3051095,114.1713618,2.0,3.0,20.0
Kowloon Centre,TSIM SHA TSUI,41820,1275,41820,32,22.2975863,114.1702704,10.0,7.0,20.0
Mirror Tower,TSIM SHA TSUI,41796,1180,41796,35,22.297553,114.176456,1.0,3.0,20.0
Effectual Building,WAN CHAI,41795,1688,41795,24,22.2775785,114.1686596,3.0,7.0,20.0
Universal Trade Centre,CENTRAL,41750,1670,41750,25,22.2801898,114.1543013,4.0,3.0,20.0
Universal Trade Centre,CENTRAL,41750,1670,41750,25,22.2801898,114.1543013,4.0,3.0,20.0
Kinwick Centre,CENTRAL,41724,1098,41724,38,22.2820704,114.1532016,10.0,20.0,20.0
Landmark South,WONG CHUK HANG,41700,1668,41700,25,22.249265,114.167138,2.0,2.0,7.0
Methodist House,WAN CHAI,41692,1489,41692,28,22.2774858,114.1701312,4.0,2.0,20.0
Wong Tze Building,KWUN TONG,41620,2081,41620,20,22.311084,114.2250719,6.0,6.0,20.0
Kinwick Centre,CENTRAL,41520,1038,41520,40,22.2820704,114.1532016,10.0,20.0,20.0
Kinwick Centre,CENTRAL,41520,1038,41520,40,22.2820704,114.1532016,10.0,20.0,20.0
Tower 188,WAN CHAI,41520,1730,41520,24,22.2775229,114.1742093,5.0,9.0,20.0
OfficePlus@Wan Chai (CRE Building),WAN CHAI,41500,1000,41500,41,22.2783772,114.1776866,4.0,5.0,20.0
Harbour Crystal Centre,TSIM SHA TSUI,41472,1536,41472,27,22.2988123,114.1721746,3.0,6.0,20.0
OfficePlus@Wan Chai (CRE Building),WAN CHAI,41472,1728,41472,24,22.2783772,114.1776866,4.0,5.0,20.0
Cheong Sun Tower,SHEUNG WAN,41454,1974,41454,21,22.2867552,114.1499619,6.0,8.0,20.0
Cheong Sun Tower,SHEUNG WAN,41454,1974,41454,21,22.2867552,114.1499619,6.0,8.0,20.0
"Electric Road, 168",NORTH POINT,41438,1625,41438,25,22.2874594,114.1921319,5.0,9.0,20.0
Kai Seng Commercial Centre,TSIM SHA TSUI,41412,1479,41412,28,22.2960291,114.1715518,4.0,7.0,20.0
Kowloon Centre,TSIM SHA TSUI,41412,1275,41412,32,22.2975863,114.1702704,10.0,7.0,20.0
Tiffan Tower,WAN CHAI,41370,1970,41370,21,22.2777315,114.1786122,8.0,6.0,20.0
Kwong Fat Hong Building,SHEUNG WAN,41364,1532,41364,27,22.2859516,114.1531841,6.0,7.0,20.0
Bowa House,TSIM SHA TSUI,41350,1654,41350,25,22.302898,114.1720798,8.0,7.0,20.0
Bowa House,TSIM SHA TSUI,41350,1654,41350,25,22.302898,114.1720798,8.0,7.0,20.0
China Hong Kong City - Tower 5,TSIM SHA TSUI,41328,1476,41328,28,22.3008733,114.1679008,0.0,5.0,15.0
Asia Standard Tower,CENTRAL,41262,1058,41262,39,22.2830055,114.155849,20.0,10.0,20.0
Siu On Plaza,CAUSEWAY BAY,41216,1288,41216,32,22.2808991,114.1827881,3.0,20.0,20.0
Crawford House,CENTRAL,41202,654,41202,63,22.2826315,114.1555936,20.0,12.0,20.0
Arion Commercial Centre,SHEUNG WAN,41175,1647,41175,25,22.2863187,114.1483711,2.0,5.0,20.0
Ocean Centre,TSIM SHA TSUI,41168,1328,41168,31,22.296249,114.1689005,0.0,6.0,16.0
Landmark South,WONG CHUK HANG,41125,1645,41125,25,22.249265,114.167138,2.0,2.0,7.0
The Plaza,CENTRAL,41120,1028,41120,40,,,,,
Lucky Building,CENTRAL,41040,1368,41040,30,22.2822369,114.155333,20.0,12.0,20.0
New Mandarin Plaza - Tower A,TSIM SHA TSUI,41006,2207,41006,18,22.3005491,114.1786611,1.0,6.0,20.0
Hang Lung Centre,CAUSEWAY BAY,41000,820,41000,50,22.2802143,114.1859353,5.0,3.0,20.0
Hong Kong Plaza,WESTERN / KENNEDY TOWN,40992,1587,40992,25,22.2870384,114.1359074,1.0,1.0,20.0
Tung Ning Building,SHEUNG WAN,40987,1477,40987,27,22.2867479,114.1522625,8.0,4.0,20.0
Yu Yuet Lai Building,CENTRAL,40896,1136,40896,36,22.280928,114.1549201,16.0,10.0,20.0
Yue Xiu Building,WAN CHAI,40802,1774,40802,23,22.278087,114.1737809,6.0,10.0,20.0
New Mandarin Plaza - Tower B,TSIM SHA TSUI,40800,1700,40800,24,22.3005491,114.1786611,1.0,6.0,20.0
1 Lyndhurst Tower,CENTRAL,40796,1316,40796,31,22.2826214,114.1546879,20.0,20.0,20.0
Wilson House,CENTRAL,40745,1405,40745,29,22.2804986,114.1557097,19.0,11.0,20.0
Chuang's Tower,CENTRAL,40725,905,40725,45,22.2835613,114.1570651,9.0,6.0,20.0
OfficePlus@Wan Chai (CRE Building),WAN CHAI,40680,1695,40680,24,22.2783772,114.1776866,4.0,5.0,20.0
Fortress Tower,NORTH POINT,40641,1767,40641,23,22.2887539,114.1942602,6.0,2.0,20.0
"Harbourfront, One",HUNG HOM / TO KWA WAN,40608,1128,40608,36,22.3173373,114.1879691,0.0,0.0,14.0
Wu Chung House,WAN CHAI,40608,1504,40608,27,22.2742239,114.1728051,3.0,5.0,20.0
New Mandarin Plaza - Tower B,TSIM SHA TSUI,40600,2030,40600,20,22.3005491,114.1786611,1.0,6.0,20.0
United Asia Finance Centre,WAN CHAI,40590,1230,40590,33,22.276022,114.1751471,2.0,2.0,12.0
United Asia Finance Centre,WAN CHAI,40590,1230,40590,33,22.276022,114.1751471,2.0,2.0,12.0
One Island South,WONG CHUK HANG,40572,1932,40572,21,22.2459198,114.1664957,0.0,1.0,3.0
Asia Standard Tower,CENTRAL,40500,1125,40500,36,22.2830055,114.155849,20.0,10.0,20.0
"Sea View Estate, Block A",NORTH POINT,40500,2250,40500,18,22.2871266,114.191351,5.0,7.0,20.0
United Centre,ADMIRALTY,40500,1350,40500,30,22.2784312,114.1654177,0.0,5.0,12.0
Tung Ning Building,SHEUNG WAN,40499,1477,40499,27,22.2867479,114.1522625,8.0,4.0,20.0
Tung Ning Building,SHEUNG WAN,40499,1477,40499,27,22.2867479,114.1522625,8.0,4.0,20.0
Empire Centre,TSIM SHA TSUI,40460,1156,40460,35,22.2982675,114.1783981,0.0,6.0,20.0
Empire Centre,TSIM SHA TSUI,40460,1156,40460,35,22.2982675,114.1783981,0.0,6.0,20.0
Universal Trade Centre,CENTRAL,40456,1556,40456,26,22.2801898,114.1543013,4.0,3.0,20.0
"Electric Road, 148",NORTH POINT,40348,1441,40348,28,22.2864911,114.1917255,6.0,8.0,20.0
Landmark South,WONG CHUK HANG,40204,1748,40204,23,22.249265,114.167138,2.0,2.0,7.0
Parker House,CENTRAL,40200,670,40200,60,22.2828348,114.1555335,20.0,9.0,20.0
Chao's Building,SHEUNG WAN,40152,1673,40152,24,22.2864326,114.1487956,6.0,3.0,20.0
Chao's Building,SHEUNG WAN,40152,1673,40152,24,22.2864326,114.1487956,6.0,3.0,20.0
Chao's Building,SHEUNG WAN,40152,1673,40152,24,22.2864326,114.1487956,6.0,3.0,20.0
Energy Plaza,TSIM SHA TSUI,40150,1606,40150,25,22.2999261,114.1767262,0.0,2.0,11.0
"Zoroastrian Building, The",CAUSEWAY BAY,40144,1544,40144,26,22.2773212,114.1850976,0.0,10.0,20.0
Crawford House,CENTRAL,40131,637,40131,63,22.2826315,114.1555936,20.0,12.0,20.0
K Wah Centre,NORTH POINT,40110,1910,40110,21,22.2932357,114.2047775,0.0,2.0,0.0
One Capital Place,WAN CHAI,40068,1484,40068,27,22.2784631,114.1719656,3.0,7.0,20.0
Pacific Plaza,WESTERN / KENNEDY TOWN,40066,1742,40066,23,22.2822235,114.1292619,1.0,1.0,20.0
Kam Sang Building,SHEUNG WAN,39998,1463,39998,27,22.2868204,114.1520749,8.0,4.0,20.0
Cheong K. Building,CENTRAL,39996,1200,39996,33,22.284439,114.155401,3.0,14.0,20.0
Fortune House,CENTRAL,39996,1200,39996,33,22.2854027,114.1556704,4.0,8.0,20.0
Oriental Crystal Finance Centre,TSIM SHA TSUI,39996,1515,39996,26,22.3013353,114.1762579,2.0,6.0,20.0
Ping Lam Commercial Building,WAN CHAI,39925,1597,39925,25,22.2784407,114.1770605,4.0,3.0,20.0
"Chinese Bank Building, The",CENTRAL,39888,1108,39888,36,,,,,
Mirror Tower,TSIM SHA TSUI,39803,1230,39803,32,22.297553,114.176456,1.0,3.0,20.0
"Lockhart Road, 88",WAN CHAI,39798,2010,39798,19,22.2779182,114.1718263,5.0,5.0,20.0
Mirror Tower,TSIM SHA TSUI,39766,1180,39766,33,22.297553,114.176456,1.0,3.0,20.0
Ritz Plaza,JORDAN,39725,1589,39725,25,30.585164,36.238414,2.0,20.0,20.0
135 Bonham Strand Trade Centre,SHEUNG WAN,39675,1587,39675,25,22.2866777,114.1493908,6.0,2.0,20.0
"Cheung Sha Wan Road, 909",CHEUNG SHA WAN / LAI CHI KOK,39650,1525,39650,26,22.3362653,114.1462645,2.0,4.0,7.0
"Heung Yip Road, 41",WONG CHUK HANG,39600,1980,39600,20,22.2477698,114.1632639,4.0,2.0,3.0
Connaught Commercial Building,WAN CHAI,39598,1523,39598,26,22.2773239,114.178075,4.0,3.0,20.0
Delta House,SHATIN / FO TAN,39501,2079,39501,19,22.3985709,114.1929428,1.0,0.0,9.0
OfficePlus@Wan Chai (CRE Building),WAN CHAI,39496,920,39496,42,22.2783772,114.1776866,4.0,5.0,20.0
Prosperous Building,CENTRAL,39480,987,39480,40,22.2833466,114.1564528,20.0,7.0,20.0
Prosperous Building,CENTRAL,39480,987,39480,40,22.2833466,114.1564528,20.0,7.0,20.0
Prosperous Building,CENTRAL,39480,987,39480,40,22.2833466,114.1564528,20.0,7.0,20.0
Prosperous Building,CENTRAL,39480,987,39480,40,22.2833466,114.1564528,20.0,7.0,20.0
Winsome House,CENTRAL,39338,1157,39338,34,22.2816782,114.1548599,20.0,6.0,20.0
Ritz Plaza,JORDAN,39300,1572,39300,25,30.585164,36.238414,2.0,20.0,20.0
Shiu Fung Hong Building,SHEUNG WAN,39292,1786,39292,22,22.2878019,114.1480606,2.0,3.0,17.0
Wing Kwok Centre,JORDAN,39245,1539,39245,25,22.3036104,114.1703287,3.0,7.0,20.0
Tai Tung Building,WAN CHAI,39168,1088,39168,36,22.2773668,114.1746362,4.0,5.0,20.0
Lippo Sun Plaza,TSIM SHA TSUI,39100,1150,39100,34,22.2969792,114.1697718,6.0,8.0,20.0
Tai Yip Building,WAN CHAI,39090,1303,39090,30,22.27738,114.175148,7.0,6.0,20.0
Methodist House,WAN CHAI,39072,1628,39072,24,22.2774858,114.1701312,4.0,2.0,20.0
Methodist House,WAN CHAI,39072,1628,39072,24,22.2774858,114.1701312,4.0,2.0,20.0
Eastern Centre,QUARRY BAY,39010,2553,39010,15,22.2851153,114.2142514,6.0,4.0,8.0
Chung Nam House,CENTRAL,39010,1680,39010,23,,,,,
1 Lyndhurst Tower,CENTRAL,39006,1316,39006,29,22.2826214,114.1546879,20.0,20.0,20.0
Eton Building,SHEUNG WAN,39004,1634,39004,23,22.2866054,114.1511878,15.0,7.0,20.0
Johnson Centre,TSIM SHA TSUI,39003,1220,39003,31,22.2995853,114.1738835,5.0,3.0,20.0
Valley Centre,WAN CHAI,38997,2100,38997,18,22.2759492,114.1800161,0.0,0.0,1.0
OfficePlus@Wan Chai (CRE Building),WAN CHAI,38996,983,38996,39,22.2783772,114.1776866,4.0,5.0,20.0
Capitol Centre - Block 1,CAUSEWAY BAY,38880,1080,38880,36,22.279725,114.1845751,7.0,17.0,20.0
East Town Building,WAN CHAI,38843,1253,38843,31,22.2783849,114.1705822,2.0,4.0,20.0
Mirror Tower,TSIM SHA TSUI,38822,1180,38822,32,22.297553,114.176456,1.0,3.0,20.0
Jubilee Centre,WAN CHAI,38780,1108,38780,35,22.2789226,114.1706823,0.0,2.0,20.0
Eastmark,KOWLOON BAY,38650,1546,38650,25,22.322232,114.211175,5.0,4.0,20.0
New Henry House,CENTRAL,38500,550,38500,70,22.2808196,114.1584629,2.0,16.0,20.0
Bartlock Centre,CAUSEWAY BAY,38490,1283,38490,30,22.2777039,114.1821166,13.0,20.0,20.0
Wilson House,CENTRAL,38432,1201,38432,32,22.2804986,114.1557097,19.0,11.0,20.0
Kinwick Centre,CENTRAL,38430,1098,38430,35,22.2820704,114.1532016,10.0,20.0,20.0
Hollywood Commercial House,CENTRAL,38350,1475,38350,26,22.281843,114.153608,8.0,17.0,20.0
Lee & Man Commercial Center,NORTH POINT,38222,1318,38222,29,22.287503,114.191589,4.0,6.0,20.0
299QRC,SHEUNG WAN,38192,1364,38192,28,22.2849577,114.150647,9.0,20.0,20.0
Kowloon Building,MONG KOK / TAI KOK TSUI,38181,1157,38181,33,22.3141684,114.1701775,7.0,12.0,20.0
Hon Kwok Jordan Centre,TSIM SHA TSUI,38135,1315,38135,29,22.3028979,114.172367,10.0,7.0,20.0
Car Po Commercial Building,CENTRAL,38130,1271,38130,30,22.2822436,114.154595,16.0,20.0,20.0
Winsome House,CENTRAL,38114,1121,38114,34,22.2816782,114.1548599,20.0,6.0,20.0
Kinwick Centre,CENTRAL,38080,1088,38080,35,22.2820704,114.1532016,10.0,20.0,20.0
Connaught Commercial Building,WAN CHAI,38075,1523,38075,25,22.2773239,114.178075,4.0,3.0,20.0
Connaught Commercial Building,WAN CHAI,38075,1523,38075,25,22.2773239,114.178075,4.0,3.0,20.0
Tesbury Centre,WAN CHAI,38016,1188,38016,32,22.2773482,114.1684007,3.0,10.0,20.0
Cameron Commercial Centre,CAUSEWAY BAY,38005,1177,38005,32,22.2795173,114.1822096,12.0,11.0,20.0
Genesis,WONG CHUK HANG,38003,2343,38003,16,22.2459198,114.1664957,0.0,1.0,3.0
Winway Building,CENTRAL,38003,1058,38003,35,22.281714,114.155398,20.0,7.0,20.0
Centre Mark II,SHEUNG WAN,38001,1485,38001,25,22.2853198,114.1503378,11.0,20.0,20.0
Winland CWB Centre,CAUSEWAY BAY,37995,1430,37995,26,22.2792811,114.1858574,8.0,3.0,20.0
World Finance Centre - South,TSIM SHA TSUI,37990,1310,37990,29,22.2988123,114.1721746,3.0,6.0,20.0
Wanchai Commercial Centre,WAN CHAI,37825,1513,37825,25,22.2771729,114.1760063,10.0,4.0,20.0
Wanchai Commercial Centre,WAN CHAI,37825,1513,37825,25,22.2771729,114.1760063,10.0,4.0,20.0
Methodist House,WAN CHAI,37800,1575,37800,24,22.2774858,114.1701312,4.0,2.0,20.0
Shun Kwong Commercial Building,SHEUNG WAN,37789,1643,37789,23,22.2878743,114.1479066,1.0,3.0,16.0
Shanghai Industrial Investment Building,WAN CHAI,37700,1300,37700,29,22.2773742,114.1708509,7.0,4.0,20.0
Wing On Plaza,TSIM SHA TSUI,37695,1077,37695,35,22.2965757,114.1765419,0.0,3.0,13.0
Dominion Centre,WAN CHAI,37680,1570,37680,24,22.2764258,114.1692496,2.0,11.0,20.0
"Johnston Road, 208",WAN CHAI,37674,966,37674,39,22.2773147,114.1762227,8.0,4.0,20.0
Po Wah Commercial Centre,WAN CHAI,37560,1252,37560,30,22.2776183,114.1752946,8.0,4.0,20.0
1 Lyndhurst Tower,CENTRAL,37548,1341,37548,28,22.2826214,114.1546879,20.0,20.0,20.0
Millennium City 1 - Tower 01,KWUN TONG,37526,1294,37526,29,22.3136835,114.2212449,1.0,3.0,20.0
Lee & Man Commercial Center,NORTH POINT,37518,1443,37518,26,22.287503,114.191589,4.0,6.0,20.0
Hong Kong Trade Centre,SHEUNG WAN,37500,1500,37500,25,22.2857573,114.1545717,7.0,11.0,20.0
OfficePlus @Sheung Wan,SHEUNG WAN,37500,822,37500,45,22.2860162,114.1516854,18.0,9.0,20.0
OfficePlus @Sheung Wan,SHEUNG WAN,37500,822,37500,45,22.2860162,114.1516854,18.0,9.0,20.0
Chinachem Leighton Plaza,CAUSEWAY BAY,37392,984,37392,38,22.277239,114.1819529,11.0,15.0,20.0
Yam Tze Commercial Building,WAN CHAI,37338,1778,37338,21,22.277193,114.171067,5.0,4.0,20.0
Yam Tze Commercial Building,WAN CHAI,37338,1778,37338,21,22.277193,114.171067,5.0,4.0,20.0
World Finance Centre - North,TSIM SHA TSUI,37320,1244,37320,30,22.2988123,114.1721746,3.0,6.0,20.0
Peninsula Centre,TSIM SHA TSUI,37206,1431,37206,26,22.2990655,114.177277,0.0,3.0,20.0
Wing On Cheong Building,SHEUNG WAN,37198,1548,37198,24,22.285674,114.1537514,5.0,11.0,20.0
Wing On Cheong Building,SHEUNG WAN,37198,1548,37198,24,22.285674,114.1537514,5.0,11.0,20.0
Eton Building,SHEUNG WAN,37004,1458,37004,25,22.2866054,114.1511878,15.0,7.0,20.0
OfficePlus@Wan Chai (CRE Building),WAN CHAI,37001,749,37001,49,22.2783772,114.1776866,4.0,5.0,20.0
Tai Tung Building,WAN CHAI,36992,1088,36992,34,22.2773668,114.1746362,4.0,5.0,20.0
Hanford Commercial Centre,JORDAN,36785,1051,36785,35,22.3038952,114.1714619,4.0,3.0,20.0
Austin Tower,TSIM SHA TSUI,36740,1670,36740,22,22.3029565,114.1752316,0.0,5.0,20.0
Infotech Centre,KWUN TONG,36735,2370,36735,15,22.3134117,114.2196931,6.0,6.0,20.0
Eastern Flower Centre,TSIM SHA TSUI,36720,1530,36720,24,22.2989435,114.1741858,5.0,7.0,20.0
Austin Tower,TSIM SHA TSUI,36685,1595,36685,23,22.3029565,114.1752316,0.0,5.0,20.0
Tien Chu Commercial Building,WAN CHAI,36623,1285,36623,28,22.2798153,114.1783285,0.0,2.0,20.0
Tien Chu Commercial Building,WAN CHAI,36623,1285,36623,28,22.2798153,114.1783285,0.0,2.0,20.0
Chinachem Golden Plaza,TSIM SHA TSUI,36616,1592,36616,23,22.2988123,114.1721746,3.0,6.0,20.0
Loke Yew Building,CENTRAL,36480,760,36480,48,22.28223,114.156059,20.0,8.0,20.0
South Seas Centre - Tower 1,TSIM SHA TSUI,36480,1824,36480,20,22.3000671,114.178459,1.0,6.0,20.0
AXA Southside,WONG CHUK HANG,36445,1970,36445,18,22.2481054,114.1660903,5.0,5.0,18.0
Supreme House,TSIM SHA TSUI,36425,1175,36425,31,22.2981593,114.1745201,8.0,3.0,20.0
Inter-Continental Plaza,TSIM SHA TSUI,36375,1455,36375,25,22.2993813,114.1765868,0.0,2.0,20.0
Inter-Continental Plaza,TSIM SHA TSUI,36375,1455,36375,25,22.2993813,114.1765868,0.0,2.0,20.0
Kai Tak Commercial Building,SHEUNG WAN,36308,1252,36308,29,22.2872433,114.1506702,2.0,6.0,20.0
Millennium City 5 - BEA Tower,KWUN TONG,36256,1133,36256,32,22.3128725,114.2246845,3.0,13.0,20.0
Shanghai Industrial Investment Building,WAN CHAI,36250,1250,36250,29,22.2773742,114.1708509,7.0,4.0,20.0
Genesis,WONG CHUK HANG,36202,2009,36202,18,22.2459198,114.1664957,0.0,1.0,3.0
East Town Building,WAN CHAI,36146,1166,36146,31,22.2783849,114.1705822,2.0,4.0,20.0
Shun Kwong Commercial Building,SHEUNG WAN,36146,1643,36146,22,22.2878743,114.1479066,1.0,3.0,16.0
Concordia Plaza,TSIM SHA TSUI,36030,1201,36030,30,22.2988123,114.1721746,3.0,6.0,20.0
Chinachem Exchange Square,QUARRY BAY,36008,1286,36008,28,22.2880754,114.2117901,3.0,8.0,20.0
Morecrown Commercial Building,NORTH POINT,36005,1266,36005,28,22.2850374,114.1918167,5.0,6.0,20.0
Mirror Tower,TSIM SHA TSUI,36003,1100,36003,32,22.297553,114.176456,1.0,3.0,20.0
Winway Building,CENTRAL,36003,1100,36003,32,22.281714,114.155398,20.0,7.0,20.0
Winway Building,CENTRAL,36003,1100,36003,32,22.281714,114.155398,20.0,7.0,20.0
Winway Building,CENTRAL,36003,1100,36003,32,22.281714,114.155398,20.0,7.0,20.0
K Wah Centre,NORTH POINT,36003,1635,36003,22,22.2932357,114.2047775,0.0,2.0,0.0
On Hing Building,CENTRAL,36002,1088,36002,33,22.2805487,114.1564993,13.0,14.0,20.0
Concordia Plaza,TSIM SHA TSUI,36002,1213,36002,29,22.2988123,114.1721746,3.0,6.0,20.0
Tung Ming Building,CENTRAL,36001,700,36001,51,22.2831172,114.1565646,20.0,6.0,20.0
Bartlock Centre,CAUSEWAY BAY,36000,1200,36000,30,22.2777039,114.1821166,13.0,20.0,20.0
East Point Centre,CAUSEWAY BAY,36000,800,36000,45,22.280255,114.184344,2.0,20.0,20.0
Fortune House,CENTRAL,36000,1200,36000,30,22.2854027,114.1556704,4.0,8.0,20.0
Hillier Commercial Building,SHEUNG WAN,36000,1440,36000,25,22.285888,114.1517909,19.0,11.0,20.0
Cheung Lee Commercial Building,TSIM SHA TSUI,35997,1044,35997,34,22.300917,114.1731733,4.0,8.0,20.0
Willy Commercial Building,CENTRAL,35997,628,35997,57,22.2852735,114.1540906,9.0,11.0,20.0
Emperor Hollywood Centre (Centre Hollywood),SHEUNG WAN,35997,1602,35997,22,22.2840681,114.1505838,3.0,12.0,20.0
Mirror Tower,TSIM SHA TSUI,35996,1080,35996,33,22.297553,114.176456,1.0,3.0,20.0
"King's Road, 39",NORTH POINT,35991,1087,35991,33,22.2845463,114.1926489,1.0,3.0,20.0
"Kodak House, Block 2",NORTH POINT,35910,2394,35910,15,34.0978305,-118.3590054,1.0,1.0,0.0
Golden Sun Centre,SHEUNG WAN,35904,1632,35904,22,22.2874196,114.1482444,2.0,4.0,20.0
Lucky Building,CENTRAL,35808,1119,35808,32,22.2822369,114.155333,20.0,12.0,20.0
Bank of America Tower,CENTRAL,35796,868,35796,41,,,,,
HK Chinese Bank (CWB) Centre,CAUSEWAY BAY,35784,1278,35784,28,22.2859787,114.1914919,3.0,5.0,20.0
Empire Centre,TSIM SHA TSUI,35630,1018,35630,35,22.2982675,114.1783981,0.0,6.0,20.0
Lee West Commercial Building,WAN CHAI,35625,1425,35625,25,22.2790815,114.1798681,6.0,1.0,20.0
"Central Des Voeux, 308",SHEUNG WAN,35600,890,35600,40,22.2866328,114.1506702,10.0,6.0,20.0
Leighton Centre,CAUSEWAY BAY,35508,807,35508,44,22.2776353,114.1829035,12.0,16.0,20.0
Tern Centre - Block 2,SHEUNG WAN,35504,1400,35504,25,22.2848965,114.1513687,13.0,16.0,20.0
"Grand Plaza Office Tower, Two",MONG KOK / TAI KOK TSUI,35490,1014,35490,35,22.3198474,114.1620857,0.0,6.0,20.0
Delta House,SHATIN / FO TAN,35435,1865,35435,19,22.3985709,114.1929428,1.0,0.0,9.0
The HUB,WONG CHUK HANG,35380,1769,35380,20,22.2490089,114.1643124,2.0,0.0,3.0
Star House,TSIM SHA TSUI,35376,1474,35376,24,22.2946183,114.1691682,0.0,4.0,20.0
Kai Tak Commercial Building,SHEUNG WAN,35336,1262,35336,28,22.2872433,114.1506702,2.0,6.0,20.0
The Centrium,CENTRAL,35302,929,35302,38,22.2806003,114.1546621,7.0,7.0,20.0
OfficePlus @Sheung Wan,SHEUNG WAN,35198,950,35198,37,22.2860162,114.1516854,18.0,9.0,20.0
Yu Yuet Lai Building,CENTRAL,35064,974,35064,36,22.280928,114.1549201,16.0,10.0,20.0
Skyway Centre,SHEUNG WAN,35060,1753,35060,20,22.2866748,114.1485572,2.0,3.0,20.0
Java Commercial Centre,NORTH POINT,35006,1579,35006,22,22.2922171,114.2004585,3.0,1.0,20.0
Austin Commercial Centre,TSIM SHA TSUI,35005,1183,35005,29,22.3022294,114.1762084,1.0,3.0,20.0
Hart House,TSIM SHA TSUI,35004,1025,35004,34,22.2983031,114.1750029,6.0,4.0,20.0
Sunny House,CENTRAL,35002,1100,35002,31,45.4750404,13.5108023,0.0,1.0,1.0
Mirror Tower,TSIM SHA TSUI,35002,960,35002,36,22.297553,114.176456,1.0,3.0,20.0
Hing Yip Commercial Centre,SHEUNG WAN,35001,900,35001,38,22.2865048,114.1513914,18.0,10.0,20.0
Kwok Lun Commercial House,CENTRAL,35000,1000,35000,35,,,,,
New Mandarin Plaza - Tower B,TSIM SHA TSUI,35000,1400,35000,25,22.3005491,114.1786611,1.0,6.0,20.0
Winway Building,CENTRAL,34999,1058,34999,33,22.281714,114.155398,20.0,7.0,20.0
Simsons Commercial Building,WAN CHAI,34996,1172,34996,29,22.2768647,114.1737198,2.0,8.0,20.0
Simsons Commercial Building,WAN CHAI,34996,1172,34996,29,22.2768647,114.1737198,2.0,8.0,20.0
Simsons Commercial Building,WAN CHAI,34996,1172,34996,29,22.2768647,114.1737198,2.0,8.0,20.0
Simsons Commercial Building,WAN CHAI,34996,1172,34996,29,22.2768647,114.1737198,2.0,8.0,20.0
MW One,TSIM SHA TSUI,34995,1436,34995,24,22.300516,114.1749021,6.0,5.0,20.0
Foo Hoo Centre,TSIM SHA TSUI,34994,1375,34994,25,22.3020516,114.1761833,1.0,3.0,20.0
Winsome House,CENTRAL,34800,1160,34800,30,22.2816782,114.1548599,20.0,6.0,20.0
Wanchai Commercial Centre,WAN CHAI,34799,1513,34799,23,22.2771729,114.1760063,10.0,4.0,20.0
Hong Kong House,CENTRAL,34775,1070,34775,32,49.6029638,6.1338551,1.0,4.0,20.0
Energy Plaza,TSIM SHA TSUI,34720,868,34720,40,22.2999261,114.1767262,0.0,2.0,11.0
Winsome House,CENTRAL,34650,1155,34650,30,22.2816782,114.1548599,20.0,6.0,20.0
Jupiter Tower,NORTH POINT,34615,1505,34615,23,22.2862362,114.1923382,6.0,6.0,20.0
Kai Tak Commercial Building,SHEUNG WAN,34552,1234,34552,28,22.2872433,114.1506702,2.0,6.0,20.0
Prosperous Building,CENTRAL,34520,863,34520,40,22.2833466,114.1564528,20.0,7.0,20.0
OfficePlus@Wan Chai (CRE Building),WAN CHAI,34503,700,34503,49,22.2783772,114.1776866,4.0,5.0,20.0
OfficePlus @Sheung Wan,SHEUNG WAN,34499,822,34499,41,22.2860162,114.1516854,18.0,9.0,20.0
OfficePlus@Wan Chai (CRE Building),WAN CHAI,34499,749,34499,46,22.2783772,114.1776866,4.0,5.0,20.0
Kolling Centre,TSIM SHA TSUI,34476,1326,34476,26,22.3006373,114.1758785,4.0,4.0,20.0
Kolling Centre,TSIM SHA TSUI,34476,1326,34476,26,22.3006373,114.1758785,4.0,4.0,20.0
Kolling Centre,TSIM SHA TSUI,34476,1326,34476,26,22.3006373,114.1758785,4.0,4.0,20.0
Kolling Centre,TSIM SHA TSUI,34476,1326,34476,26,22.3006373,114.1758785,4.0,4.0,20.0
"Wellington Street, 128",CENTRAL,34432,1076,34432,32,22.2836886,114.153869,9.0,11.0,20.0
"Yee Wo Street, 68",CAUSEWAY BAY,34244,1223,34244,28,22.2791924,114.1865722,6.0,4.0,20.0
OfficePlus@Wan Chai (CRE Building),WAN CHAI,34200,1032,34200,33,22.2783772,114.1776866,4.0,5.0,20.0
Asia Standard Tower,CENTRAL,34164,876,34164,39,22.2830055,114.155849,20.0,10.0,20.0
Goldmark,CAUSEWAY BAY,34160,854,34160,40,22.2798889,114.1842939,5.0,18.0,20.0
"Heung Yip Road, 41",WONG CHUK HANG,34155,1485,34155,23,22.2477698,114.1632639,4.0,2.0,3.0
Queen's Centre,WAN CHAI,34076,1217,34076,28,22.2768689,114.1692657,3.0,11.0,20.0
Infotech Centre,KWUN TONG,34038,2196,34038,15,22.3134117,114.2196931,6.0,6.0,20.0
Infotech Centre,KWUN TONG,34038,2196,34038,15,22.3134117,114.2196931,6.0,6.0,20.0
Crawford House,CENTRAL,34020,540,34020,63,22.2826315,114.1555936,20.0,12.0,20.0
Morecrown Commercial Building,NORTH POINT,34005,1266,34005,26,22.2850374,114.1918167,5.0,6.0,20.0
Evernew House,CAUSEWAY BAY,34002,1800,34002,18,22.280715,114.18272,3.0,20.0,20.0
Cameron Commercial Centre,CAUSEWAY BAY,33998,1219,33998,27,22.2795173,114.1822096,12.0,11.0,20.0
Cameron Commercial Centre,CAUSEWAY BAY,33998,1219,33998,27,22.2795173,114.1822096,12.0,11.0,20.0
Wing On Cheong Building,SHEUNG WAN,33994,1548,33994,21,22.285674,114.1537514,5.0,11.0,20.0
Tower 188,WAN CHAI,33936,1414,33936,24,22.2775229,114.1742093,5.0,9.0,20.0
Kowloon Centre,TSIM SHA TSUI,33877,1043,33877,32,22.2975863,114.1702704,10.0,7.0,20.0
East Ocean Centre,TSIM SHA TSUI,33858,1254,33858,27,22.3003823,114.1777233,1.0,7.0,20.0
Millennium City 2,KWUN TONG,33858,1254,33858,27,22.3144685,114.2201636,2.0,0.0,4.0
The Phoenix,WAN CHAI,33840,1128,33840,30,22.2787359,114.1714473,3.0,6.0,20.0
The Phoenix,WAN CHAI,33840,1128,33840,30,22.2787359,114.1714473,3.0,6.0,20.0
The Phoenix,WAN CHAI,33840,1128,33840,30,22.2787359,114.1714473,3.0,6.0,20.0
Hoseinee House,CENTRAL,33830,1187,33830,28,22.281653,114.154943,20.0,7.0,20.0
Hoseinee House,CENTRAL,33830,1187,33830,28,22.281653,114.154943,20.0,7.0,20.0
Hoseinee House,CENTRAL,33830,1187,33830,28,22.281653,114.154943,20.0,7.0,20.0
Tsim Sha Tsui Centre - East Tower,TSIM SHA TSUI,33825,1025,33825,33,22.2976578,114.1778408,0.0,4.0,20.0
Fortress Tower,NORTH POINT,33787,1469,33787,23,22.2887539,114.1942602,6.0,2.0,20.0
"Sea View Estate, Block B",NORTH POINT,33750,2250,33750,15,22.2873828,114.1910307,3.0,4.0,16.0
Dominion Centre,WAN CHAI,33720,1405,33720,24,22.2764258,114.1692496,2.0,11.0,20.0
Dominion Centre,WAN CHAI,33720,1405,33720,24,22.2764258,114.1692496,2.0,11.0,20.0
Omega Plaza,MONG KOK / TAI KOK TSUI,33644,1294,33644,26,22.3198474,114.1620857,0.0,6.0,20.0
Emperor Hollywood Centre (Centre Hollywood),SHEUNG WAN,33604,1571,33604,21,22.2840681,114.1505838,3.0,12.0,20.0
Kai Tak Commercial Building,SHEUNG WAN,33582,1158,33582,29,22.2872433,114.1506702,2.0,6.0,20.0
AXA Southside,WONG CHUK HANG,33535,1765,33535,19,22.2481054,114.1660903,5.0,5.0,18.0
Ovest,SHEUNG WAN,33504,1047,33504,32,22.285941,114.152217,16.0,12.0,20.0
Tai Yau Building,WAN CHAI,33480,1116,33480,30,22.276967,114.17455,3.0,8.0,20.0
Houston Centre,TSIM SHA TSUI,33401,1238,33401,26,22.2980295,114.1768655,1.0,2.0,20.0
Houston Centre,TSIM SHA TSUI,33350,1334,33350,25,22.2980295,114.1768655,1.0,2.0,20.0
Bangkok Bank Building,SHEUNG WAN,33235,1445,33235,23,22.286607,114.1487952,5.0,3.0,20.0
FLK Tower,WAN CHAI,33210,1107,33210,30,22.276882,114.174206,3.0,9.0,20.0
FLK Tower,WAN CHAI,33210,1107,33210,30,22.276882,114.174206,3.0,9.0,20.0
FLK Tower,WAN CHAI,33210,1107,33210,30,22.276882,114.174206,3.0,9.0,20.0
FLK Tower,WAN CHAI,33210,1107,33210,30,22.276882,114.174206,3.0,9.0,20.0
FLK Tower,WAN CHAI,33210,1107,33210,30,22.276882,114.174206,3.0,9.0,20.0
Lu Plaza,KWUN TONG,33133,1949,33133,17,22.3073017,114.2232053,0.0,5.0,7.0
Southgate Commercial Centre,TSIM SHA TSUI,33132,1004,33132,33,22.3001688,114.1739528,7.0,5.0,20.0
Infotech Centre,KWUN TONG,33124,2366,33124,14,22.3134117,114.2196931,6.0,6.0,20.0
Bank of America Tower,CENTRAL,33120,736,33120,45,,,,,
CNT Tower,WAN CHAI,33088,1504,33088,22,22.278332,114.178819,15.0,6.0,20.0
Asia Standard Tower,CENTRAL,33048,918,33048,36,22.2830055,114.155849,20.0,10.0,20.0
Evernew House,CAUSEWAY BAY,33008,1600,33008,20,22.280715,114.18272,3.0,20.0,20.0
OfficePlus@Wan Chai (CRE Building),WAN CHAI,33003,900,33003,36,22.2783772,114.1776866,4.0,5.0,20.0
Winbase Centre,SHEUNG WAN,33003,1318,33003,25,22.2846531,114.1520985,12.0,15.0,20.0
Alliance Building,SHEUNG WAN,33000,1000,33000,33,22.2870402,114.151975,6.0,4.0,20.0
Fortune House,CENTRAL,33000,1200,33000,27,22.2854027,114.1556704,4.0,8.0,20.0
Fortune House,CENTRAL,33000,1200,33000,27,22.2854027,114.1556704,4.0,8.0,20.0
Kwong Fat Hong Building,SHEUNG WAN,33000,1100,33000,30,22.2859516,114.1531841,6.0,7.0,20.0
OfficePlus @Sheung Wan,SHEUNG WAN,33000,750,33000,44,22.2860162,114.1516854,18.0,9.0,20.0
Well On Commercial Building,CENTRAL,33000,750,33000,44,22.2819991,114.1551885,20.0,13.0,20.0
Winner Commercial Building,WAN CHAI,33000,1500,33000,22,22.2798205,114.1802327,6.0,2.0,20.0
Grand Millennium Plaza,SHEUNG WAN,32999,341,32999,96,22.2856235,114.1529485,10.0,10.0,20.0
OfficePlus @Sheung Wan,SHEUNG WAN,32998,713,32998,46,22.2860162,114.1516854,18.0,9.0,20.0
Malahon Centre,CENTRAL,32997,1359,32997,24,22.2817034,114.1559302,20.0,7.0,20.0
Goldmark,CAUSEWAY BAY,32960,824,32960,40,22.2798889,114.1842939,5.0,18.0,20.0
Golden Bloom Centre,CAUSEWAY BAY,32940,1220,32940,27,22.279695,114.184535,7.0,18.0,20.0
Landmark South,WONG CHUK HANG,32934,1497,32934,22,22.249265,114.167138,2.0,2.0,7.0
AT Tower,NORTH POINT,32900,1175,32900,28,22.2879396,114.1925284,4.0,11.0,20.0
AT Tower,NORTH POINT,32900,1175,32900,28,22.2879396,114.1925284,4.0,11.0,20.0
AT Tower,NORTH POINT,32900,1175,32900,28,22.2879396,114.1925284,4.0,11.0,20.0
Mirror Tower,TSIM SHA TSUI,32800,1000,32800,32,22.297553,114.176456,1.0,3.0,20.0
CS Tower,SHEUNG WAN,32760,1260,32760,26,22.2862922,114.1518242,15.0,7.0,20.0
CS Tower,SHEUNG WAN,32760,1260,32760,26,22.2862922,114.1518242,15.0,7.0,20.0
Golden Bloom Centre,CAUSEWAY BAY,32724,1212,32724,27,22.279695,114.184535,7.0,18.0,20.0
Li Dong Building,CENTRAL,32704,1168,32704,28,22.2828948,114.1563008,20.0,5.0,20.0
Park Commercial Centre,CAUSEWAY BAY,32700,1090,32700,30,22.2819266,114.1920769,0.0,1.0,4.0
"Heung Yip Road, 41",WONG CHUK HANG,32670,1485,32670,22,22.2477698,114.1632639,4.0,2.0,3.0
Chinachem Golden Plaza,TSIM SHA TSUI,32660,1420,32660,23,22.2988123,114.1721746,3.0,6.0,20.0
Shun Ho Tower,CENTRAL,32564,1163,32564,28,22.2803307,114.1564993,13.0,13.0,20.0
Shun Ho Tower,CENTRAL,32564,1163,32564,28,22.2803307,114.1564993,13.0,13.0,20.0
"The Chelsea (Jervois Street, 69)",SHEUNG WAN,32520,813,32520,40,22.2852335,114.1511115,19.0,20.0,20.0
"The Chelsea (Jervois Street, 69)",SHEUNG WAN,32520,813,32520,40,22.2852335,114.1511115,19.0,20.0,20.0
Technology Plaza,NORTH POINT,32500,1625,32500,20,,,,,
Milton Mansion,TSIM SHA TSUI,32500,1060,32500,30,22.2994935,114.1722783,6.0,15.0,20.0
OfficePlus @Sheung Wan,SHEUNG WAN,32499,713,32499,45,22.2860162,114.1516854,18.0,9.0,20.0
Austin Plaza,JORDAN,32480,1160,32480,28,22.3033986,114.1710135,4.0,2.0,20.0
Hang Lung Centre,CAUSEWAY BAY,32350,647,32350,50,22.2802143,114.1859353,5.0,3.0,20.0
Causeway Bay Plaza II,CAUSEWAY BAY,32305,923,32305,35,22.2805414,114.1821601,7.0,8.0,20.0
Lucky Building,CENTRAL,32288,1009,32288,32,22.2822369,114.155333,20.0,12.0,20.0
"Wellington Street, 128",CENTRAL,32280,1076,32280,30,22.2836886,114.153869,9.0,11.0,20.0
Capitol Centre - Block 2,CAUSEWAY BAY,32220,1074,32220,30,22.279725,114.1845751,7.0,17.0,20.0
Far East Consortium Building,SHEUNG WAN,32200,1400,32200,23,22.2863943,114.1491375,5.0,3.0,20.0
Park Tower,JORDAN,32200,1400,32200,23,30.585164,36.238414,2.0,20.0,20.0
Asia Standard Tower,CENTRAL,32184,894,32184,36,22.2830055,114.155849,20.0,10.0,20.0
K Wah Centre,NORTH POINT,32034,1686,32034,19,22.2932357,114.2047775,0.0,2.0,0.0
Cheong K. Building,CENTRAL,32004,900,32004,35,22.284439,114.155401,3.0,14.0,20.0
Eton Building,SHEUNG WAN,32003,1274,32003,25,22.2866054,114.1511878,15.0,7.0,20.0
Double Commercial Building,CENTRAL,32002,825,32002,38,22.2821047,114.15557,20.0,12.0,20.0
"Chatham Road South, 1",TSIM SHA TSUI,32001,951,32001,33,22.2965247,114.1751693,1.0,2.0,20.0
Tin On Sing Commercial Building,CENTRAL,32001,1053,32001,30,22.2828109,114.1534409,11.0,20.0,20.0
Cheung Lee Commercial Building,TSIM SHA TSUI,32000,800,32000,40,22.300917,114.1731733,4.0,8.0,20.0
Eton Building,SHEUNG WAN,32000,1330,32000,24,22.2866054,114.1511878,15.0,7.0,20.0
Cheong K. Building,CENTRAL,31999,1100,31999,29,22.284439,114.155401,3.0,14.0,20.0
Wong Chung Ming Commercial Building,CENTRAL,31999,1100,31999,29,22.2799907,114.1587983,1.0,7.0,17.0
Wong Chung Ming Commercial Building,CENTRAL,31999,1100,31999,29,22.2799907,114.1587983,1.0,7.0,17.0
Wong Chung Ming Commercial Building,CENTRAL,31999,1100,31999,29,22.2799907,114.1587983,1.0,7.0,17.0
Wong Chung Ming Commercial Building,CENTRAL,31999,1100,31999,29,22.2799907,114.1587983,1.0,7.0,17.0
Wong Chung Ming Commercial Building,CENTRAL,31999,1100,31999,29,22.2799907,114.1587983,1.0,7.0,17.0
Tung Ming Building,CENTRAL,31998,600,31998,53,22.2831172,114.1565646,20.0,6.0,20.0
Goldmark,CAUSEWAY BAY,31997,755,31997,42,22.2798889,114.1842939,5.0,18.0,20.0
Siki Centre,CAUSEWAY BAY,31996,1063,31996,30,22.2796776,114.1847377,8.0,17.0,20.0
Siki Centre,CAUSEWAY BAY,31996,1063,31996,30,22.2796776,114.1847377,8.0,17.0,20.0
Siki Centre,CAUSEWAY BAY,31996,1063,31996,30,22.2796776,114.1847377,8.0,17.0,20.0
Kam Lung Commercial Centre,TSIM SHA TSUI,31996,950,31996,33,22.2981654,114.1743295,10.0,8.0,20.0
Kam Lung Commercial Centre,TSIM SHA TSUI,31996,950,31996,33,22.2981654,114.1743295,10.0,8.0,20.0
Multifield Plaza,TSIM SHA TSUI,31994,1288,31994,24,22.2983375,114.1743575,9.0,4.0,20.0
Car Po Commercial Building,CENTRAL,31994,1155,31994,27,22.2822436,114.154595,16.0,20.0,20.0
Morrison Plaza,WAN CHAI,31992,1333,31992,24,22.2778813,114.1800469,5.0,5.0,20.0
Concordia Plaza,TSIM SHA TSUI,31980,1230,31980,26,22.2988123,114.1721746,3.0,6.0,20.0
Bangkok Bank Building,SHEUNG WAN,31970,1390,31970,23,22.286607,114.1487952,5.0,3.0,20.0
Hanford Commercial Centre,JORDAN,31955,913,31955,35,22.3038952,114.1714619,4.0,3.0,20.0
Greatmany Centre,WAN CHAI,31950,1278,31950,25,22.2756786,114.1704118,1.0,9.0,20.0
Kolling Centre,TSIM SHA TSUI,31824,1326,31824,24,22.3006373,114.1758785,4.0,4.0,20.0
"Kodak House, Block 2",NORTH POINT,31800,2120,31800,15,34.0978305,-118.3590054,1.0,1.0,0.0
Manning House,CENTRAL,31800,530,31800,60,22.2819714,114.1561385,20.0,10.0,20.0
Concordia Plaza,TSIM SHA TSUI,31538,1213,31538,26,22.2988123,114.1721746,3.0,6.0,20.0
C C Wu Building,WAN CHAI,31523,1087,31523,29,22.2777777,114.1778408,6.0,6.0,20.0
C C Wu Building,WAN CHAI,31523,1087,31523,29,22.2777777,114.1778408,6.0,6.0,20.0
C C Wu Building,WAN CHAI,31523,1087,31523,29,22.2777777,114.1778408,6.0,6.0,20.0
C C Wu Building,WAN CHAI,31523,1087,31523,29,22.2777777,114.1778408,6.0,6.0,20.0
C C Wu Building,WAN CHAI,31523,1087,31523,29,22.2777777,114.1778408,6.0,6.0,20.0
Bartlock Centre,CAUSEWAY BAY,31500,1050,31500,30,22.2777039,114.1821166,13.0,20.0,20.0
Winner Commercial Building,WAN CHAI,31500,1500,31500,21,22.2798205,114.1802327,6.0,2.0,20.0
Shiu Fung Hong Building,SHEUNG WAN,31472,1124,31472,28,22.2878019,114.1480606,2.0,3.0,17.0
Shiu Fung Hong Building,SHEUNG WAN,31472,1124,31472,28,22.2878019,114.1480606,2.0,3.0,17.0
Ovest,SHEUNG WAN,31410,1047,31410,30,22.285941,114.152217,16.0,12.0,20.0
Ovest,SHEUNG WAN,31410,1047,31410,30,22.285941,114.152217,16.0,12.0,20.0
Ovest,SHEUNG WAN,31410,1047,31410,30,22.285941,114.152217,16.0,12.0,20.0
Ovest,SHEUNG WAN,31410,1047,31410,30,22.285941,114.152217,16.0,12.0,20.0
Ovest,SHEUNG WAN,31410,1047,31410,30,22.285941,114.152217,16.0,12.0,20.0
Ovest,SHEUNG WAN,31410,1047,31410,30,22.285941,114.152217,16.0,12.0,20.0
On Hong Commercial Building,WAN CHAI,31310,1010,31310,31,22.277808,114.1730803,5.0,5.0,20.0
Tsim Sha Tsui Centre - East Tower,TSIM SHA TSUI,31232,976,31232,32,22.2976578,114.1778408,0.0,4.0,20.0
Tiffan Tower,WAN CHAI,31164,1484,31164,21,22.2777315,114.1786122,8.0,6.0,20.0
Tiffan Tower,WAN CHAI,31164,1484,31164,21,22.2777315,114.1786122,8.0,6.0,20.0
Hang Lung Centre,CAUSEWAY BAY,31100,622,31100,50,22.2802143,114.1859353,5.0,3.0,20.0
Fu Fai Commercial Centre,SHEUNG WAN,31050,1350,31050,23,22.2861111,114.1530158,6.0,6.0,20.0
Dah Sing Life Building,CENTRAL,31044,1194,31044,26,22.284794,114.1557652,2.0,8.0,20.0
Dah Sing Life Building,CENTRAL,31044,1194,31044,26,22.284794,114.1557652,2.0,8.0,20.0
Dah Sing Life Building,CENTRAL,31044,1194,31044,26,22.284794,114.1557652,2.0,8.0,20.0
World Wide House,CENTRAL,31008,304,31008,102,22.2825285,114.1578668,4.0,4.0,20.0
Foo Hoo Centre,TSIM SHA TSUI,31006,1375,31006,22,22.3020516,114.1761833,1.0,3.0,20.0
Shiu Fung Commercial Building,WAN CHAI,31004,1150,31004,26,22.2767805,114.1711761,4.0,5.0,20.0
Chevalier House,TSIM SHA TSUI,31001,918,31001,33,22.2988511,114.175517,1.0,4.0,20.0
Hermes Commercial Centre,TSIM SHA TSUI,31001,874,31001,35,22.3025571,114.1723566,10.0,7.0,20.0
Kai Wong Commercial Building,SHEUNG WAN,31000,732,31000,42,22.2846067,114.1518408,8.0,16.0,20.0
Tung Ming Building,CENTRAL,31000,660,31000,46,22.2831172,114.1565646,20.0,6.0,20.0
OfficePlus @Sheung Wan,SHEUNG WAN,30998,547,30998,56,22.2860162,114.1516854,18.0,9.0,20.0
FLK Tower,WAN CHAI,30996,1107,30996,28,22.276882,114.174206,3.0,9.0,20.0
FLK Tower,WAN CHAI,30996,1107,30996,28,22.276882,114.174206,3.0,9.0,20.0
FLK Tower,WAN CHAI,30996,1107,30996,28,22.276882,114.174206,3.0,9.0,20.0
FLK Tower,WAN CHAI,30996,1107,30996,28,22.276882,114.174206,3.0,9.0,20.0
Far East Consortium Building,SHEUNG WAN,30888,1188,30888,26,22.2863943,114.1491375,5.0,3.0,20.0
Star House,TSIM SHA TSUI,30822,1401,30822,22,22.2946183,114.1691682,0.0,4.0,20.0
Mirror Tower,TSIM SHA TSUI,30816,960,30816,32,22.297553,114.176456,1.0,3.0,20.0
Hang Lung Centre,CAUSEWAY BAY,30800,560,30800,55,22.2802143,114.1859353,5.0,3.0,20.0
Tai Sang Bank Building,SHEUNG WAN,30798,1058,30798,29,22.2863943,114.1491375,5.0,3.0,20.0
Neich Tower,WAN CHAI,30798,1096,30798,28,22.2792685,114.1757735,2.0,4.0,8.0
Mirror Tower,TSIM SHA TSUI,30797,860,30797,35,22.297553,114.176456,1.0,3.0,20.0
Causeway Bay Plaza II,CAUSEWAY BAY,30690,930,30690,33,22.2805414,114.1821601,7.0,8.0,20.0
China Insurance Building,TSIM SHA TSUI,30548,1091,30548,28,22.2991175,114.1750077,2.0,5.0,20.0
East Town Building,WAN CHAI,30535,985,30535,31,22.2783849,114.1705822,2.0,4.0,20.0
Shiu Fung Hong Building,SHEUNG WAN,30500,1525,30500,20,22.2878019,114.1480606,2.0,3.0,17.0
World Finance Centre - North,TSIM SHA TSUI,30480,1016,30480,30,22.2988123,114.1721746,3.0,6.0,20.0
Honest Building,CAUSEWAY BAY,30442,982,30442,31,22.276953,114.181412,6.0,8.0,20.0
C C Wu Building,WAN CHAI,30436,1087,30436,28,22.2777777,114.1778408,6.0,6.0,20.0
C C Wu Building,WAN CHAI,30436,1087,30436,28,22.2777777,114.1778408,6.0,6.0,20.0
C C Wu Building,WAN CHAI,30436,1087,30436,28,22.2777777,114.1778408,6.0,6.0,20.0
C C Wu Building,WAN CHAI,30436,1087,30436,28,22.2777777,114.1778408,6.0,6.0,20.0
Foo Hoo Centre,TSIM SHA TSUI,30400,1216,30400,25,22.3020516,114.1761833,1.0,3.0,20.0
Sands Building,TSIM SHA TSUI,30400,950,30400,32,22.2965222,114.1709494,8.0,3.0,20.0
Pioneer Centre,MONG KOK / TAI KOK TSUI,30324,722,30324,42,22.3225044,114.1690164,3.0,8.0,20.0
Grand Centre,TSIM SHA TSUI,30240,630,30240,48,22.2986055,114.1735857,4.0,6.0,20.0
"Sea View Estate, Block A",NORTH POINT,30240,1680,30240,18,22.2871266,114.191351,5.0,7.0,20.0
Strand 50 (Bonham Trade Centre),SHEUNG WAN,30240,1008,30240,30,22.285767,114.1512853,20.0,14.0,20.0
Empire Centre,TSIM SHA TSUI,30170,862,30170,35,22.2982675,114.1783981,0.0,6.0,20.0
CNT Tower,WAN CHAI,30109,1021,30109,29,22.278332,114.178819,15.0,6.0,20.0
Technology Plaza,NORTH POINT,30100,1720,30100,17,,,,,
Sands Building,TSIM SHA TSUI,30070,970,30070,31,22.2965222,114.1709494,8.0,3.0,20.0
Hyde Centre,WAN CHAI,30011,1350,30011,22,22.2802657,114.1798612,0.0,2.0,20.0
Emperor Hollywood Centre (Centre Hollywood),SHEUNG WAN,30005,1602,30005,18,22.2840681,114.1505838,3.0,12.0,20.0
Parkview Commercial Building,CAUSEWAY BAY,30005,1418,30005,21,22.2792437,114.1886192,1.0,5.0,20.0
New Mandarin Plaza - Tower B,TSIM SHA TSUI,30004,1300,30004,23,22.3005491,114.1786611,1.0,6.0,20.0
Vogue Building,CENTRAL,30002,890,30002,33,22.2815513,114.1549856,20.0,7.0,20.0
Dominion Centre,WAN CHAI,30002,965,30002,31,22.2764258,114.1692496,2.0,11.0,20.0
OfficePlus @Sheung Wan,SHEUNG WAN,30000,600,30000,50,22.2860162,114.1516854,18.0,9.0,20.0
Prat Commercial Building,TSIM SHA TSUI,30000,1000,30000,30,22.2984642,114.1747987,6.0,5.0,20.0
Tung Ming Building,CENTRAL,29999,654,29999,45,22.2831172,114.1565646,20.0,6.0,20.0
Ho Lee Commercial Building,CENTRAL,29997,606,29997,49,,,,,
Multifield Plaza,TSIM SHA TSUI,29997,1188,29997,25,22.2983375,114.1743575,9.0,4.0,20.0
Hung To Commercial Building,WAN CHAI,29997,1298,29997,23,22.2794394,114.1789694,10.0,3.0,20.0
Full View Commercial Building,CENTRAL,29997,850,29997,35,,,,,
Kee Shing Centre,TSIM SHA TSUI,29994,1326,29994,22,22.3018214,114.1755109,2.0,6.0,20.0
Harvest Building,SHEUNG WAN,29994,1272,29994,23,22.2852597,114.1542698,9.0,15.0,20.0
Prosperity Millennia Plaza,NORTH POINT,29986,1363,29986,22,22.2916983,114.2081683,1.0,1.0,5.0
Chinachem Golden Plaza,TSIM SHA TSUI,29960,1070,29960,28,22.2988123,114.1721746,3.0,6.0,20.0
Connaught Commercial Building,WAN CHAI,29952,1152,29952,26,22.2773239,114.178075,4.0,3.0,20.0
299QRC,SHEUNG WAN,29928,1032,29928,29,22.2849577,114.150647,9.0,20.0,20.0
Hermes Commercial Centre,TSIM SHA TSUI,29925,1425,29925,21,22.3025571,114.1723566,10.0,7.0,20.0
Ocean Building,JORDAN,29900,1196,29900,25,22.3049519,114.1693183,1.0,1.0,20.0
Lee Kum Kee Central,CENTRAL,29772,827,29772,36,22.2834411,114.1564064,20.0,7.0,20.0
New East Ocean Centre,TSIM SHA TSUI,29754,1102,29754,27,22.3015123,114.1789922,0.0,1.0,12.0
Star House,TSIM SHA TSUI,29688,1237,29688,24,22.2946183,114.1691682,0.0,4.0,20.0
Luk Yu Building,CENTRAL,29680,1060,29680,28,22.2821844,114.1555027,20.0,12.0,20.0
135 Bonham Strand Trade Centre,SHEUNG WAN,29625,1185,29625,25,22.2866777,114.1493908,6.0,2.0,20.0
299QRC,SHEUNG WAN,29624,1058,29624,28,22.2849577,114.150647,9.0,20.0,20.0
CKK Commercial Centre,WAN CHAI,29596,1057,29596,28,22.2783338,114.1774583,4.0,5.0,20.0
On Hong Commercial Building,WAN CHAI,29574,954,29574,31,22.277808,114.1730803,5.0,5.0,20.0
Kam Lung Commercial Centre,TSIM SHA TSUI,29498,950,29498,31,22.2981654,114.1743295,10.0,8.0,20.0
Sands Building,TSIM SHA TSUI,29450,950,29450,31,22.2965222,114.1709494,8.0,3.0,20.0
Greatmany Centre,WAN CHAI,29394,1278,29394,23,22.2756786,114.1704118,1.0,9.0,20.0
K Wah Centre,NORTH POINT,29360,1468,29360,20,22.2932357,114.2047775,0.0,2.0,0.0
Lee & Man Commercial Center,NORTH POINT,29349,1087,29349,27,22.287503,114.191589,4.0,6.0,20.0
Unicorn Trade Centre,CENTRAL,29260,770,29260,38,22.2852682,114.1552761,4.0,14.0,20.0
Man Yee Building,CENTRAL,29250,195,29250,150,22.2835772,114.1561146,19.0,6.0,20.0
Car Po Commercial Building,CENTRAL,29233,1271,29233,23,22.2822436,114.154595,16.0,20.0,20.0
Wanchai Central Building,WAN CHAI,29200,1168,29200,25,22.2782719,114.1718827,4.0,5.0,20.0
Hermes Commercial Centre,TSIM SHA TSUI,29174,1006,29174,29,22.3025571,114.1723566,10.0,7.0,20.0
Winning House - Res,CENTRAL,29100,970,29100,30,22.2820037,114.1536433,8.0,20.0,20.0
"Chinachem Exchange Square, Two",NORTH POINT,29018,1319,29018,22,22.2903966,114.1974685,3.0,0.0,10.0
Kai Kwong Commercial Building,WAN CHAI,29003,1310,29003,22,22.2788703,114.1785536,10.0,5.0,20.0
"Queen's Road Central, 55",CENTRAL,29000,800,29000,36,22.2828402,114.1558606,20.0,11.0,20.0
Silvercord - Tower 1,TSIM SHA TSUI,29000,580,29000,50,22.2973783,114.1695911,2.0,6.0,20.0
HSH Mongkok Plaza (OfficePlus @Prince Ewdard),MONG KOK / TAI KOK TSUI,28999,558,28999,51,22.3198474,114.1620857,0.0,6.0,20.0
Mirror Tower,TSIM SHA TSUI,28999,860,28999,33,22.297553,114.176456,1.0,3.0,20.0
CKK Commercial Centre,WAN CHAI,28998,1074,28998,27,22.2783338,114.1774583,4.0,5.0,20.0
CKK Commercial Centre,WAN CHAI,28998,1074,28998,27,22.2783338,114.1774583,4.0,5.0,20.0
CKK Commercial Centre,WAN CHAI,28998,1074,28998,27,22.2783338,114.1774583,4.0,5.0,20.0
CKK Commercial Centre,WAN CHAI,28998,1074,28998,27,22.2783338,114.1774583,4.0,5.0,20.0
CKK Commercial Centre,WAN CHAI,28998,1074,28998,27,22.2783338,114.1774583,4.0,5.0,20.0
Kai Tak Commercial Building,SHEUNG WAN,28990,1115,28990,26,22.2872433,114.1506702,2.0,6.0,20.0
Tai Yau Building,WAN CHAI,28980,966,28980,30,22.276967,114.17455,3.0,8.0,20.0
Wing Hing Commercial Building,SHEUNG WAN,28974,1317,28974,22,22.28744,114.145728,0.0,0.0,13.0
Goldmark,CAUSEWAY BAY,28944,804,28944,36,22.2798889,114.1842939,5.0,18.0,20.0
On Hing Building,CENTRAL,28901,875,28901,33,22.2805487,114.1564993,13.0,14.0,20.0
Connaught Commercial Building,WAN CHAI,28800,1152,28800,25,22.2773239,114.178075,4.0,3.0,20.0
Vogue Building,CENTRAL,28798,806,28798,35,22.2815513,114.1549856,20.0,7.0,20.0
Vogue Building,CENTRAL,28798,806,28798,35,22.2815513,114.1549856,20.0,7.0,20.0
Mirror Tower,TSIM SHA TSUI,28756,910,28756,31,22.297553,114.176456,1.0,3.0,20.0
Crawford House,CENTRAL,28728,456,28728,63,22.2826315,114.1555936,20.0,12.0,20.0
"Austin Road, 29",JORDAN,28672,1024,28672,28,22.3032477,114.1693682,3.0,6.0,20.0
Strand 50 (Bonham Trade Centre),SHEUNG WAN,28620,954,28620,30,22.285767,114.1512853,20.0,14.0,20.0
Wah Kit Commercial Centre,SHEUNG WAN,28600,1300,28600,22,22.2866553,114.1508663,11.0,6.0,20.0
Goldmark,CAUSEWAY BAY,28595,817,28595,35,22.2798889,114.1842939,5.0,18.0,20.0
Eastcore,KWUN TONG,28576,1786,28576,16,22.313354,114.2228428,12.0,6.0,20.0
One Capital Place,WAN CHAI,28566,1058,28566,27,22.2784631,114.1719656,3.0,7.0,20.0
CKK Commercial Centre,WAN CHAI,28539,1057,28539,27,22.2783338,114.1774583,4.0,5.0,20.0
CKK Commercial Centre,WAN CHAI,28539,1057,28539,27,22.2783338,114.1774583,4.0,5.0,20.0
Eastern Commercial Centre,WAN CHAI,28476,1017,28476,28,22.2792646,114.1803023,8.0,2.0,20.0
Tern Plaza,TSIM SHA TSUI,28416,888,28416,32,22.2988487,114.1727786,5.0,6.0,20.0
Taurus Building,TSIM SHA TSUI,28304,831,28304,34,22.300077,114.173473,8.0,8.0,20.0
Asia Standard Tower,CENTRAL,28236,724,28236,39,22.2830055,114.155849,20.0,10.0,20.0
Kai Tak Commercial Building,SHEUNG WAN,28168,1006,28168,28,22.2872433,114.1506702,2.0,6.0,20.0
Tai Yip Building,WAN CHAI,28140,938,28140,30,22.27738,114.175148,7.0,6.0,20.0
Austin Plaza,JORDAN,28056,1002,28056,28,22.3033986,114.1710135,4.0,2.0,20.0
East Town Building,WAN CHAI,28055,905,28055,31,22.2783849,114.1705822,2.0,4.0,20.0
Empire Centre,TSIM SHA TSUI,28017,849,28017,33,22.2982675,114.1783981,0.0,6.0,20.0
Loyong Court,WAN CHAI,28010,1260,28010,22,22.276022,114.1751471,2.0,2.0,12.0
Car Po Commercial Building,CENTRAL,28003,972,28003,28,22.2822436,114.154595,16.0,20.0,20.0
South Seas Centre - Tower 1,TSIM SHA TSUI,28003,1068,28003,26,22.3000671,114.178459,1.0,6.0,20.0
Wellington Plaza,CENTRAL,28001,910,28001,30,22.2818944,114.155257,20.0,10.0,20.0
Max Share Centre,NORTH POINT,28000,1400,28000,20,22.2909318,114.1979579,4.0,0.0,18.0
Wanchai Commercial Centre,WAN CHAI,28000,1057,28000,26,22.2771729,114.1760063,10.0,4.0,20.0
Wanchai Commercial Centre,WAN CHAI,28000,1057,28000,26,22.2771729,114.1760063,10.0,4.0,20.0
Morrison Commercial Building,WAN CHAI,28000,954,28000,29,22.2770909,114.1804813,0.0,5.0,17.0
"Cochrane Street, 9-11",CENTRAL,27999,900,27999,31,22.283485,114.1546666,12.0,15.0,20.0
Wanchai Commercial Centre,WAN CHAI,27998,1101,27998,25,22.2771729,114.1760063,10.0,4.0,20.0
Tak Woo House,CENTRAL,27996,1200,27996,23,22.2812836,114.155431,20.0,6.0,20.0
Hollywood Commercial House,CENTRAL,27950,1075,27950,26,22.281843,114.153608,8.0,17.0,20.0
Kam Fung Commercial Building,WAN CHAI,27930,1330,27930,21,22.2783245,114.1794896,9.0,5.0,20.0
Eubank Plaza,CENTRAL,27896,830,27896,33,22.282598,114.1564993,20.0,8.0,20.0
New Mandarin Plaza - Tower A,TSIM SHA TSUI,27721,1459,27721,19,22.3005491,114.1786611,1.0,6.0,20.0
Workington Tower,SHEUNG WAN,27552,1148,27552,24,22.286015,114.150659,18.0,12.0,20.0
Ocean Building,JORDAN,27550,1102,27550,25,22.3049519,114.1693183,1.0,1.0,20.0
Wanchai Commercial Centre,WAN CHAI,27525,1101,27525,25,22.2771729,114.1760063,10.0,4.0,20.0
Wanchai Commercial Centre,WAN CHAI,27525,1101,27525,25,22.2771729,114.1760063,10.0,4.0,20.0
Wanchai Commercial Centre,WAN CHAI,27525,1101,27525,25,22.2771729,114.1760063,10.0,4.0,20.0
Wanchai Commercial Centre,WAN CHAI,27525,1101,27525,25,22.2771729,114.1760063,10.0,4.0,20.0
Beverly House,WAN CHAI,27507,1038,27507,26,22.278259,114.172151,3.0,8.0,20.0
Energy Plaza,TSIM SHA TSUI,27500,1100,27500,25,22.2999261,114.1767262,0.0,2.0,11.0
CKK Commercial Centre,WAN CHAI,27486,1018,27486,27,22.2783338,114.1774583,4.0,5.0,20.0
Wilson House,CENTRAL,27392,856,27392,32,22.2804986,114.1557097,19.0,11.0,20.0
Emperor Group Centre,WAN CHAI,27356,977,27356,28,22.2775389,114.1768655,4.0,2.0,20.0
Shiu Fung Hong Building,SHEUNG WAN,27346,1243,27346,22,22.2878019,114.1480606,2.0,3.0,17.0
New Mandarin Plaza - Tower B,TSIM SHA TSUI,27265,779,27265,35,22.3005491,114.1786611,1.0,6.0,20.0
New Mandarin Plaza - Tower B,TSIM SHA TSUI,27265,779,27265,35,22.3005491,114.1786611,1.0,6.0,20.0
New Mandarin Plaza - Tower B,TSIM SHA TSUI,27265,779,27265,35,22.3005491,114.1786611,1.0,6.0,20.0
Star House,TSIM SHA TSUI,27218,878,27218,31,22.2946183,114.1691682,0.0,4.0,20.0
Mirror Tower,TSIM SHA TSUI,27199,780,27199,34,22.297553,114.176456,1.0,3.0,20.0
Workington Tower,SHEUNG WAN,27192,1133,27192,24,22.286015,114.150659,18.0,12.0,20.0
Workington Tower,SHEUNG WAN,27192,1133,27192,24,22.286015,114.150659,18.0,12.0,20.0
C Wisdom Centre,CENTRAL,27104,968,27104,28,22.2822572,114.153608,11.0,20.0,20.0
C Wisdom Centre,CENTRAL,27104,968,27104,28,22.2822572,114.153608,11.0,20.0,20.0
C Wisdom Centre,CENTRAL,27104,968,27104,28,22.2822572,114.153608,11.0,20.0,20.0
Tai Yau Building,WAN CHAI,27094,874,27094,31,22.276967,114.17455,3.0,8.0,20.0
Lucky Building,CENTRAL,27072,846,27072,32,22.2822369,114.155333,20.0,12.0,20.0
Causeway Bay Plaza II,CAUSEWAY BAY,27060,820,27060,33,22.2805414,114.1821601,7.0,8.0,20.0
Hillier Commercial Building,SHEUNG WAN,27000,1000,27000,27,22.285888,114.1517909,19.0,11.0,20.0
Arion Commercial Centre,SHEUNG WAN,26998,1521,26998,17,22.2863187,114.1483711,2.0,5.0,20.0
Houston Centre,TSIM SHA TSUI,26997,1023,26997,26,22.2980295,114.1768655,1.0,2.0,20.0
Ihome Centre,WAN CHAI,26976,843,26976,32,22.2794049,114.1792742,10.0,3.0,20.0
Asia Standard Tower,CENTRAL,26910,207,26910,130,22.2830055,114.155849,20.0,10.0,20.0
Mirror Tower,TSIM SHA TSUI,26814,815,26814,32,22.297553,114.176456,1.0,3.0,20.0
Mirror Tower,TSIM SHA TSUI,26799,795,26799,33,22.297553,114.176456,1.0,3.0,20.0
The Workstation,CENTRAL,26772,776,26772,34,10.8017589,106.7135357,0.0,18.0,9.0
Shun Feng International Centre,WAN CHAI,26730,900,26730,29,22.2753389,114.171594,2.0,19.0,20.0
"Austin Road, 102",JORDAN,26684,953,26684,28,22.303107,114.1723006,10.0,6.0,20.0
"Austin Road, 102",JORDAN,26684,953,26684,28,22.303107,114.1723006,10.0,6.0,20.0
"Austin Road, 102",JORDAN,26684,953,26684,28,22.303107,114.1723006,10.0,6.0,20.0
Po Wah Commercial Centre,WAN CHAI,26650,1025,26650,26,22.2776183,114.1752946,8.0,4.0,20.0
Po Wah Commercial Centre,WAN CHAI,26650,1025,26650,26,22.2776183,114.1752946,8.0,4.0,20.0
"Chinachem Exchange Square, Two",NORTH POINT,26586,1266,26586,21,22.2903966,114.1974685,3.0,0.0,10.0
"Chinachem Exchange Square, Two",NORTH POINT,26586,1266,26586,21,22.2903966,114.1974685,3.0,0.0,10.0
Asia Standard Tower,CENTRAL,26559,681,26559,39,22.2830055,114.155849,20.0,10.0,20.0
Lee & Man Commercial Center,NORTH POINT,26541,983,26541,27,22.287503,114.191589,4.0,6.0,20.0
Po Wah Commercial Centre,WAN CHAI,26520,884,26520,30,22.2776183,114.1752946,8.0,4.0,20.0
Po Wah Commercial Centre,WAN CHAI,26520,884,26520,30,22.2776183,114.1752946,8.0,4.0,20.0
OfficePlus@Wan Chai (CRE Building),WAN CHAI,26499,550,26499,48,22.2783772,114.1776866,4.0,5.0,20.0
Lucky Building,CENTRAL,26464,827,26464,32,22.2822369,114.155333,20.0,12.0,20.0
Wanchai Commercial Centre,WAN CHAI,26424,1101,26424,24,22.2771729,114.1760063,10.0,4.0,20.0
Harbour Commercial Building,SHEUNG WAN,26400,1100,26400,24,22.2868526,114.1524233,7.0,3.0,20.0
Island Place Tower,NORTH POINT,26400,1200,26400,22,22.2914596,114.2030318,1.0,4.0,20.0
Loke Yew Building,CENTRAL,26400,550,26400,48,22.28223,114.156059,20.0,8.0,20.0
New Mandarin Plaza - Tower A,TSIM SHA TSUI,26400,1320,26400,20,22.3005491,114.1786611,1.0,6.0,20.0
Printing House,CENTRAL,26235,477,26235,55,22.279818,114.1571925,2.0,3.0,20.0
Silver Fortune Plaza,CENTRAL,26208,728,26208,36,22.2811073,114.1561361,20.0,15.0,20.0
Capitol Centre - Block 2,CAUSEWAY BAY,26202,794,26202,33,22.279725,114.1845751,7.0,17.0,20.0
Kai Tak Commercial Building,SHEUNG WAN,26182,1007,26182,26,22.2872433,114.1506702,2.0,6.0,20.0
Yee On 168 (E168),SHEUNG WAN,26160,872,26160,30,22.2863943,114.1491375,5.0,3.0,20.0
Yee On 168 (E168),SHEUNG WAN,26160,872,26160,30,22.2863943,114.1491375,5.0,3.0,20.0
Austin Tower,TSIM SHA TSUI,26092,1186,26092,22,22.3029565,114.1752316,0.0,5.0,20.0
Park Commercial Centre,CAUSEWAY BAY,26010,867,26010,30,22.2819266,114.1920769,0.0,1.0,4.0
Double Commercial Building,CENTRAL,26003,680,26003,38,22.2821047,114.15557,20.0,12.0,20.0
Teda Building,SHEUNG WAN,26003,1083,26003,24,22.2859508,114.1519873,16.0,10.0,20.0
CKK Commercial Centre,WAN CHAI,26003,750,26003,34,22.2783338,114.1774583,4.0,5.0,20.0
CKK Commercial Centre,WAN CHAI,26003,750,26003,34,22.2783338,114.1774583,4.0,5.0,20.0
Tern Centre - Block 2,SHEUNG WAN,26002,913,26002,28,22.2848965,114.1513687,13.0,16.0,20.0
Empress Plaza,TSIM SHA TSUI,26001,808,26001,32,22.2971872,114.1752404,4.0,2.0,20.0
Hillier Commercial Building,SHEUNG WAN,26000,1000,26000,26,22.285888,114.1517909,19.0,11.0,20.0
Wyndham Place,CENTRAL,26000,1000,26000,26,22.2801595,114.1550448,9.0,9.0,20.0
Jade Centre,CENTRAL,25998,918,25998,28,22.2828985,114.1543957,15.0,20.0,20.0
Mirror Tower,TSIM SHA TSUI,25997,780,25997,33,22.297553,114.176456,1.0,3.0,20.0
Lee & Man Commercial Center,NORTH POINT,25944,1128,25944,23,22.287503,114.191589,4.0,6.0,20.0
Unicorn Trade Centre,CENTRAL,25840,680,25840,38,22.2852682,114.1552761,4.0,14.0,20.0
Albion Plaza,TSIM SHA TSUI,25830,630,25830,41,22.2993375,114.1726271,6.0,14.0,20.0
Albion Plaza,TSIM SHA TSUI,25830,630,25830,41,22.2993375,114.1726271,6.0,14.0,20.0
East Ocean Centre,TSIM SHA TSUI,25799,836,25799,30,22.3003823,114.1777233,1.0,7.0,20.0
Casey Building,SHEUNG WAN,25788,1228,25788,21,22.2849342,114.1498393,3.0,16.0,20.0
Fu Fai Commercial Centre,SHEUNG WAN,25760,1120,25760,23,22.2861111,114.1530158,6.0,6.0,20.0
Fu Fai Commercial Centre,SHEUNG WAN,25760,1120,25760,23,22.2861111,114.1530158,6.0,6.0,20.0
Kai Tak Commercial Building,SHEUNG WAN,25760,920,25760,28,22.2872433,114.1506702,2.0,6.0,20.0
Millennium City 1 - Tower 01,KWUN TONG,25650,1026,25650,25,22.3136835,114.2212449,1.0,3.0,20.0
Mirror Tower,TSIM SHA TSUI,25520,795,25520,32,22.297553,114.176456,1.0,3.0,20.0
Nam Hing Fong,CAUSEWAY BAY,25496,881,25496,28,22.277412,114.181444,7.0,12.0,20.0
Wanchai Commercial Centre,WAN CHAI,25368,1057,25368,24,22.2771729,114.1760063,10.0,4.0,20.0
Wanchai Commercial Centre,WAN CHAI,25368,1057,25368,24,22.2771729,114.1760063,10.0,4.0,20.0
Wilson House,CENTRAL,25344,768,25344,33,22.2804986,114.1557097,19.0,11.0,20.0
Nam Hing Fong,CAUSEWAY BAY,25302,881,25302,28,22.277412,114.181444,7.0,12.0,20.0
Yue Xiu Building,WAN CHAI,25208,1096,25208,23,22.278087,114.1737809,6.0,10.0,20.0
Strand 71,SHEUNG WAN,25200,840,25200,30,22.285951,114.151688,20.0,10.0,20.0
East Ocean Centre,TSIM SHA TSUI,25080,836,25080,30,22.3003823,114.1777233,1.0,7.0,20.0
Lansing House,CENTRAL,25004,950,25004,26,42.73359929999999,-84.55386639999999,0.0,0.0,1.0
Star House,TSIM SHA TSUI,25004,1400,25004,17,22.2946183,114.1691682,0.0,4.0,20.0
Gilman's Bazaar,SHEUNG WAN,25004,763,25004,32,22.2848755,114.1541882,7.0,12.0,20.0
Nam Wo Hong Building,SHEUNG WAN,25004,1055,25004,23,22.2871069,114.149339,2.0,2.0,20.0
Tai Sang Bank Building,SHEUNG WAN,25003,861,25003,29,22.2863943,114.1491375,5.0,3.0,20.0
MW One,TSIM SHA TSUI,25003,965,25003,25,22.300516,114.1749021,6.0,5.0,20.0
Winning Centre,CENTRAL,25003,1100,25003,22,22.2802377,114.1548736,9.0,8.0,20.0
Nam Hing Fong,CAUSEWAY BAY,25003,881,25003,28,22.277412,114.181444,7.0,12.0,20.0
Thyrse House,CENTRAL,25001,762,25001,32,22.2832554,114.1560546,20.0,8.0,20.0
Alliance Building,SHEUNG WAN,25001,880,25001,28,22.2870402,114.151975,6.0,4.0,20.0
Chang Pao Ching Building,WAN CHAI,25000,1294,25000,19,22.2794951,114.180986,10.0,3.0,20.0
Island Place Tower,NORTH POINT,25000,1000,25000,25,22.2914596,114.2030318,1.0,4.0,20.0
Winning Centre,CENTRAL,25000,500,25000,50,22.2802377,114.1548736,9.0,8.0,20.0
"Wyndham Street, 31C-D",CENTRAL,25000,1000,25000,25,22.2802625,114.1552337,9.0,9.0,20.0
Conwell House,CENTRAL,25000,980,25000,25,22.2824767,114.1553036,20.0,10.0,20.0
Supreme House,TSIM SHA TSUI,24999,591,24999,42,22.2981593,114.1745201,8.0,3.0,20.0
Winfield Commercial Building,TSIM SHA TSUI,24999,865,24999,28,22.2986137,114.1742646,10.0,6.0,20.0
New York House,CENTRAL,24998,814,24998,30,22.2853805,114.1557163,4.0,8.0,20.0
New York House,CENTRAL,24998,814,24998,30,22.2853805,114.1557163,4.0,8.0,20.0
Success Commercial Building,WAN CHAI,24996,1144,24996,21,22.276022,114.1751471,2.0,2.0,12.0
Carfield Commercial Building,CENTRAL,24993,1368,24993,18,,,,,
Austin Tower,TSIM SHA TSUI,24970,1135,24970,22,22.3029565,114.1752316,0.0,5.0,20.0
Wharf T & T Centre,TSIM SHA TSUI,24969,861,24969,29,22.2970382,114.1686482,0.0,8.0,20.0
Capitol Centre - Block 2,CAUSEWAY BAY,24928,779,24928,32,22.279725,114.1845751,7.0,17.0,20.0
Ihome Centre,WAN CHAI,24928,779,24928,32,22.2794049,114.1792742,10.0,3.0,20.0
Energy Plaza,TSIM SHA TSUI,24800,992,24800,25,22.2999261,114.1767262,0.0,2.0,11.0
Pacific Plaza,WESTERN / KENNEDY TOWN,24726,951,24726,26,22.2822235,114.1292619,1.0,1.0,20.0
Eastern Flower Centre,TSIM SHA TSUI,24720,1030,24720,24,22.2989435,114.1741858,5.0,7.0,20.0
Eastern Flower Centre,TSIM SHA TSUI,24720,1030,24720,24,22.2989435,114.1741858,5.0,7.0,20.0
Capitol Centre - Block 2,CAUSEWAY BAY,24640,770,24640,32,22.279725,114.1845751,7.0,17.0,20.0
Beautiful Group Tower,SHEUNG WAN,24600,820,24600,30,22.2863943,114.1491375,5.0,3.0,20.0
Austin Plaza,JORDAN,24556,877,24556,28,22.3033986,114.1710135,4.0,2.0,20.0
Ocean Centre,TSIM SHA TSUI,24552,792,24552,31,22.296249,114.1689005,0.0,6.0,16.0
Jupiter Tower,NORTH POINT,24541,1067,24541,23,22.2862362,114.1923382,6.0,6.0,20.0
Sing Shun Centre,CHEUNG SHA WAN / LAI CHI KOK,24420,1110,24420,22,22.3373679,114.1461055,4.0,6.0,20.0
Tern Commercial Building,TSIM SHA TSUI,24396,642,24396,38,22.3002277,114.1745591,7.0,6.0,20.0
Tern Commercial Building,TSIM SHA TSUI,24396,642,24396,38,22.3002277,114.1745591,7.0,6.0,20.0
Tern Commercial Building,TSIM SHA TSUI,24396,642,24396,38,22.3002277,114.1745591,7.0,6.0,20.0
Hollywood Centre,SHEUNG WAN,24360,870,24360,28,22.285523,114.1482076,2.0,8.0,20.0
Goldmark,CAUSEWAY BAY,24336,676,24336,36,22.2798889,114.1842939,5.0,18.0,20.0
Omega Plaza,MONG KOK / TAI KOK TSUI,24310,935,24310,26,22.3198474,114.1620857,0.0,6.0,20.0
Prosperity Millennia Plaza,NORTH POINT,24244,1102,24244,22,22.2916983,114.2081683,1.0,1.0,5.0
Charmhill Centre,TSIM SHA TSUI,24240,1010,24240,24,22.2988123,114.1721746,3.0,6.0,20.0
Yee On 168 (E168),SHEUNG WAN,24240,808,24240,30,22.2863943,114.1491375,5.0,3.0,20.0
Cameron Plaza,TSIM SHA TSUI,24228,673,24228,36,22.2992387,114.1741717,5.0,6.0,20.0
Wui Tat Centre,WESTERN / KENNEDY TOWN,24228,1346,24228,18,22.2822235,114.1292619,1.0,1.0,20.0
Arion Commercial Centre,SHEUNG WAN,24200,968,24200,25,22.2863187,114.1483711,2.0,5.0,20.0
Austin Tower,TSIM SHA TSUI,24200,1100,24200,22,22.3029565,114.1752316,0.0,5.0,20.0
Keen Hung Commercial Building,WAN CHAI,24168,848,24168,28,22.2766052,114.1696434,2.0,6.0,20.0
Bowtie Life Insurance Tower,WAN CHAI,24150,575,24150,42,22.2762761,114.1717334,1.0,17.0,20.0
Tai Tung Building,WAN CHAI,24120,670,24120,36,22.2773668,114.1746362,4.0,5.0,20.0
Ihome Centre,WAN CHAI,24096,753,24096,32,22.2794049,114.1792742,10.0,3.0,20.0
East Town Building,WAN CHAI,24087,777,24087,31,22.2783849,114.1705822,2.0,4.0,20.0
135 Bonham Strand Trade Centre,SHEUNG WAN,24075,963,24075,25,22.2866777,114.1493908,6.0,2.0,20.0
135 Bonham Strand Trade Centre,SHEUNG WAN,24075,963,24075,25,22.2866777,114.1493908,6.0,2.0,20.0
Ocean Centre,TSIM SHA TSUI,24056,776,24056,31,22.296249,114.1689005,0.0,6.0,16.0
Goldmark,CAUSEWAY BAY,24010,686,24010,35,22.2798889,114.1842939,5.0,18.0,20.0
Alpha House,TSIM SHA TSUI,24005,1015,24005,23,22.2962892,114.1721057,5.0,9.0,20.0
Kam Hing Building,TSIM SHA TSUI,24003,945,24003,25,22.3026719,114.1731495,15.0,3.0,20.0
EIB Tower,WAN CHAI,24003,1287,24003,18,22.2777794,114.1796289,7.0,5.0,20.0
Nam Wo Hong Building,SHEUNG WAN,24000,949,24000,25,22.2871069,114.149339,2.0,2.0,20.0
Kuo Wah Building,WAN CHAI,24000,1600,24000,15,22.2783948,114.1790357,15.0,8.0,20.0
New World Tower 1,CENTRAL,24000,400,24000,60,22.280329,114.1568538,6.0,11.0,20.0
Valley Centre,WAN CHAI,24000,1200,24000,20,22.2759492,114.1800161,0.0,0.0,1.0
Knutsford Commercial Building,TSIM SHA TSUI,23998,963,23998,24,22.301901,114.1741892,3.0,1.0,20.0
Jing Long Commercial Building,CAUSEWAY BAY,23997,937,23997,25,22.279432,114.1825068,9.0,11.0,20.0
Easey Commercial Building,WAN CHAI,23976,888,23976,27,22.2781617,114.1763439,5.0,3.0,20.0
Goldmark,CAUSEWAY BAY,23905,683,23905,35,22.2798889,114.1842939,5.0,18.0,20.0
Wah Hing Commercial Building,WAN CHAI,23884,853,23884,28,22.2787928,114.1770851,4.0,3.0,20.0
Jupiter Tower,NORTH POINT,23874,1038,23874,23,22.2862362,114.1923382,6.0,6.0,20.0
China Insurance Building,TSIM SHA TSUI,23828,851,23828,28,22.2991175,114.1750077,2.0,5.0,20.0
Hang Lung House,SHEUNG WAN,23802,877,23802,27,22.2848065,114.1526231,7.0,12.0,20.0
Hing Yip Commercial Centre,SHEUNG WAN,23801,150,23801,158,22.2865048,114.1513914,18.0,10.0,20.0
Sze Lai Building,WAN CHAI,23800,1000,23800,23,22.278141,114.176093,4.0,3.0,20.0
Dah Sing Financial Centre,WAN CHAI,23790,793,23790,30,22.2747521,114.1735215,2.0,8.0,20.0
Eastern Flower Centre,TSIM SHA TSUI,23760,990,23760,24,22.2989435,114.1741858,5.0,7.0,20.0
Eastern Flower Centre,TSIM SHA TSUI,23760,990,23760,24,22.2989435,114.1741858,5.0,7.0,20.0
Wilson House,CENTRAL,23760,720,23760,33,22.2804986,114.1557097,19.0,11.0,20.0
Energy Plaza,TSIM SHA TSUI,23750,950,23750,25,22.2999261,114.1767262,0.0,2.0,11.0
Austin Plaza,JORDAN,23716,847,23716,28,22.3033986,114.1710135,4.0,2.0,20.0
Winning House - Res,CENTRAL,23680,740,23680,32,22.2820037,114.1536433,8.0,20.0,20.0
Pioneer Centre,MONG KOK / TAI KOK TSUI,23640,591,23640,40,22.3225044,114.1690164,3.0,8.0,20.0
Connaught Commercial Building,WAN CHAI,23625,945,23625,25,22.2773239,114.178075,4.0,3.0,20.0
Ocean Centre,TSIM SHA TSUI,23580,786,23580,30,22.296249,114.1689005,0.0,6.0,16.0
"King's Road, 383",NORTH POINT,23550,942,23550,25,22.290995,114.198385,2.0,0.0,20.0
Ocean Centre,TSIM SHA TSUI,23520,784,23520,30,22.296249,114.1689005,0.0,6.0,16.0
Mirror Tower,TSIM SHA TSUI,23501,720,23501,32,22.297553,114.176456,1.0,3.0,20.0
OfficePlus @Sheung Wan,SHEUNG WAN,23500,500,23500,47,22.2860162,114.1516854,18.0,9.0,20.0
East Town Building,WAN CHAI,23498,758,23498,31,22.2783849,114.1705822,2.0,4.0,20.0
East Town Building,WAN CHAI,23498,758,23498,31,22.2783849,114.1705822,2.0,4.0,20.0
Tai Yip Building,WAN CHAI,23452,902,23452,26,22.27738,114.175148,7.0,6.0,20.0
"Grand Plaza Office Tower, Two",MONG KOK / TAI KOK TSUI,23450,670,23450,35,22.3198474,114.1620857,0.0,6.0,20.0
Fortune Centre,CAUSEWAY BAY,23436,837,23436,28,22.2793705,114.1844343,8.0,14.0,20.0
East Ocean Centre,TSIM SHA TSUI,23328,972,23328,24,22.3003823,114.1777233,1.0,7.0,20.0
Cambridge House,TSIM SHA TSUI,23184,828,23184,28,22.2989553,114.1743044,4.0,6.0,20.0
Cambridge House,TSIM SHA TSUI,23184,828,23184,28,22.2989553,114.1743044,4.0,6.0,20.0
Millennium City 1 - Tower 01,KWUN TONG,23139,857,23139,27,22.3136835,114.2212449,1.0,3.0,20.0
Ocean Centre,TSIM SHA TSUI,23070,769,23070,30,22.296249,114.1689005,0.0,6.0,16.0
Wilson House,CENTRAL,23040,720,23040,32,22.2804986,114.1557097,19.0,11.0,20.0
Plaza 2000,CAUSEWAY BAY,23037,1006,23037,22,22.2786238,114.1816028,7.0,15.0,20.0
Ocean Centre,TSIM SHA TSUI,23033,743,23033,31,22.296249,114.1689005,0.0,6.0,16.0
Toi Shan Association Building,WAN CHAI,23005,1077,23005,21,22.2779264,114.173808,6.0,6.0,20.0
Toi Shan Association Building,WAN CHAI,23005,1077,23005,21,22.2779264,114.173808,6.0,6.0,20.0
Toi Shan Association Building,WAN CHAI,23005,1077,23005,21,22.2779264,114.173808,6.0,6.0,20.0
Dominion Centre,WAN CHAI,23005,754,23005,30,22.2764258,114.1692496,2.0,11.0,20.0
ZJ 300,WAN CHAI,23004,1064,23004,21,22.276022,114.1751471,2.0,2.0,12.0
Toi Shan Centre,WAN CHAI,23004,655,23004,35,22.2764477,114.1734765,2.0,5.0,20.0
Toi Shan Centre,WAN CHAI,23004,655,23004,35,22.2764477,114.1734765,2.0,5.0,20.0
Kai Kwong House,CENTRAL,23002,828,23002,27,22.2806851,114.1559712,16.0,13.0,20.0
Dominion Centre,WAN CHAI,23001,945,23001,24,22.2764258,114.1692496,2.0,11.0,20.0
"Hillwood Road, 23",TSIM SHA TSUI,23001,980,23001,23,22.302801,114.1732923,14.0,2.0,20.0
Loon Kee Building,SHEUNG WAN,23000,800,23000,28,22.2867674,114.1518339,9.0,5.0,20.0
Loon Kee Building,SHEUNG WAN,23000,800,23000,28,22.2867674,114.1518339,9.0,5.0,20.0
Centre Mark II,SHEUNG WAN,22998,819,22998,28,22.2853198,114.1503378,11.0,20.0,20.0
Toi Shan Centre,WAN CHAI,22997,655,22997,35,22.2764477,114.1734765,2.0,5.0,20.0
Mirror Tower,TSIM SHA TSUI,22997,650,22997,35,22.297553,114.176456,1.0,3.0,20.0
Lee West Commercial Building,WAN CHAI,22925,917,22925,25,22.2790815,114.1798681,6.0,1.0,20.0
Lee West Commercial Building,WAN CHAI,22925,917,22925,25,22.2790815,114.1798681,6.0,1.0,20.0
Lee West Commercial Building,WAN CHAI,22925,917,22925,25,22.2790815,114.1798681,6.0,1.0,20.0
Omega Plaza,MONG KOK / TAI KOK TSUI,22880,880,22880,26,22.3198474,114.1620857,0.0,6.0,20.0
SoHo 77,SHEUNG WAN,22803,648,22803,35,22.285983,114.15163,20.0,10.0,20.0
Tai Sang Bank Building,SHEUNG WAN,22802,810,22802,28,22.2863943,114.1491375,5.0,3.0,20.0
Austin Tower,TSIM SHA TSUI,22770,1035,22770,22,22.3029565,114.1752316,0.0,5.0,20.0
Dominion Centre,WAN CHAI,22680,945,22680,24,22.2764258,114.1692496,2.0,11.0,20.0
Aveny,CENTRAL,22630,730,22630,31,49.1649389,1.660019,0.0,0.0,0.0
C C Wu Building,WAN CHAI,22624,808,22624,28,22.2777777,114.1778408,6.0,6.0,20.0
C C Wu Building,WAN CHAI,22624,808,22624,28,22.2777777,114.1778408,6.0,6.0,20.0
C C Wu Building,WAN CHAI,22624,808,22624,28,22.2777777,114.1778408,6.0,6.0,20.0
C C Wu Building,WAN CHAI,22624,808,22624,28,22.2777777,114.1778408,6.0,6.0,20.0
C C Wu Building,WAN CHAI,22624,808,22624,28,22.2777777,114.1778408,6.0,6.0,20.0
C C Wu Building,WAN CHAI,22624,808,22624,28,22.2777777,114.1778408,6.0,6.0,20.0
C C Wu Building,WAN CHAI,22624,808,22624,28,22.2777777,114.1778408,6.0,6.0,20.0
Wilson House,CENTRAL,22605,685,22605,33,22.2804986,114.1557097,19.0,11.0,20.0
Hang Lung Centre,CAUSEWAY BAY,22600,452,22600,50,22.2802143,114.1859353,5.0,3.0,20.0
Capitol Centre - Block 2,CAUSEWAY BAY,22591,779,22591,29,22.279725,114.1845751,7.0,17.0,20.0
Mirror Tower,TSIM SHA TSUI,22576,680,22576,33,22.297553,114.176456,1.0,3.0,20.0
Way On Commercial Building,CAUSEWAY BAY,22568,806,22568,28,22.280947,114.1831756,4.0,20.0,20.0
HK Chinese Bank (CWB) Centre,CAUSEWAY BAY,22500,900,22500,25,22.2859787,114.1914919,3.0,5.0,20.0
135 Bonham Strand Trade Centre,SHEUNG WAN,22496,963,22496,23,22.2866777,114.1493908,6.0,2.0,20.0
YF Life Centre,WAN CHAI,22480,562,22480,40,22.279064,114.1693057,0.0,0.0,2.0
Nanyang Plaza,KWUN TONG,22262,1649,22262,13,22.3105861,114.2229821,7.0,4.0,20.0
China Insurance Building,TSIM SHA TSUI,22232,794,22232,28,22.2991175,114.1750077,2.0,5.0,20.0
Omega Plaza,MONG KOK / TAI KOK TSUI,22230,855,22230,26,22.3198474,114.1620857,0.0,6.0,20.0
299QRC,SHEUNG WAN,22204,793,22204,28,22.2849577,114.150647,9.0,20.0,20.0
"Jordan Road, 8",JORDAN,22204,793,22204,28,22.3055521,114.1725913,0.0,1.0,18.0
"Jordan Road, 8",JORDAN,22204,793,22204,28,22.3055521,114.1725913,0.0,1.0,18.0
"Jordan Road, 8",JORDAN,22204,793,22204,28,22.3055521,114.1725913,0.0,1.0,18.0
Arion Commercial Centre,SHEUNG WAN,22200,888,22200,25,22.2863187,114.1483711,2.0,5.0,20.0
Lee & Man Commercial Center,NORTH POINT,22195,965,22195,23,22.287503,114.191589,4.0,6.0,20.0
Bartlock Centre,CAUSEWAY BAY,22020,734,22020,30,22.2777039,114.1821166,13.0,20.0,20.0
Wing Kwok Centre,JORDAN,22007,863,22007,25,22.3036104,114.1703287,3.0,7.0,20.0
Java Commercial Centre,NORTH POINT,22004,1092,22004,20,22.2922171,114.2004585,3.0,1.0,20.0
Tung Yiu Commercial Building,CENTRAL,22001,781,22001,28,22.280225,114.155319,10.0,10.0,20.0
Henan Building,WAN CHAI,22000,1000,22000,22,22.2784926,114.1715012,3.0,6.0,20.0
"Queen's Road East, 23",WAN CHAI,22000,1000,22000,22,22.2769827,114.1685353,4.0,12.0,20.0
"Queen's Road East, 23",WAN CHAI,22000,1000,22000,22,22.2769827,114.1685353,4.0,12.0,20.0
Times Media Centre,WAN CHAI,22000,1000,22000,22,22.2766702,114.1760788,6.0,5.0,20.0
Well On Commercial Building,CENTRAL,22000,485,22000,45,22.2819991,114.1551885,20.0,13.0,20.0
Well On Commercial Building,CENTRAL,22000,485,22000,45,22.2819991,114.1551885,20.0,13.0,20.0
Well On Commercial Building,CENTRAL,22000,485,22000,45,22.2819991,114.1551885,20.0,13.0,20.0
Chun Wo Commercial Centre,SHEUNG WAN,21998,1071,21998,20,22.2852909,114.1539422,6.0,11.0,20.0
Richmake Commercial Building,SHEUNG WAN,21997,774,21997,28,22.2863943,114.1491375,5.0,3.0,20.0
Southgate Commercial Centre,TSIM SHA TSUI,21945,665,21945,33,22.3001688,114.1739528,7.0,5.0,20.0
Wing Kwok Centre,JORDAN,21905,859,21905,25,22.3036104,114.1703287,3.0,7.0,20.0
Wing Kwok Centre,JORDAN,21905,859,21905,25,22.3036104,114.1703287,3.0,7.0,20.0
Ocean Building,JORDAN,21900,876,21900,25,22.3049519,114.1693183,1.0,1.0,20.0
Lucky Centre,WAN CHAI,21897,811,21897,27,22.2768993,114.1770513,2.0,4.0,20.0
"Chinachem Exchange Square, Two",NORTH POINT,21868,994,21868,22,22.2903966,114.1974685,3.0,0.0,10.0
"Heung Yip Road, 41",WONG CHUK HANG,21840,1040,21840,21,22.2477698,114.1632639,4.0,2.0,3.0
Omega Plaza,MONG KOK / TAI KOK TSUI,21814,839,21814,26,22.3198474,114.1620857,0.0,6.0,20.0
Capitol Centre - Block 2,CAUSEWAY BAY,21812,779,21812,28,22.279725,114.1845751,7.0,17.0,20.0
Tern Plaza,TSIM SHA TSUI,21792,681,21792,32,22.2988487,114.1727786,5.0,6.0,20.0
Tern Plaza,TSIM SHA TSUI,21792,681,21792,32,22.2988487,114.1727786,5.0,6.0,20.0
Star House,TSIM SHA TSUI,21775,871,21775,25,22.2946183,114.1691682,0.0,4.0,20.0
The Workstation,CENTRAL,21728,776,21728,28,10.8017589,106.7135357,0.0,18.0,9.0
The Workstation,CENTRAL,21728,776,21728,28,10.8017589,106.7135357,0.0,18.0,9.0
Bangkok Bank Building,SHEUNG WAN,21620,940,21620,23,22.286607,114.1487952,5.0,3.0,20.0
Ritz Plaza,JORDAN,21600,864,21600,25,30.585164,36.238414,2.0,20.0,20.0
Ritz Plaza,JORDAN,21600,864,21600,25,30.585164,36.238414,2.0,20.0,20.0
Winfield Commercial Building,TSIM SHA TSUI,21570,719,21570,30,22.2986137,114.1742646,10.0,6.0,20.0
OfficePlus @Sheung Wan,SHEUNG WAN,21502,446,21502,48,22.2860162,114.1516854,18.0,9.0,20.0
Bonham Centre,SHEUNG WAN,21500,860,21500,25,22.2860488,114.1515896,20.0,10.0,20.0
Bonham Centre,SHEUNG WAN,21500,860,21500,25,22.2860488,114.1515896,20.0,10.0,20.0
Energy Plaza,TSIM SHA TSUI,21500,860,21500,25,22.2999261,114.1767262,0.0,2.0,11.0
Haleson Building,SHEUNG WAN,21497,700,21497,30,22.2863943,114.1491375,5.0,3.0,20.0
"Hart Avenue, 8",TSIM SHA TSUI,21398,823,21398,26,22.2981888,114.1746715,8.0,4.0,20.0
Easey Commercial Building,WAN CHAI,21384,792,21384,27,22.2781617,114.1763439,5.0,3.0,20.0
Well View Commercial Building,SHEUNG WAN,21344,928,21344,23,22.2860018,114.1502093,13.0,12.0,20.0
Well View Commercial Building,SHEUNG WAN,21344,928,21344,23,22.2860018,114.1502093,13.0,12.0,20.0
Well View Commercial Building,SHEUNG WAN,21344,928,21344,23,22.2860018,114.1502093,13.0,12.0,20.0
Well View Commercial Building,SHEUNG WAN,21344,928,21344,23,22.2860018,114.1502093,13.0,12.0,20.0
Well View Commercial Building,SHEUNG WAN,21344,928,21344,23,22.2860018,114.1502093,13.0,12.0,20.0
Well View Commercial Building,SHEUNG WAN,21344,928,21344,23,22.2860018,114.1502093,13.0,12.0,20.0
K Wah Centre,NORTH POINT,21280,1064,21280,20,22.2932357,114.2047775,0.0,2.0,0.0
Easey Commercial Building,WAN CHAI,21276,788,21276,27,22.2781617,114.1763439,5.0,3.0,20.0
Easey Commercial Building,WAN CHAI,21276,788,21276,27,22.2781617,114.1763439,5.0,3.0,20.0
Empress Plaza,TSIM SHA TSUI,21252,759,21252,28,22.2971872,114.1752404,4.0,2.0,20.0
Wing On Cheong Building,SHEUNG WAN,21201,817,21201,25,22.285674,114.1537514,5.0,11.0,20.0
Fortress Tower,NORTH POINT,21063,1239,21063,17,22.2887539,114.1942602,6.0,2.0,20.0
Multifield Plaza,TSIM SHA TSUI,21003,638,21003,32,22.2983375,114.1743575,9.0,4.0,20.0
Cameron Commercial Centre,CAUSEWAY BAY,21001,613,21001,34,22.2795173,114.1822096,12.0,11.0,20.0
"Sea View Estate, Block B",NORTH POINT,21000,1253,21000,16,22.2873828,114.1910307,3.0,4.0,16.0
"Sea View Estate, Block B",NORTH POINT,21000,1253,21000,16,22.2873828,114.1910307,3.0,4.0,16.0
"Sea View Estate, Block B",NORTH POINT,21000,1253,21000,16,22.2873828,114.1910307,3.0,4.0,16.0
Centre Mark II,SHEUNG WAN,21000,835,21000,25,22.2853198,114.1503378,11.0,20.0,20.0
Fortune House,CENTRAL,21000,600,21000,35,22.2854027,114.1556704,4.0,8.0,20.0
Fortune House,CENTRAL,21000,600,21000,35,22.2854027,114.1556704,4.0,8.0,20.0
Cameron Commercial Centre,CAUSEWAY BAY,20997,588,20997,35,22.2795173,114.1822096,12.0,11.0,20.0
China Insurance Building,TSIM SHA TSUI,20888,746,20888,28,22.2991175,114.1750077,2.0,5.0,20.0
"Heung Yip Road, 41",WONG CHUK HANG,20800,1040,20800,20,22.2477698,114.1632639,4.0,2.0,3.0
Austin Plaza,JORDAN,20664,738,20664,28,22.3033986,114.1710135,4.0,2.0,20.0
China Insurance Building,TSIM SHA TSUI,20636,737,20636,28,22.2991175,114.1750077,2.0,5.0,20.0
Wah Kit Commercial Centre,SHEUNG WAN,20602,870,20602,23,22.2866553,114.1508663,11.0,6.0,20.0
Easey Commercial Building,WAN CHAI,20574,762,20574,27,22.2781617,114.1763439,5.0,3.0,20.0
Capitol Centre - Block 1,CAUSEWAY BAY,20570,605,20570,34,22.279725,114.1845751,7.0,17.0,20.0
Blissful Building,SHEUNG WAN,20498,720,20498,28,22.2866586,114.1523939,10.0,6.0,20.0
Wharf T & T Centre,TSIM SHA TSUI,20387,703,20387,29,22.2970382,114.1686482,0.0,8.0,20.0
"Chinachem Exchange Square, Two",NORTH POINT,20309,883,20309,23,22.2903966,114.1974685,3.0,0.0,10.0
Shiu Fung Hong Building,SHEUNG WAN,20240,920,20240,22,22.2878019,114.1480606,2.0,3.0,17.0
Morrison Plaza,WAN CHAI,20217,879,20217,23,22.2778813,114.1800469,5.0,5.0,20.0
Prosperity Millennia Plaza,NORTH POINT,20181,961,20181,21,22.2916983,114.2081683,1.0,1.0,5.0
Far East Consortium Building,SHEUNG WAN,20152,916,20152,22,22.2863943,114.1491375,5.0,3.0,20.0
Easey Commercial Building,WAN CHAI,20115,745,20115,27,22.2781617,114.1763439,5.0,3.0,20.0
Hanford Commercial Centre,JORDAN,20064,528,20064,38,22.3038952,114.1714619,4.0,3.0,20.0
Eton Building,SHEUNG WAN,20003,790,20003,25,22.2866054,114.1511878,15.0,7.0,20.0
Prosperous Commercial Building,CAUSEWAY BAY,20002,584,20002,34,22.2793349,114.1858059,8.0,3.0,20.0
Mirror Tower,TSIM SHA TSUI,20001,590,20001,33,22.297553,114.176456,1.0,3.0,20.0
Glory Centre,TSIM SHA TSUI,20000,766,20000,26,22.3025871,114.1725604,10.0,7.0,20.0
New East Ocean Centre,TSIM SHA TSUI,19950,700,19950,28,22.3015123,114.1789922,0.0,1.0,12.0
299QRC,SHEUNG WAN,19494,722,19494,27,22.2849577,114.150647,9.0,20.0,20.0
Well View Commercial Building,SHEUNG WAN,19488,928,19488,21,22.2860018,114.1502093,13.0,12.0,20.0
Arion Commercial Centre,SHEUNG WAN,18900,756,18900,25,22.2863187,114.1483711,2.0,5.0,20.0
Plaza 2000,CAUSEWAY BAY,18210,607,18210,30,22.2786238,114.1816028,7.0,15.0,20.0
Yam Tze Commercial Building,WAN CHAI,17460,873,17460,20,22.277193,114.171067,5.0,4.0,20.0
CS Tower,SHEUNG WAN,16380,630,16380,26,22.2862922,114.1518242,15.0,7.0,20.0